,Trial index,Stim frequency,Stim AM rate,Category,Response,Task,Right licks,Left licks,Choice rate,dprimes,Timeline events,Flagged,Easy
0,0.0,3000.0,0.0,-1,-1,0,"[False False False False False False False False False False False False
 False False False False False False False False False False False False
 False False False False False False False False False False False False
 False False False False False False False False False False False False
 False False False False False False False False False False False False
 False False False False False False False]","[False False False False False False False False False False False False
 False False False False False False  True False False False False False
 False False False False False False False False  True False False False
 False  True False False False  True False False False False False False
 False False False False False False False False False False False False
 False False False False False False False]","[0, 0, 0]","[0, 0]",0,False,False
1,1.0,3000.0,0.0,-1,-1,0,"[False False False False False False False False False False False False
 False False False False False False False False False False False False
 False False False False False False False False False False False False
 False False False False False False False False False False False False
 False False False  True False False False False False False False False
 False False False False False False False]","[False False  True False False False  True  True False False False False
 False False False False False False False False  True False False False
 False False False False False False  True False False False False False
 False False False False False False False False False False False False
 False False False False False False False False False False False False
 False False False False False False False]","[0.0, 1.0, 0.0]","[0.0, nan]",0,False,False
2,2.0,6000.0,0.0,-1,-1,0,"[False False False False False False False False False False False False
 False False False False False False False False False False False False
 False False False False False False False False False False False False
 False False False False False False False  True False False False False
 False False False False False False False False False False False  True
 False False False False False False False]","[False False False False False False  True False False False  True False
 False False False False False False False False  True False False False
  True False False False False False False False False False False False
 False False False False False False False  True False False False False
  True False False False False False False  True False False False False
 False False False False  True False False]","[0.0, 1.0, 0.0]","[0.0, nan]",0,False,False
3,3.0,750.0,0.0,1,-1,0,"[False False False False False False False False False False False False
 False False False False False False False False False False False False
 False False False False False False False False False False False False
 False False False False False False False False False False False False
 False False False False False False False False False False False False
 False False False False False False False]","[False False False False False False False False False False False False
 False False False False False False False False False False False False
 False False False False False False False False False False False False
 False False False False False False False False False False False False
 False  True False False False  True  True False False False False False
 False False False False False False False]","[0.0, 1.0, 0.0]","[0.0, nan]",0,False,False
4,4.0,1500.0,0.0,1,-1,0,"[False False False False False False False False False False False False
 False False False False False False False False False False False False
 False False False False False False False False False False False False
 False False False False False False False False False False False False
 False False False False False False False False False False False False
 False False False False False False False]","[False False False False False False False False  True  True False False
 False False False False False False False False False False False False
 False False False False False False False False False False False False
 False False False False False False False False False False False False
 False False False False False False False False False False False False
 False False False False False False False]","[0.0, 1.0, 0.0]","[0.0, 1.3489755673346382]",0,False,False
5,5.0,750.0,0.0,1,-1,0,"[False False False False False False False False False False False False
 False False False False False False False False False False False False
 False False False False False False False False False False False False
 False False False False False False False False False False False False
 False False False False False False False False False False False False
 False False False False False False False]","[False False False False False False  True False False False False False
 False False False False False False False False False False False False
 False False False False False False False False False False False False
 False False False False False False False False False False False False
 False False False False False False False False False False False False
 False False False False False  True False]","[0.0, 1.0, 0.0]","[0.0, 0.5066931710605553]",0,False,False
6,5.0,750.0,0.0,1,-1,0,"[False False False False False False False False False False False False
 False False False False False False False False False False False False
 False False False False False False False False False False False False
 False False False False False False False False False False False False
 False False False False False False False False False False False False
 False False False False False False False]","[False  True False False False False  True False False False False False
 False False False False False False False False False False False False
 False False False False False False False False False False False False
 False False False False False False False False False False False False
 False False False False False False False False False False False False
 False False False False False False False]","[0.0, 1.0, 0.0]","[0.0, 0.0]",0,False,False
7,5.0,750.0,0.0,1,-1,0,"[False False False False False False False False False False False False
 False False False False False False False False False False False False
 False False False False False False False False False False False False
 False False False False False False False False False False False False
 False False False False False False False False False False False False
 False False False False False False False]","[False False False False False  True  True False False False False False
 False False False False False False False False  True  True False False
 False False False False False False False False False False False  True
  True False False False False False False False False False False False
 False False  True  True False False False False False False False False
 False False False False False False False]","[0.0, 1.0, 0.0]","[0.0, -0.36002421977424204]",0,False,False
8,6.0,750.0,0.0,1,1,0,"[False  True  True False False False  True False False False False False
 False False False  True False False False  True False False False  True
 False False False False  True False False False False False False False
 False False False False False  True False False False False False False
 False False False False  True False False False False False False False
 False False False False False False False]","[False False False False False False False  True False False False  True
 False False False False False False False False False False False False
 False False False False False False False False False False False False
 False False False False False False False False False False False False
 False False False False False False False False False False False False
 False False False False False False False]","[0.0, 1.0, 0.0]","[0.0, -0.6372779040108865]",0,False,False
9,7.0,3000.0,0.0,-1,-1,0,"[False False False False False False False False False False False False
 False False False False False False False False False False False False
 False False False False False False False False False False  True False
 False False False False False False False False False False False False
 False False False False False False False False False  True False False
 False False False False False False False]","[False False False False False False False False False False False False
 False False False  True False False False False  True False False False
 False False  True False False False  True False False False  True False
 False False  True False False False False  True False False False False
 False False False False False False False False False  True False False
 False False False  True False False False]","[0.1111111111111111, 0.8888888888888888, 0.0]","[nan, -0.6372779040108865]",0,False,False
10,8.0,6000.0,0.0,-1,-1,0,"[False False False False False False False False False False False False
 False False False False False False False False False False False False
 False False False False False False False False False False False False
 False False False False False False False False False False False False
 False False False  True False False False False False False False False
 False False False False False False False]","[False  True False False False False False False False False False False
  True False False False False False False False False  True False False
 False False  True False False False False False False False  True False
 False False False False  True False False False  True False False False
 False False False  True False False False  True False False False False
  True False False False False False False]","[0.1, 0.9, 0.0]","[nan, -0.2794202853486787]",0,False,False
11,9.0,6000.0,0.0,-1,-1,0,"[False False False False False False False False False False False False
 False False False False False False False False False False False False
 False False False False False False False False False False False False
 False  True False False False False False False False False  True False
 False False False False False False False False False False False False
 False False False False False False False]","[False False False  True False False False False  True False False False
 False  True False False False  True False False False False  True False
 False False  True False False False False  True False False False False
 False  True False False False False  True False False False  True False
 False False False False  True False False False  True  True False False
 False False False  True False False False]","[0.09090909090909091, 0.9090909090909091, 0.0]","[nan, 0.0]",0,False,False
12,10.0,1500.0,0.0,1,-1,0,"[False False False False False False False False False False False False
 False False False False False False False False False False False False
 False False False False False False False False False False False False
 False False False False False False False False False False False False
 False False False False False False False False False False False False
 False False False False False False False]","[False False False False False False False  True False False False  True
  True False False False False False False False False False False False
 False False False False False False False False False False False False
 False False False False False False False False False False False False
 False False False False False False False False False False False False
 False False False False False False False]","[0.08333333333333333, 0.9166666666666666, 0.0]","[nan, 0.2283703801950016]",0,False,False
13,10.0,1500.0,0.0,1,-1,0,"[False False False False False False False False False False False False
 False False False False False False False False False False False False
 False False False False False False False False False False False False
 False False False False False False False False False False False False
 False False False False False False False False False False False False
 False False False False False False False]","[False False False  True False False False  True  True False False False
 False False False False False False False False False False False False
 False False False False False False False False False False False False
 False False False False False False False False False False False False
 False False False False False False False False False False False False
 False False False False False False False]","[0.07692307692307693, 0.9230769230769231, 0.0]","[nan, 0.0]",0,False,False
14,11.0,1500.0,0.0,1,-1,0,"[False False False False False False False False False False False False
 False False False False False False False False False False False False
 False False False False False False False False False False False False
 False False False False False False False False False False False False
 False False False False False False False False False False False False
 False False False False False False False]","[False False False False False False False False False  True False False
 False False  True False False False False False False False False False
 False False False False False False False False False False False False
 False False False False False False False False False False False False
 False False False False False False False False False False False False
 False False False False False False False]","[0.07142857142857142, 0.9285714285714286, 0.0]","[nan, -0.1931170816217559]",0,False,False
15,12.0,1500.0,0.0,1,1,0,"[False False False  True False False False  True False False False False
 False False False False False False False False False  True False False
 False  True False False False  True False False False False False False
 False False False False False False False False False False False False
 False  True False False False  True False False False False False False
 False False False False False False False]","[False False False False False False False False False False False False
 False False False False  True False False False  True False False False
 False False False False False False False False False False False False
 False False False False False False False False False False False False
 False  True False False False False False False False False False False
 False False False False False False False]","[0.06666666666666667, 0.9333333333333333, 0.0]","[nan, -0.3600244797379033]",0,False,False
16,13.0,3000.0,0.0,-1,1,0,"[False False False False False False False False False False False False
 False False False False False False False False False False False  True
 False False False  True False False False False False False False False
 False False False False False False False False False False False False
 False False False False False False False False False False False False
 False False False False False False False]","[False False False False False False False False False False False False
 False False False False False False False False False False False False
 False False False False False False False False False False False False
 False False False False False False False False False False False False
 False False False False False False False False False False False False
 False False False False False False False]","[0.125, 0.875, 0.0]","[nan, -0.3600244797379033]",0,False,False
17,13.0,3000.0,0.0,-1,-1,0,"[False False False False False False False False False False False False
 False False False False False False False False False False False False
 False False False False False False False False False False False False
 False False False False False False False False False False False  True
 False False False False False False  True False False False False False
 False False False False False False False]","[False False False False False False False  True False False False False
 False False False False  True False False False False False  True False
 False False False False False False False False False False  True False
 False False False  True False False False False False False False  True
 False False False False False False False False False False  True False
 False False False False False  True False]","[0.17647058823529413, 0.8235294117647058, 0.0]","[0.8614515429653226, -0.3600244797379033]",0,False,False
18,14.0,6000.0,0.0,-1,1,0,"[False  True False False False False False False False False False  True
 False False False False False False False False False False False False
 False False False False False False False False False False False False
 False False False False False False False False False False False False
 False False False False False False False False False False False False
 False False False False False False False]","[False False False False False False False False False False False False
 False False False False False False False False False False False False
 False False False False False False False False False False False False
 False False False False False False False False False False False False
 False False False False False False False False False False False False
 False False False False False False False]","[0.16666666666666666, 0.8333333333333334, 0.0]","[0.8614515429653226, -0.16730335606762126]",0,False,False
19,14.0,6000.0,0.0,-1,0,0,"[False False False False False False False False False False False False
 False False False False False False False False False False False False
 False False False False False False False False False False False False
 False False False False False False False False False False False False
 False False False False False False False False False False False False
 False False False False False False False]","[False False False False False False False False False False False False
 False False False False False False False False False False False False
 False False False False False False False False False False False False
 False False False False False False False False False False False False
 False False False False False False False False False False False False
 False False False False False False False]","[0.21052631578947367, 0.7894736842105263, 0.0]","[0.0, -0.16730335606762126]",0,False,False
20,15.0,750.0,0.0,1,1,0,"[False False False  True False False False False  True False False False
 False  True False False False  True False False False  True False False
 False  True False False False False False False False False False False
  True False False False False  True False False False  True  True False
 False False False False  True False False False False False  True  True
 False False False  True False False False]","[False False False False False False False False False False False False
 False False False False False False False False False False False False
 False  True False False False False False False False False False False
 False False False False False False False False False False False False
 False False False False False False False False False False False False
 False False False False False False False]","[0.2, 0.75, 0.05]","[0.0, -0.16730335606762126]",0,False,False
21,16.0,6000.0,0.0,-1,1,0,"[False False False  True False False False False  True False False False
 False False False False False False False False False False False False
 False False False False False False False False False False False False
 False False False False False False False False False False False False
 False False False False False False False False False False False False
 False False False False False False False]","[False False False False False False False False False False False False
 False False False False False False False False False False False False
 False False False False False False False False False False False False
 False False False False False False False False False False False False
 False False False False False False False False False False False False
 False False False False False False False]","[0.23809523809523808, 0.7142857142857143, 0.047619047619047616]","[0.5066931710605553, -0.16730335606762126]",0,False,False
22,17.0,3000.0,0.0,-1,1,0,"[False False  True False False False False False False False False False
 False False False False False  True False False False False False False
 False False False False False False False False False False False False
 False False False False False False False False False False False False
 False False False False False False False False False False False False
 False False False False False False False]","[False False  True False False False False False False False False False
 False False False False False False False False False False False False
 False False False False False False False False False False False False
 False False False False False False False False False False False False
 False False False False False False False False False False False False
 False False False False False False False]","[0.2727272727272727, 0.6818181818181818, 0.045454545454545456]","[0.0, -0.16730335606762126]",0,False,False
23,17.0,3000.0,0.0,-1,1,0,"[False False False  True False False False  True  True False False False
 False False False False False False False False False False False False
 False False False False False False False False False False False False
 False False False False False False False False False False False False
 False False False False False False False False False False False False
 False False False False False False False]","[False False False False False False False False False False False False
 False False False False False False False False False False False False
 False False False False False False False False False False False False
 False False False False False False False False False False False False
 False False False False False False False False False False False False
 False False False False False False False]","[0.30434782608695654, 0.6521739130434783, 0.043478260869565216]","[-0.36002421977424204, -0.16730335606762126]",0,False,False
24,17.0,3000.0,0.0,-1,-1,0,"[False False False False False False False False False False False False
 False False False False False False False False False False False False
 False False False False False False False False False False False False
 False False False False False False False False False False False False
 False False False False False False False False False False False False
 False False False False False False False]","[False False False  True False False False False False False False False
 False False False False False False False False False False False False
 False False False False False False False False False False False False
  True False False False False False  True False False False  True False
 False False False False False False False  True False False False  True
 False False False False False False False]","[0.3333333333333333, 0.625, 0.041666666666666664]","[-0.6372779040108865, -0.16730335606762126]",0,False,False
25,18.0,750.0,0.0,1,-1,0,"[False False False False False False False False False False False False
 False False False False False False False False False False False False
 False False False False False False False False False False False False
 False False False False False False False False False False False False
 False False False False False False False False False False False False
 False False False False False False False]","[False False False False False False False False False False  True False
 False False False False False False False False  True False False False
 False False False False False False False False False False False False
 False False False False False False False False False False False False
 False False False False False False False False False False False False
 False False False False False False False]","[0.32, 0.64, 0.04]","[-0.6372779040108865, 0.0]",0,False,False
26,18.0,750.0,0.0,1,1,0,"[False False False False False False False False False False False False
 False False False False False  True False False False False  True False
 False False False False  True False False False  True False False False
  True False False False False False False False False False False False
 False False False False False False  True False False False False False
  True  True False False False  True False]","[False False False False False False False False False False False False
 False False False False False False False False False False False False
 False False False  True  True False False False False False False  True
  True False False False False False False False False False False False
 False False False False False False False False False False False False
 False False False False False False False]","[0.32, 0.64, 0.04]","[-0.6372779040108865, -0.31462117104709175]",0,False,False
27,19.0,750.0,0.0,1,1,0,"[False False  True  True False False False False  True False False False
  True False False False  True False False False False False False False
 False  True False False False False False  True False False False  True
 False False False False False False  True False False False False False
 False False False False False False False False False False False False
 False False False False False False False]","[False False False False False False False False False False False False
 False False False False False False False False  True False False False
 False  True False False False False False  True False False False  True
 False False False False False  True  True False False False False False
 False False False False False False False False False False False False
 False False False False False False False]","[0.36, 0.6, 0.04]","[-0.2794202853486787, -0.5066938613135554]",0,False,False
28,20.0,750.0,0.0,1,1,0,"[False False False False  True False False False  True  True False False
 False False  True False False False  True False False False  True False
 False False  True False False False False False False False False False
 False  True False False False  True False False False  True False False
 False False False False  True False False False False False False False
 False False False False False False False]","[False False False False False False False False False False False False
 False False False False False False False False False False False False
 False False False False False False False False False False False False
 False False False False False False False False False False False False
 False False False False False False False False False False False False
 False False False False False False False]","[0.4, 0.56, 0.04]","[0.0, -0.7322121668315051]",0,False,False
29,21.0,6000.0,0.0,-1,1,0,"[False False False False False False False False False False False False
 False False False False False False False False False  True False False
 False False  True False False False False False False False False False
 False False False False False False False False False False False False
 False False False False False False False False False False False False
 False False False False False False False]","[False False False False False False False False False False False False
 False False False False False False False False False False False False
 False False False False False False False False False False False False
 False False False False False False False False False False False False
 False False False False False False False False False False False False
 False False False False False False False]","[0.44, 0.52, 0.04]","[0.2283703801950016, -0.5867619998972957]",0,False,False
30,21.0,6000.0,0.0,-1,-1,0,"[False False False False False False False False False False False False
 False False False False False False False False False False False  True
 False False False  True False False False False False False False False
 False False False False False False False False False False False False
 False False False False False False False False False False False False
 False False False False False False False]","[False False False False  True False False False False  True False False
 False False  True False False False False False False False False False
 False False False  True False False False False  True False False False
 False False False False False False False False False False False False
 False False False  True False False False False False False False False
 False False  True False False False False]","[0.48, 0.48, 0.04]","[0.0, -0.42085643268640105]",0,False,False
31,22.0,1500.0,0.0,1,1,0,"[False False False False False False False False False False False False
 False False False False False False False False False False False  True
 False False False False  True False False False False  True False False
 False  True False False False False  True False False False  True False
 False False False  True False False False False False False False False
 False False False False False False False]","[False False False False False False False False False False False False
 False False False False False False False False False False False False
 False False False False False False False False False False False False
 False False False False False False False False False False False False
 False False False False False False False False False False False False
 False False False False False False False]","[0.48, 0.48, 0.04]","[0.0, 0.0]",0,False,False
32,23.0,1500.0,0.0,1,1,0,"[False False False False  True False False False False  True False False
 False False  True False False False  True False False False False  True
 False False False  True False False False  True False False False False
 False  True False False False  True False False False False False  True
  True False False False  True  True False False False  True False False
 False False False False False False False]","[False False False False False False False False False False False False
 False False  True False False False  True False False False False False
 False False False False False False False False False False False False
 False False False False False False False False False False False False
 False False False False False False False False False  True False False
 False False False False False False False]","[0.52, 0.44, 0.04]","[0.1931170816217559, 0.2283703801950016]",0,False,False
33,24.0,750.0,0.0,1,1,0,"[False  True False False False False  True False False False False False
 False False False False False False False False  True False False False
  True False False False  True  True False False False False False  True
 False False False  True False False False False  True  True False False
 False False False False False False False False False False False False
 False False False False False False False]","[False False False False False False False False False False False False
 False False False  True False False False False False False False False
  True False False False False False False False False False False False
 False False False False False False False False False False False False
 False False False False False False False False False False False False
 False False False False False False False]","[0.56, 0.4, 0.04]","[0.3600244797379033, 0.5066936887499858]",0,False,False
34,25.0,6000.0,0.0,-1,-1,0,"[False False False False False False False False False False False False
 False False False False False False False False False False False False
 False False False False False False False False False False False False
 False False False False  True False False False  True False False False
 False False False False False False False False False False False False
 False False False False False False False]","[False False False False False False False False False False False False
 False False False False False False False False False  True False False
 False  True False False False False False False False False False False
 False False False False  True False False False False False False False
 False  True False False False False False False False False False  True
 False False False False  True False False]","[0.56, 0.4, 0.04]","[0.3600244797379033, 0.5066936887499858]",0,False,False
35,26.0,3000.0,0.0,-1,-1,0,"[False False False False False False False False False False False False
 False False False False False False False False False False False False
 False False False False False False False False False  True False False
 False False False False False False False False False False False False
  True False False False False False False False False False False False
 False False False False False False False]","[False False False False False False False False False False False False
 False False  True False False False False  True False False False False
 False False False False False False False False False  True False False
 False  True False False False  True False False False False False False
  True False False False False False False False False False False  True
 False False False False False False False]","[0.56, 0.4, 0.04]","[0.3600244797379033, 0.5066936887499858]",0,False,False
36,27.0,6000.0,0.0,-1,-1,0,"[False False False False False  True False False False False False False
 False False False False False False False  True False False False False
 False False False False False False False False False False False False
 False False False False False False False False False False False False
 False False False False False False False False False False False False
 False False False False False False False]","[False False False False False  True  True False False False  True False
 False False False  True False False False False False False False False
 False False False False False False False False False False False  True
 False False False False False False False  True False False False False
 False False  True False False False  True False False False False  True
 False False False False False False  True]","[0.56, 0.4, 0.04]","[0.3600244797379033, 0.5066936887499858]",0,False,False
37,28.0,1500.0,0.0,1,-1,0,"[False False False False False False False False False False False False
 False False False False False False False False False False False False
 False False False False False False False False False False False False
 False False False False False False False False False False False False
 False False False False False False False False False False False False
 False False False False False False False]","[False False False False False False  True False False False False  True
 False False False False False False False False False False False False
 False False False False False False False False False False False False
 False False False False False False False False False False False False
 False False False False False False False False False False False False
 False False False False False False False]","[0.56, 0.4, 0.04]","[0.3600244797379033, 0.5066936887499858]",0,False,False
38,28.0,1500.0,0.0,1,-1,0,"[False False False False False False False False False False False False
 False False False False False False False False False False False False
 False False False False False False False False False False False False
 False False False False False False False False False False False False
 False False False False False False False False False False False False
 False False False False False False False]","[False False False False False False False False False False False False
 False False False False False False False False False False False False
 False False False False False False False False False False False False
 False False False False False False False False  True False False False
  True  True False False False False False False False False False False
 False False False False False False False]","[0.56, 0.4, 0.04]","[0.3600244797379033, 0.5066936887499858]",0,False,False
39,28.0,1500.0,0.0,1,1,0,"[False False False False False False False False False False False False
 False False False False False False False False False False False  True
 False False False  True False False False False False  True False False
 False False False False False False  True False False False  True False
 False False  True False False False  True False False False False False
  True False False False False False  True]","[False False False False False False False False False False False False
 False False False False False False False False False False False False
 False False False False False False False False False False False False
 False False False False False False False False False False False False
 False False False False False False False False False False False False
  True False False False False False False]","[0.56, 0.4, 0.04]","[0.3600244797379033, 0.5066936887499858]",0,False,False
40,29.0,3000.0,0.0,-1,-1,0,"[False False False False False False False False False False False False
 False False False False False False False False False False False False
 False False False False False False False False False False  True  True
 False False False False False False False False False False False False
 False False False False False False False False False False False False
 False False False False False False False]","[False False False False False False False False False False False  True
 False False False False  True False False False False False False False
 False False False False False False False  True False False False  True
 False False False  True False False False False False False False False
 False  True False False False False False  True False False False False
 False False False False False False False]","[0.6, 0.36, 0.04]","[0.5066938613135554, 0.8614535802617546]",0,False,False
41,30.0,3000.0,0.0,-1,-1,0,"[False False False False False False False False False False False False
 False False False False False False False False False False False False
 False False False False False False False False False False False False
 False False False False False False False False False  True False False
 False False  True False False False False False False False False False
 False False False False False False False]","[False False False  True False False False False False False False False
  True False False False False False  True False False False False  True
 False False False  True False False False  True False False False False
 False False False False False  True False False False  True False False
 False False  True False False False False False  True  True False False
 False False  True False False False False]","[0.56, 0.4, 0.04]","[0.3600244797379033, 1.04879987536743]",0,False,False
42,31.0,1500.0,0.0,1,-1,0,"[False False False False False False False False False False False False
 False False False False False False False False False False False False
 False False False False False False False False False False False False
 False False False False False False False False False False False False
 False False False False False False False False False False False False
 False False False False False False False]","[False False False False False False False False False False False False
 False False False False False False False False False False  True False
 False False False  True False False False False False False False False
 False False False False False False False False False False False False
 False False False False False False False False False False False False
 False False False False False False False]","[0.52, 0.44, 0.04]","[0.5867619998972957, 1.2091694501633]",0,False,False
43,31.0,1500.0,0.0,1,-1,0,"[False False False False False False False False False False False False
 False False False False False False False False False False False False
 False False False False False False False False False False False False
 False False False False False False False False False False False False
 False False False False False False False False False False False False
 False False False False False False False]","[False False  True False False False False  True False False False False
 False False False False False False False False False False False False
 False False False False False False False False False False False False
 False False False False False False False False False False False False
 False False False False False False False False False False False False
 False False False False False False False]","[0.52, 0.44, 0.04]","[0.5867619998972957, 0.6975107308138484]",0,False,False
44,31.0,1500.0,0.0,1,1,0,"[False False False  True False False False False False False False False
  True  True False False False False  True False False False  True False
 False False  True False False False False  True False False False  True
 False False False False False  True False False False  True False False
 False  True False False False False False  True False False False  True
 False False False False False False False]","[False False False False False False False False False False False False
 False False False False False False False False False False  True False
 False False False False False False  True  True False False False False
 False False False False False False False False False False False False
 False False False False False False False False False False False  True
 False False False False False False False]","[0.48, 0.48, 0.04]","[0.8614538349250738, 0.42085643268640105]",0,False,False
45,32.0,1500.0,0.0,1,-1,0,"[False False False False False False False False False False False False
 False False False False False False False False False False False False
 False False False False False False False False False False False False
 False False False False False False False False False False False False
 False False False False False False False False False False False False
 False False False False False False False]","[False False False False False False False False False False False False
 False False False False False  True False False False False False False
 False False False  True False False False False False False False False
 False False False False False False False False False False False False
 False False False False False False False False False False False False
 False False False False False False False]","[0.52, 0.48, 0.0]","[1.0048036057610192, 0.42085643268640105]",0,False,False
46,32.0,1500.0,0.0,1,1,0,"[False  True  True False False False  True False False False False  True
 False False False  True False False False False False False False  True
 False False False False False  True False False False  True  True False
 False False False  True  True False False False  True False False False
  True  True False False False False False  True  True False False False
 False False False False False False False]","[False False False False False False False False False False  True False
 False False False False False False False False False False False False
 False False False False False  True False False False False False False
 False False False False  True False False False False False False False
 False False False False False False False False False False False False
 False False False False False False False]","[0.48, 0.52, 0.0]","[0.8614538349250738, 0.1931170816217559]",0,False,False
47,33.0,6000.0,0.0,-1,-1,0,"[False False False False False False False False False False False False
 False False False False False False False False False  True False False
 False  True False False False False False False False False False False
 False False False False False False False False False False False False
 False False False False False False False False False False False False
 False False False False False False False]","[False False  True False False False False  True False False False False
  True False False False False  True False False False  True False False
 False False  True False False False  True False False False False False
  True False False False False False False False  True False False False
 False False False False False False False False False False False False
 False False False False False False False]","[0.48, 0.52, 0.0]","[1.348978189813191, 0.1931170816217559]",0,False,False
48,34.0,1500.0,0.0,1,1,0,"[False False  True  True False False False  True False False False False
  True False False False  True False False False  True  True False False
 False  True False False False False False  True False False False  True
 False False False False False  True  True False False  True  True False
 False False False False False False False False False False False False
 False False False False False False False]","[False False False False False False False False False False False False
 False False False False False False False False False False False False
 False False False False False False False  True False False False False
 False False False False False False False False False False False False
 False False False False False False False False False False False False
 False False False False False False False]","[0.44, 0.56, 0.0]","[1.8169135474117328, 0.3600244797379033]",0,False,False
49,35.0,3000.0,0.0,-1,-1,0,"[False False False False False False False False False False False False
 False False False False False False False False False False False False
 False  True False False False  True False False False False False False
 False False False False False False False False False False False False
 False False False False False False False False False False False False
 False False False False False False False]","[False False False False False False False False False False  True  True
 False False False False  True False False False False  True False False
 False  True False False False  True False False False  True False False
 False False  True False False False False False  True False False False
  True False False False False False False False False False False False
 False False False False False False False]","[0.44, 0.56, 0.0]","[2.670350930522295, 0.3600244797379033]",0,False,False
50,36.0,750.0,0.0,1,1,0,"[False False  True  True False False False False  True False False False
  True False False False  True False False False False  True False False
 False  True False False False False False False False False False  True
  True False False False  True  True False False False False False False
 False False False False False False False False False False False False
 False False False False False False False]","[False False False False False False False False False False False False
 False False False False False False False False False False False False
 False False False False False False False False False False False False
 False False False False False False False False False False False False
 False False False False False False False False False False False False
 False False False False False False False]","[0.44, 0.56, 0.0]","[2.670350930522295, 0.3600244797379033]",0,False,False
51,37.0,750.0,0.0,1,1,0,"[False False False  True False False False  True False False False False
 False  True False False False  True False False False False  True False
 False False  True False False False  True False False False False False
 False  True False False False False False  True False False False False
 False False False False False False False False False False False False
 False False False False False False False]","[False False False False False False False False False False False False
 False False False False False False False False False  True False False
 False False  True False False False False False False False False False
 False False False False False False False  True False False False False
 False False False False False False False False False False False False
 False False False False False False False]","[0.48, 0.52, 0.0]","[2.765983730024195, 0.5867619998972957]",0,False,False
52,38.0,3000.0,0.0,-1,1,0,"[False False False  True False False False False  True False False False
 False False False False False False False False False False False False
 False False False False False False False False False False False False
 False False False False False False False False False False False False
 False False False False False False False False False False False False
 False False False False False False False]","[False False False False False False False False False False False False
 False False False False False False False False False False False False
 False False False False False False False False False False False False
 False False False False False False False False False False False False
 False False False False False False False False False False False False
 False False False False False False False]","[0.48, 0.52, 0.0]","[2.765983730024195, 0.5867619998972957]",0,False,False
53,38.0,3000.0,0.0,-1,-1,0,"[False False False False False False False False False False False False
 False False False False False False False False False False False  True
 False False False  True False False False False False False False False
 False False False False False False False False False False False False
 False False False False False False False False False False False False
 False False False False False False False]","[False False False False  True False False False  True  True False False
 False False  True False False False  True False False False False  True
 False False False  True False False False  True False False False False
 False False  True False False False False False False False False False
 False False False False False False False False False False  True False
 False False False False False False False]","[0.48, 0.52, 0.0]","[1.9348409100817299, 0.5867619998972957]",0,False,False
54,39.0,1500.0,0.0,1,1,0,"[False False  True  True False False False False False False False False
  True False False False False  True False False False  True False False
 False  True False False False False  True False False False False False
  True False False False  True False False False False  True False False
 False False False False False False False False False False False False
 False False False False False False False]","[False False False False False False False False  True  True  True  True
  True False False False  True False False False False False False False
 False False  True  True  True  True False False False False False False
  True False False False False False False False False  True False False
 False False False False False False False False False False False False
 False False False False False False False]","[0.44, 0.56, 0.0]","[1.8169135474117328, 0.7322121668315051]",0,False,False
55,40.0,3000.0,0.0,-1,-1,0,"[False False False False False False False False False False False False
 False False False False False False False False False False False False
 False False False False False False False False False  True  True False
 False False False False False False False False False False False False
 False False False False False False False False False False False False
 False False False False False False False]","[ True  True  True  True  True  True False False False False False False
 False False False False False False False False False False False False
 False False False False False False False False False  True  True False
  True  True  True  True  True  True  True  True False False False False
 False False False False False False False False False False False False
 False False False False False False False]","[0.44, 0.56, 0.0]","[2.670350930522295, 0.7322121668315051]",0,False,False
56,41.0,750.0,0.0,1,-1,0,"[False False False False False False False False False False False False
 False False False False False False False False False False False False
 False False False False False False False False False False False False
 False False False False False False False False False False False False
 False False False False False False False False False False False False
 False False False False False False False]","[ True  True  True  True  True False  True False False False False False
 False False False False False False False False False False False False
 False False False False False False False False False False False False
 False False False  True  True  True  True  True  True  True  True  True
 False False False False False False False False False False False False
 False False False False False False False]","[0.44, 0.56, 0.0]","[2.670350930522295, 0.7322121668315051]",0,False,False
57,41.0,750.0,0.0,1,-1,0,"[False False False False False False False False False False False False
 False False False False False False False False False False False False
 False False False False False False False False False False False False
 False False False False False False False False False False False False
 False False False False False False False False False False False False
 False False False False False False False]","[False False False False False False False False False False  True False
 False False False False False False False  True False False False False
 False False False False False False False False False False False False
 False False False False False False False False False False False False
 False False False False False False False False False False False False
 False False False False False False False]","[0.4, 0.6, 0.0]","[2.5630985764077403, 0.5066938613135554]",0,False,False
58,41.0,750.0,0.0,1,-1,0,"[False False False False False False False False False False False False
 False False False False False False False False False False False False
 False False False False False False False False False False False False
 False False False False False False False False False False False False
 False False False False False False False False False False False False
 False False False False False False False]","[False False  True  True False False False False False False False False
 False False False False False False False False False False False False
 False False False False False False False False False False False False
 False False False False False False False False False False False False
 False False False False False False False False False False False False
 False False False False False False False]","[0.36, 0.64, 0.0]","[2.4412761378064363, 0.31462117104709175]",0,False,False
59,41.0,750.0,0.0,1,-1,0,"[False False False False False False False False False False False False
 False False False False False False False False False False False False
 False False False False False False False False False False False False
 False False False False False False False False False False False False
 False False False False False False False False False False False False
 False False False False False False False]","[False  True False False False False  True False False False False False
 False False False False False False False False False False False False
 False False False False False False False False False False False False
 False False False False False False False False False False False False
 False False False False False False False False False False False False
 False False False False False False False]","[0.32, 0.68, 0.0]","[2.300694208940575, 0.1475824606895068]",0,False,False
60,41.0,750.0,0.0,1,-1,0,"[False False False False False False False False False False False False
 False False False False False False False False False False False False
 False False False False False False False False False False False False
 False False False False False False False False False False False False
 False False False False False False False False False False False False
 False False False False False False False]","[False False False False False False False  True False False False  True
  True False False False False False False False False False False False
 False False False False False False False False False False False False
 False False False False False False False False False False False False
 False False False False False False False False False False False False
 False False False False False False False]","[0.32, 0.68, 0.0]","[2.300694208940575, -0.1475824606895068]",0,False,False
61,41.0,750.0,0.0,1,1,0,"[False False False  True False False False  True False False False False
 False False False False  True False False False  True  True False False
 False False False False False False False False False  True False False
 False False False False False False  True  True False False False False
  True  True False False False  True False False False  True  True False
 False False  True False False False False]","[False False False False False False False False False False False False
 False False False False False False False False False False False False
 False False False False False False False False False False False False
 False False False False False False False False False False False False
 False False False False False False False False False False False False
 False False False False False False False]","[0.32, 0.68, 0.0]","[2.300694208940575, -0.4460153952645921]",0,False,False
62,42.0,6000.0,0.0,-1,1,0,"[False False  True False False False  True  True False False False False
 False False False False False False False False False False False False
 False False False False False False False False False False False False
 False False False False False False False False False False False False
 False False False False False False False False False False False False
 False False False False False False False]","[False False False False False False False False False False False False
 False False False False False False False False False False False False
 False False False False False False False False False False False False
 False False False False False False False False False False False False
 False False False False False False False False False False False False
 False False False False False False False]","[0.36, 0.64, 0.0]","[2.4412761378064363, -0.6372783160801316]",0,False,False
63,42.0,6000.0,0.0,-1,-1,0,"[False False False False False False False False False False False False
 False False False False False False  True False False False False False
 False False False False False False False  True False False False False
 False False False False False False False False False False False False
 False False False False False False False False False False False False
 False False False False False False False]","[ True False False False False  True False False False  True False False
 False False  True False False False  True False False False False  True
 False False False  True False False False  True False False False False
 False False False False False False False False False False False False
 False False False False False  True False False False False False False
 False False False False False False False]","[0.4, 0.6, 0.0]","[1.6832403249694212, -0.5066938613135554]",0,False,False
64,43.0,6000.0,0.0,-1,1,0,"[False False False  True  True False False False False False False False
 False False False False False False False False False False False False
 False False False False False False False False False False False False
 False False False False False False False False False False False False
 False False False False False False False False False False False False
 False False False False False False False]","[False False False False False False False False False False False False
 False False False False False False False False False False False False
 False False False False False False False False False False False False
 False False False False False False False False False False False False
 False False False False False False False False False False False False
 False False False False False False False]","[0.4, 0.6, 0.0]","[1.6832403249694212, -0.16730335606762126]",0,False,False
65,44.0,6000.0,0.0,-1,1,0,"[False False False False False False  True  True False False False False
 False False False False False False False False False False False False
 False False False False False False False False False False False False
 False False False False False False False False False False False False
 False False False False False False False False False False False False
 False False False False False False False]","[False False False False False False False False False False False False
 False False False False False False False False False False False False
 False False False False False False False False False False False False
 False False False False False False False False False False False False
 False False False False False False False False False False False False
 False False False False False False False]","[0.4, 0.6, 0.0]","[1.04879987536743, -0.16730335606762126]",0,False,False
66,44.0,6000.0,0.0,-1,-1,0,"[False False False False False False False False False False False False
 False False False False  True False False False False False False False
 False  True False False False False False False False False False False
 False False False False False False False False False False False False
 False False False False False False False False False False False False
 False False False False False False False]","[False False  True  True False False False False False False False False
  True False False False False  True False False False  True False False
 False  True False False False False False False False False False  True
 False False False False False False False False False False  True False
 False False False False False False False  True False False False False
 False False False False False False False]","[0.44, 0.56, 0.0]","[0.6975107308138484, -0.3600244797379033]",0,False,False
67,45.0,3000.0,0.0,-1,-1,0,"[False False False False False False False False False False False False
 False False False False False False False False False False False False
 False False False False False False False  True False False False  True
 False False False False False False False False False False False False
 False False False False False False False False False False False False
 False False False False False False False]","[False False False False False False False False  True False False False
  True  True False False False False False False False False  True False
 False False False False False False False  True False False False False
  True False False False False False False False  True False False False
 False False False  True False False False False  True False False False
 False False False False False False False]","[0.44, 0.56, 0.0]","[0.6975107308138484, -0.3600244797379033]",0,False,False
68,46.0,750.0,0.0,1,1,0,"[False  True  True False False False False  True False False False  True
 False False False  True False False False False  True False False False
  True False False False False  True False False False False  True False
 False False False False False False False  True False False False False
 False False False False False False False False False False False False
 False False False False False False False]","[False False False False False False False False False False False False
 False False False False False False False False False False False False
 False False False False  True False False False False False False False
 False False False False False False False False False False False False
 False False False False False False False False False False False False
 False False False False False False False]","[0.44, 0.56, 0.0]","[0.6975107308138484, 0.0]",0,False,False
69,47.0,1500.0,0.0,1,1,0,"[False False False  True False False False  True  True False False False
 False False False False False False False False False  True False False
 False False  True False False False False  True False False False False
 False  True False False False  True  True False False False False False
 False False False False False False False False False False False False
 False False False False False False False]","[False False False False False False False False False False False False
 False False False False False False False False False False False False
 False False False False False False False False False False False False
 False False False False False False False False False False False False
 False False False False False False False False False False False False
 False False False False False False False]","[0.48, 0.52, 0.0]","[0.8614538349250738, 0.1931170816217559]",0,False,False
70,48.0,6000.0,0.0,-1,-1,0,"[False False False False False False False False False False False False
 False False False False  True False False False False  True False False
 False False False False False False False False False False False False
 False False False False False False False False False False False False
 False False False False False False False False False False False False
 False False False False False False False]","[False False  True False False False  True False False False False False
  True False False False False False False False False False False False
 False  True False False False False  True False False False False False
 False False  True False False False False False False  True False False
 False  True False False False False False False  True False False False
 False False False False False False False]","[0.48, 0.52, 0.0]","[0.8614538349250738, 0.1931170816217559]",0,False,False
71,49.0,750.0,0.0,1,1,0,"[ True False False False  True False False False False  True False False
 False False  True False False False  True False False False  True False
 False False False False False  True False False False  True False False
 False False  True  True False False False  True  True False False False
  True  True False False False False False False False False False False
 False False False False False False False]","[False False False False False False False False False False False False
 False False False False False False False False False False False False
 False False False False False False False False False False False False
 False False False False False False False False False False False False
 False False False False False False False False False False False False
 False False False False False False False]","[0.48, 0.52, 0.0]","[0.8614538349250738, 0.5867619998972957]",0,False,False
72,50.0,3000.0,0.0,-1,-1,0,"[False False False False False False False False False False False False
 False False False False False False False False False False False False
 False False False False False False False False False False False False
 False False False False False False False False  True  True False False
 False False False False False False False False False False False False
 False False False False False False False]","[False False False False False False False False False False False False
 False False False False False False False False False  True False False
 False False False False False False False False False False False  True
 False False False False False  True False False False False False False
 False  True False False False False  True False False False False False
 False False False False False  True False]","[0.48, 0.52, 0.0]","[0.8614538349250738, 0.5867619998972957]",0,False,False
73,51.0,3000.0,0.0,-1,1,0,"[False False  True  True False False False False False False False False
 False False False False False False False False False False False False
 False False False False False False False False False False False False
 False False False False False False False False False False False False
 False False False False False False False False False False False False
 False False False False False False False]","[False False False False False False False False False False False False
 False False False False False False False False False False False False
 False False False False False False False False False False False False
 False False False False False False False False False False False False
 False False False False False False False False False False False False
 False False False False False False False]","[0.48, 0.52, 0.0]","[0.8614538349250738, 0.5867619998972957]",0,False,False
74,51.0,3000.0,0.0,-1,-1,0,"[False False False False False False False False False False False False
 False False  True False False False False False False False  True  True
 False False False False False False False False False False False False
 False False False False False False False False False False False False
 False False False False False False False False False False False False
 False False False False False False False]","[ True  True False False False False  True False False False False False
 False False False False False False False  True False False False  True
 False False False  True False False False False  True False False False
 False False False  True False False  True  True False False False  True
 False False False False False False False False False False False False
 False False False False False False False]","[0.48, 0.52, 0.0]","[0.42085643268640105, 0.5867619998972957]",0,False,False
75,52.0,6000.0,0.0,-1,-1,0,"[False False False False False False False False False False False False
 False False  True False False False False False False False False False
 False False False False False False False False False False False False
 False False False False False False False False False False False False
 False False False False False False False False False False False False
 False False False False False False False]","[False False False False False False False False False False False False
 False False False False False False False False False False False False
 False False False False False False False False False False False False
 False False False False False False False False False False False False
 False False False False  True False False False False False False False
 False False  True False False False  True]","[0.48, 0.52, 0.0]","[0.42085643268640105, 0.5867619998972957]",0,False,False
76,53.0,6000.0,0.0,-1,1,0,"[False False  True False False False False False False False False False
  True False False False False False False False False False False False
 False False False False False False False False False False False False
 False False False False False False False False False False False False
 False False False False False False False False False False False False
 False False False False False False False]","[False False False False False False False False False False False False
 False False False False False False False False False False False False
 False False False False False False False False False False False False
 False False False False False False False False False False False False
 False False False False False False False False False False False False
 False False False False False False False]","[0.44, 0.56, 0.0]","[0.2283703801950016, 0.7322121668315051]",0,False,False
77,54.0,1500.0,0.0,1,-1,0,"[False False False False False False False False False False False False
 False False False False False False False False False False False False
 False False False False False False False False False False False False
 False False False False False False False False False False False False
 False False False False False False False False False False False False
 False False False False False False False]","[False  True  True False False False False False False False False False
 False False False False False False False False False False False False
 False False False False False False False False False False False False
 False False False False False False False False False False False False
 False False False False False False False False False False False False
 False False False False False False False]","[0.44, 0.56, 0.0]","[-0.2283703801950016, 0.7322121668315051]",0,False,False
78,55.0,750.0,0.0,1,1,0,"[False False  True  True False False False  True False False False False
  True False False False  True False False False False  True False False
 False  True False False False False False False False False False  True
 False False False  True False False False False False False  True False
 False False  True False False False False False  True  True False False
 False  True False False False False False]","[False False False False False False False False False False False False
 False False False False  True False False False False False False False
  True False False False False  True False False False False False False
 False False False False False False False False False False False False
 False False False False False False False False False False False False
 False False False False False False False]","[0.4, 0.6, 0.0]","[0.0, 0.5066938613135554]",0,False,False
79,56.0,750.0,0.0,1,1,0,"[False  True False False False False  True False False False False False
 False False False False  True False False False False False False False
 False  True False False False  True False False False False False False
 False False False False False False False False False  True False False
 False  True  True False False False  True False False False False False
 False False False False False False False]","[False False False False False False False False False False False False
 False False False False False False False False  True False False False
 False False False False False False False False False False False False
 False False False False False False False False False  True False False
 False False False False False False False  True False False False False
 False False False False False False False]","[0.44, 0.56, 0.0]","[0.2283703801950016, 0.3600244797379033]",0,False,False
80,57.0,750.0,0.0,1,1,0,"[ True False False False False False False False False  True False False
 False False False  True False False False  True False False False False
 False False False False  True False False False False False False False
 False False False False False False False False False False False  True
 False False False False False  True False False False False False False
 False False False False False False False]","[False False False False False False False False False False False False
 False False False False False False False False False False False  True
 False False False False False False False False  True False False False
 False False False False False False False False False False False False
 False False False False False False False False False False False False
 False False False False False False False]","[0.44, 0.56, 0.0]","[0.2283703801950016, 0.3600244797379033]",0,False,False
81,58.0,6000.0,0.0,-1,-1,0,"[False False False False False False False False False False False False
 False False False False False False False False False False False False
 False False False False False False False False False False False False
 False False False False False False False False False False False False
 False False False False False False False False False False False False
 False False False False False False False]","[False False  True False False False  True  True False False False False
  True False False False  True False False False False  True False False
 False  True False False False False  True False False False  True False
 False False False False  True False False False  True False False False
 False  True False False False False False False  True False False False
 False False False False False False False]","[0.48, 0.52, 0.0]","[0.42085643268640105, 0.1931170816217559]",0,False,False
82,59.0,3000.0,0.0,-1,-1,0,"[False False False False False False False False False False False False
 False False False False False False False False False False False False
 False False False False False False False False False False False False
 False False False False False False False False False False False False
 False False False False False False False False False False False False
 False False False False False False False]","[False False False  True False False False False  True False False False
 False False False False False  True False False False False  True False
 False False False False False False False  True False False False False
 False False False False  True False False False False  True False False
 False  True False False False False False False False False False False
 False False False False False False False]","[0.48, 0.52, 0.0]","[0.42085643268640105, 0.5867619998972957]",0,False,False
83,60.0,1500.0,0.0,1,1,0,"[False False False False False False False False False  True False False
 False False False False False False False False False False False  True
 False False False False False False False False False  True False False
 False False False False False False  True False False False  True False
 False False False  True False False False False False False False False
 False False False False False False  True]","[False False False False False False False False False False False False
 False False False False False False False False False False False False
 False False False False False False False False False False False False
 False False False False False False False False False False False False
 False False False False False False False False False False False False
 False False False False False False False]","[0.48, 0.52, 0.0]","[0.42085643268640105, 1.0048036057610192]",0,False,False
84,61.0,1500.0,0.0,1,-1,0,"[False False False False False False False False False False False False
 False False False False False False False False False False False False
 False False False False False False False False False False False False
 False False False False False False False False False False False False
 False False False False False False False False False False False False
 False False False False False False False]","[False False False False False False False False False False False False
 False False False False  True False False False False  True False False
 False False False False False False False False False False False False
 False False False False False False False False False False False False
 False False False False False False False False False False False False
 False False False False False False False]","[0.52, 0.48, 0.0]","[0.5867619998972957, 1.348978189813191]",0,False,False
85,61.0,1500.0,0.0,1,-1,0,"[False False False False False False False False False False False False
 False False False False False False False False False False False False
 False False False False False False False False False False False False
 False False False False False False False False False False False False
 False False False False False False False False False False False False
 False False False False False False False]","[False False False False False False False  True False False False False
 False False False False False False False False False False False False
 False False False False False False False False False False False False
 False False False False False False False False False False False False
 False False  True False False False False False False False False False
 False False False False False False False]","[0.52, 0.48, 0.0]","[0.5867619998972957, 1.348978189813191]",0,False,False
86,61.0,1500.0,0.0,1,1,0,"[False False  True False False False False False False False False False
 False False False  True False False False False  True False False False
 False  True False False False False False False False False  True False
 False False False False False False False False False False False False
 False False False False False False False False False  True False False
 False False False False False False False]","[False False False False False False False False False False False False
 False False False False False False False False False False False False
 False False False False False False False False False False False False
 False False False False False False False False False False False False
 False False False False False False False False False False False False
 False False False False False False False]","[0.52, 0.48, 0.0]","[0.5867619998972957, 1.348978189813191]",0,False,False
87,62.0,1500.0,0.0,1,-1,0,"[False False False False False False False False False False False False
 False False False False False False False False False False False False
 False False False False False False False False False False False False
 False False False False False False False False False False False False
 False False False False False False False False False False False False
 False False False False False False False]","[False False  True  True False False False False False False False False
 False False False False False False False False False False False False
 False False False False False False False False False False False False
 False False False False False False False False False False False False
 False False False False False False False False False False False False
 False False False False False False False]","[0.52, 0.48, 0.0]","[0.5867619998972957, 1.348978189813191]",0,False,False
88,63.0,3000.0,0.0,-1,1,0,"[False False False  True False False False  True False False False False
 False False False False False False False False False False False False
 False False False False False False False False False False False False
 False False False False False False False False False False False False
 False False False False False False False False False False False False
 False False False False False False False]","[False False False False False False False False False False False False
 False False False False False False False False False False False False
 False False False False False False False False False False False False
 False False False False False False False False False False False False
 False False False False False False False False False False False False
 False False False False False False False]","[0.48, 0.52, 0.0]","[0.8614538349250738, 1.0048036057610192]",0,False,False
89,64.0,6000.0,0.0,-1,-1,0,"[False False False False False False False False False False False False
 False False False False False False False False False False False False
 False False False False False False False False False False False False
 False False False False False False False False False False False False
 False False False False False False False False False False False False
 False False False False False False False]","[False  True False False False  True  True False False False False  True
 False False False  True False False False  True False False False False
  True False False False  True False False False  True False False False
 False False  True False False False  True False False False False  True
 False False False False False False  True False False False  True  True
 False False False  True  True False False]","[0.52, 0.48, 0.0]","[0.5867619998972957, 0.8614538349250738]",0,False,False
90,65.0,6000.0,0.0,-1,1,0,"[False False False  True False False False  True False False False False
 False False False False False False False False False False False False
 False False False False False False False False False False False False
 False False False False False False False False False False False False
 False False False False False False False False False False False False
 False False False False False False False]","[False False False False False False False False False False False False
 False False False False False False False False False False False False
 False False False False False False False False False False False False
 False False False False False False False False False False False False
 False False False False False False False False False False False False
 False False False False False False False]","[0.48, 0.52, 0.0]","[0.8614538349250738, 1.0048036057610192]",0,False,False
91,65.0,6000.0,0.0,-1,-1,0,"[False False False False False False False False False False False False
 False False False False False False False False False False False False
 False False False False False False False False False False False False
 False False False False False False False False False False False False
 False False False False False False False False False False False False
 False False False False False False False]","[False False False False False False False False  True  True False False
 False False  True False False False False False False False False False
 False False False  True False False False  True False False False False
  True  True False False False False False False  True False False False
  True False False False False False False  True False False False False
  True False False False False False False]","[0.48, 0.52, 0.0]","[0.8614538349250738, 1.0048036057610192]",0,False,False
92,66.0,1500.0,0.0,1,1,0,"[False False False  True False False False  True False False False False
 False  True False False False  True False False False  True False False
 False False  True False False False  True False False False False False
 False False False False  True False False False False False False False
 False False False False False False False False False False False False
 False False False False False False False]","[False False False False False False False False False False False False
 False False False False False False False False False  True False False
 False False  True False False False False False False False False False
 False False False False False False False False False False False False
 False False False False False False False False False False False False
 False False False False False False False]","[0.48, 0.52, 0.0]","[0.8614538349250738, 1.0048036057610192]",0,False,False
93,67.0,1500.0,0.0,1,-1,0,"[False False False False False False False False False False False False
 False False False False False False False False False False False False
 False False False False False False False False False False False False
 False False False False False False False False False False False False
 False False False False False False False False False False False False
 False False False False False False False]","[False  True  True False False False False False False False False False
 False False False False False False False False False False False False
 False False False False False False False False False False False False
 False False False False False False False False False False False False
 False False False False False False False False False False False False
 False False False False False False False]","[0.52, 0.48, 0.0]","[1.0048036057610192, 0.8614538349250738]",0,False,False
94,68.0,750.0,0.0,1,-1,0,"[False False False False False False False False False False False False
 False False False False False False False False False False False False
 False False False False False False False False False False False False
 False False False False False False False False False False False False
 False False False False False False False False False False False False
 False False False False False False False]","[False False False False False False False False False False False False
 False False False False False False False False False False False False
 False False False  True False False False False False False False False
 False False False False False False False False False False False False
 False False  True False False False False False False False False False
 False False False False False False False]","[0.48, 0.52, 0.0]","[0.8614538349250738, 0.5867619998972957]",0,False,False
95,68.0,750.0,0.0,1,-1,0,"[False False False False False False False False False False False False
 False False False False False False False False False False False False
 False False False False False False False False False False False False
 False False False False False False False False False False False False
 False False False False False False False False False False False False
 False False False False False False False]","[False False False False False False False False False False False False
 False False False False False False  True False False False False  True
 False False False False False False False False False False False False
 False False False False False False False False False False False False
 False False False False False False False False False False False False
 False False False False False False False]","[0.44, 0.56, 0.0]","[0.6975107308138484, 0.3600244797379033]",0,False,False
96,69.0,6000.0,0.0,-1,1,0,"[ True False False False False False False False False  True False False
 False False False False False False False False False False False False
 False False False False False False False False False False False False
 False False False False False False False False False False False False
 False False False False False False False False False False False False
 False False False False False False False]","[False False False False False False False False False False False False
 False False False False False False False False False False False False
 False False False False False False False False False False False False
 False False False False False False False False False False False False
 False False False False False False False False False False False False
 False False False False False False False]","[0.44, 0.56, 0.0]","[0.6975107308138484, 0.0]",0,False,False
97,69.0,6000.0,0.0,-1,-1,0,"[False False False False False False False False False False False False
 False False False False False False False False False False False False
 False False False False False False False False False False False False
 False False False False False False False False False False False False
 False False False False False False False False False False False False
 False False False False False False False]","[False False False False  True False False False False False False False
 False  True False False False False  True False False False False False
 False False False  True False False False  True False False False  True
 False False False  True False False False False False False False False
 False  True  True False False False False  True False False False False
 False  True False False False False  True]","[0.44, 0.56, 0.0]","[0.2283703801950016, 0.0]",0,False,False
98,70.0,750.0,0.0,1,1,0,"[ True False False False False  True False False False False False  True
 False False False False  True False False False  True False False False
  True False False False False  True False False False False False False
 False False False  True False False False  True False False False False
 False False False False False False False False False False False False
 False False False False False False False]","[False False False False False False False False False False False False
 False False False False False False False  True  True False False False
  True False False False  True  True False False False False False False
 False False False False False False False False False False False False
 False False False False False False False False False False False False
 False False False False False False False]","[0.44, 0.56, 0.0]","[0.2283703801950016, 0.0]",0,False,False
99,71.0,6000.0,0.0,-1,1,0,"[False False  True False False False False False False False False False
 False False False False False False False False  True  True False False
 False False False False False False False False False False False False
 False False False False False False False False False False False False
 False False False False False False False False False False False False
 False False False False False False False]","[False False False False False False False False False False False False
 False False False False False False False False False False False False
 False False False False False False False False False False False False
 False False False False False False False False False False False False
 False False False False False False False False False False False False
 False False False False False False False]","[0.44, 0.56, 0.0]","[0.6975107308138484, 0.0]",0,False,False
100,71.0,6000.0,0.0,-1,-1,0,"[False False False False False False False False False False False False
 False False False False False False False False False False False False
 False False False False False False False False False False False False
 False False False False False False False False False False False False
 False False False False False False False False False False False False
 False False False False False False False]","[False False False False False False False False False False False False
 False False False False False False False False False False False False
 False  True False False False False False False False False False  True
 False False False False  True False False False False  True False False
 False False False False False  True False False False False  True False
 False False False False False False False]","[0.48, 0.52, 0.0]","[0.42085643268640105, -0.1931170816217559]",0,False,False
101,72.0,750.0,0.0,1,1,0,"[False False  True False False False False  True False False False False
 False False False False False  True False False False False False False
 False False  True False False False False False False False False False
 False False False False False False False False False False False False
 False False False False False False  True False False False False False
 False False False False False False False]","[False False False False False False False False False False False False
 False False False False False False False False False  True False False
 False False False False False False  True False False False False False
 False False False False False False False False False False False False
 False False False False False False False False False False False False
 False False False False False False False]","[0.48, 0.52, 0.0]","[0.42085643268640105, -0.1931170816217559]",0,False,False
102,73.0,3000.0,0.0,-1,-1,0,"[False False False False False False False False False False False False
 False False False False False False False False False False False False
 False False False False False False False False False False False False
 False False False False False False False False False False False False
 False False False False False False False False False False False False
 False False False False False False False]","[ True False False False  True False False False False False False False
 False False  True False False False False  True False False False  True
 False False False False  True False False False False False False False
 False False  True False False False  True  True False False False False
 False  True  True False False False  True  True False False False False
 False False False False False False False]","[0.48, 0.52, 0.0]","[0.8614538349250738, -0.1931170816217559]",0,False,False
103,74.0,3000.0,0.0,-1,-1,0,"[False False False False False False False False False False False False
 False False False False False False False False False False False False
 False False False False False False False False False False False False
 False False False False False False False False False False False False
 False False False False False False False False False False False False
 False False False False False False False]","[False False False False False False False False False False False False
 False False False False False False False False False False False False
 False False False False False False False False False False False False
 False False False False False  True False False False False False  True
 False False False False False False False False  True False False False
 False False False False False  True False]","[0.48, 0.52, 0.0]","[0.8614538349250738, 0.1931170816217559]",0,False,False
104,75.0,3000.0,0.0,-1,-1,0,"[False False False False False False False False False False False False
 False False False False False False False False False False False False
 False False False False False False False False False False False False
 False False False False False False False False False False False False
 False False False False False False False False False False False False
 False False False False False False False]","[False False False False False False False False False False False False
 False False False False False False False False False False False False
 False  True  True False False False  True False False False False  True
 False False False False  True False False False  True False False False
 False False False False False False False False False False  True False
 False False False False  True False False]","[0.44, 0.56, 0.0]","[0.6975107308138484, 0.3600244797379033]",0,False,False
105,76.0,750.0,0.0,1,-1,0,"[False  True False False False False False False False False False False
 False False False False False False False False False False False False
 False False False False False False False False False False False False
 False False False False False False False False False False False False
 False False False False False False False False False False False False
 False False False False False False False]","[False False False False False False False  True False False False  True
  True False False False False False False False False False False False
 False False False False False False False False False False False False
 False False False False False False False False False False False False
 False False False False False False False False False False False False
 False False False False False False False]","[0.4, 0.6, 0.0]","[0.5066936887499858, 0.5066938613135554]",0,False,False
106,76.0,750.0,0.0,1,-1,0,"[False False False False False False False False False False False False
 False False False False False False False False False False False False
 False False False False False False False False False False False False
 False False False False False False False False False False False False
 False False False False False False False False False False False False
 False False False False False False False]","[ True False False False  True False False False False False False False
 False False False False False False False False False False False False
 False False False False False False False False False False False False
 False False False False False False False False False False False False
 False False False False False False False False False False False False
 False False False False False False False]","[0.36, 0.64, 0.0]","[0.2794202853486787, 0.31462117104709175]",0,False,False
107,76.0,750.0,0.0,1,1,0,"[False False False False False False False False False False False  True
 False False False  True False False False False False False False False
 False  True False False False  True False False False False  True False
 False False False False False  True  True False False False False False
 False False False False False False  True False False False  True False
 False False False False False False False]","[False False False False False False False False False False False False
 False False False False False False False False False False False False
 False False False False False  True False False False False False False
 False  True  True False False False False False False False False False
 False False False False False False False False False False False False
 False False False False False False False]","[0.36, 0.64, 0.0]","[0.2794202853486787, 0.0]",0,False,False
108,77.0,3000.0,0.0,-1,-1,0,"[False False False False False False False False False False False False
 False False False False False False False False False False False False
 False False False False False False False False False False False False
 False False False False False False False False False False False False
 False False False False False False False False False False False False
 False False False False False False False]","[False False False  True  True False False False False False False False
 False  True False False False False  True False False False False False
 False False  True False False False False  True False False False False
  True False False False  True  True False False False False  True False
 False False False False False False False False False False False False
 False False False False False False False]","[0.4, 0.6, 0.0]","[0.5066936887499858, -0.16730335606762126]",0,False,False
109,78.0,1500.0,0.0,1,-1,0,"[False False False False False False False False False False False False
 False False False False False False False False False False False False
 False False False False False False False False False False False False
 False False False False False False False False False False False False
 False False False False False False False False False False False False
 False False False False False False False]","[False False False  True False False False False False False False False
 False False False False False False False False False False  True False
 False False False False False False False False False False False False
 False False False False False False False False False False False False
 False False False False False False False False False False False False
 False False False False False False False]","[0.36, 0.64, 0.0]","[0.2794202853486787, 0.0]",0,False,False
110,78.0,1500.0,0.0,1,-1,0,"[False False False False False False False False False False False False
 False False False False False False False False False False False False
 False False False False False False False False False False False False
 False False False False False False False False False False False False
 False False False False False False False False False False False False
 False False False False False False False]","[False False False False False False False False False False False False
 False False False False False False False False False False False False
 False False False False False False False False False False False False
 False False  True False False False  True False False False False False
 False False False False False False False False False False False False
 False False False False False False False]","[0.36, 0.64, 0.0]","[0.2794202853486787, 0.0]",0,False,False
111,78.0,1500.0,0.0,1,-1,0,"[False False False False False False False False False False False False
 False False False False False False False False False False False False
 False False False False False False False False False False False False
 False False False False False False False False False False False False
 False False False False False False False False False False False False
 False False False False False False False]","[False False  True  True False False False False False False False False
 False False False False False False False False False False False False
 False False False False False False False False False False False False
 False False False False False False False False False False False False
 False False False False False False False False False False False False
 False False False False False False False]","[0.36, 0.64, 0.0]","[0.2794202853486787, 0.0]",0,False,False
112,78.0,1500.0,0.0,1,-1,0,"[False False False False False False False False False False False False
 False False False False False False False False False False False False
 False False False False False False False False False False False False
 False False False False False False False False False False False False
 False False False False False False False False False False False False
 False False False False False False False]","[False False False  True False False False False  True False False False
 False False False False False False False False False False False False
 False False False False False False False False False False False False
 False False False False False False False False False False False False
 False False False False False False False False False False False False
 False False False False False False False]","[0.32, 0.68, 0.0]","[0.0, -0.1475824606895068]",0,False,False
113,79.0,1500.0,0.0,1,-1,0,"[False False False False False False False False False  True False False
 False False False False False False False False False False False False
 False False False False False False False False False False False False
 False False False False False False False False False False False False
 False False False False False False False False False False False False
 False False False False False False False]","[False False False False False False False False False False False False
 False False False False False False False False False False False False
 False False False False  True False False False False False False False
 False False False  True False False False False False False False False
 False False False False False False False False False False False False
 False False False False False False False]","[0.32, 0.68, 0.0]","[0.0, -0.1475824606895068]",0,False,False
114,79.0,1500.0,0.0,1,-1,0,"[False False False False False False False False False False False False
 False False False False False False False False False False False False
 False False False False False False False False False False False False
 False False False False False False False False False False False False
 False False False False False False False False False False False False
 False False False False False False False]","[False False False  True  True False False False False False False False
 False False False False False False False False False False False False
 False False False False False False False False False False False False
 False False False False False False False False False False False False
 False False False False False False False False False False False False
 False False False False False False False]","[0.28, 0.72, 0.0]","[0.36002421977424204, -0.2794204416008008]",0,False,False
115,79.0,1500.0,0.0,1,-1,0,"[False False False False False False False False False False False False
 False False False False False False False False False False False False
 False False False False False False False False False False False False
 False False False False False False False False False False False False
 False False False False False False False False False False False False
 False False False False False False False]","[ True False False False False  True False False False False False False
 False False False False False False False False False False False False
 False False False False False False False False False False False False
 False False False False False False False False False False False False
 False False False False False False False False False False False False
 False False False False False False False]","[0.28, 0.72, 0.0]","[0.36002421977424204, -0.5644319722741228]",0,False,False
116,79.0,1500.0,0.0,1,-1,0,"[False False False False False False False False False False False False
 False False False False False False False False False False False False
 False False False False False False False False False False False False
 False False False False False False False False False False False False
 False False False False False False False False False False False False
 False False False False False False False]","[False False  True False False False  True  True False False False False
 False False False False False False False False False False False False
 False False False False False False False False False False False False
 False False False False False False False False False False False False
 False False False False False False False False False False False False
 False False False False False False False]","[0.24, 0.76, 0.0]","[0.8614530709359598, -0.6720759136236086]",0,False,False
117,79.0,1500.0,0.0,1,-1,0,"[False False False False False False False False False False False False
 False False False False False False False False False False False False
 False False False False False False False False False False False False
 False False False False False False False False False False False False
 False False False False False False False False False False False False
 False False False False False False False]","[False False False False  True False False False False  True False False
 False False False False False False False False False False False False
 False False False False False False False False False False False False
 False False False False False False False False False False False False
 False False False False False False False False False False False False
 False False False False False False False]","[0.24, 0.76, 0.0]","[0.8614530709359598, -0.9590107617555952]",0,False,False
118,79.0,1500.0,0.0,1,-1,0,"[False False False False False False False False False False False False
 False False False False False False False False False False False False
 False False False False False False False False False False False False
 False False False False False False False False False False False False
 False False False False False False False False False False False False
 False False False False False False False]","[False False False False False False False False False False False False
 False False False False False False False False False False False False
 False False False False False False False False False False False False
 False False  True False False False False  True False False False False
 False False False False False False False False False False False False
 False False False False False False False]","[0.2, 0.8, 0.0]","[0.5066931710605553, -1.048800450608045]",0,False,False
119,79.0,1500.0,0.0,1,-1,0,"[False False False False False False False False False False False False
 False False False False False False False False False False False False
 False False False False False False False False False False False False
 False False False False False False False False False False False False
 False False False False False False False False False False False False
 False False False False False False False]","[False False False  True False False False  True False False False False
 False False False False False False False False False False False False
 False False False False False False False False False False False False
 False False False False False False False False False False False False
 False False False False False False False False False False False False
 False False False False False False False]","[0.2, 0.8, 0.0]","[0.5066931710605553, -1.048800450608045]",0,False,False
120,79.0,1500.0,0.0,1,-1,0,"[False False False False False False False False False False False False
 False False False False False False False False False False False False
 False False False False False False False False False False False False
 False False False False False False False False False False False False
 False False False False False False False False False False False False
 False False False False False False False]","[False False  True False False False  True False False False False False
 False False False False False False False False False False False False
 False False False False False False False False False False False False
 False False False False False False False False False False False False
 False False False False False False False False False False False False
 False False False False False False False]","[0.2, 0.8, 0.0]","[0.5066931710605553, -1.048800450608045]",0,False,False
121,79.0,1500.0,0.0,1,0,0,"[False False False False False False False False False False False False
 False False False False False False False False False False False False
 False False False False False False False False False False False False
 False False False False False False False False False False False False
 False False False False False False False False False False False False
 False False False False False False False]","[False False False False False False False False False False False False
 False False False False False False False False False False False False
 False False False False False False False False False False False False
 False False False False False False False False False False False False
 False False False False False False False False False False False False
 False False False False False False False]","[0.2, 0.8, 0.0]","[0.5066931710605553, -1.048800450608045]",0,False,False
122,79.0,1500.0,0.0,1,-1,0,"[False False False False False False False False False False False False
 False False False False False False False False False False False False
 False False False False False False False False False False False False
 False False False False False False False False False False False False
 False False False False False False False False False False False False
 False False False False False False False]","[False False False False False False False  True False False False False
  True False False False False False False False False False False False
 False False False False False False False False False False False False
 False False False False False False False False False False False False
 False False False False False False False False False False False False
 False False False False False False False]","[0.16, 0.8, 0.04]","[1.3489755673346382, -1.048800450608045]",0,False,False
123,79.0,1500.0,0.0,1,0,0,"[False False False False False False False False False False False False
 False False False False False False False False False False False False
 False False False False False False False False False False False False
 False False False False False False False False False False False False
 False False False False False False False False False False False False
 False False False False False False False]","[False False False False False False False False False False False False
 False False False False False False False False False False False False
 False False False False False False False False False False False False
 False False False False False False False False False False False False
 False False False False False False False False False False False False
 False False False False False False False]","[0.16, 0.8, 0.04]","[1.3489755673346382, -1.348978714311342]",0,False,False
124,79.0,1500.0,0.0,1,0,0,"[False False False False False False False False False False False False
 False False False False False False False False False False False False
 False False False False False False False False False False False False
 False False False False False False False False False False False False
 False False False False False False False False False False False False
 False False False False False False False]","[False False False False False False False False False False False False
 False False False False False False False False False False False False
 False False False False False False False False False False False False
 False False False False False False False False False False False False
 False False False False False False False False False False False False
 False False False False False False False]","[0.12, 0.8, 0.08]","[0.8614515429653226, -1.348978714311342]",0,False,False
125,79.0,1500.0,0.0,1,-1,0,"[False False False False False False False False False False False False
 False False False False False False False False False False False False
 False False False False False False False False False False False False
 False False False False False False False False False False False False
 False False False False False False False False False False False False
 False False False False False False False]","[False False False False False False False False False False False False
 False False False  True False False False False False False False  True
 False False False False False False False False False False False False
 False False False False False False False False False False False False
 False False False False False False False False False False False False
 False False False False False False False]","[0.08, 0.8, 0.12]","[nan, -1.348978714311342]",0,False,False
126,79.0,1500.0,0.0,1,-1,0,"[False False False False False False False False False False False False
 False False False False False False False False False False False False
 False False False False False False False False False False False False
 False False False False False False False False False False False False
 False False False False False False False False False False False False
 False False False False False False False]","[False False False False False False False False False False False  True
 False False False  True  True False False False False False False False
 False False False False False False False False False False False False
 False False False False False False False False False False False False
 False False False False False False False False False False False False
 False False False False False False False]","[0.08, 0.8, 0.12]","[nan, -1.6832413965930701]",0,False,False
127,79.0,1500.0,0.0,1,-1,0,"[False False False False False False False False False False False False
 False False False False False False False False False False False False
 False False False False False False False False False False False False
 False False False False False False False False False False False False
 False False False False False False False False False False False False
 False False False False False False False]","[False False False False False False False False False False False  True
 False False False  True  True False False False False False False False
 False False False False False False False False False False False False
 False False False False False False False False False False False False
 False False False False False False False False False False False False
 False False False False False False False]","[0.04, 0.84, 0.12]","[nan, -1.7522846149922322]",0,False,False
128,79.0,1500.0,0.0,1,-1,0,"[False False False False False False False False False False False False
 False False False False False False False False False False False False
 False False False False False False False False False False False False
 False False False False False False False False False False False False
 False False False False False False False False False False False False
 False False False False False False False]","[False False  True False False False False False False False False False
 False False False False  True False False False False False False False
 False False False False False False False False False False False False
 False False False False False False False False False False False False
 False False False False False False False False False False False False
 False False False False False False False]","[0.04, 0.84, 0.12]","[nan, -2.1351395423616397]",0,False,False
129,79.0,1500.0,0.0,1,-1,0,"[False False False False False False False False False False False False
 False False False False False False False False False False False False
 False False False False False False False False False False False False
 False False False False False False False False False False False False
 False False False False False False False False False False False False
 False False False False False False False]","[False False  True False False False False  True False False False False
 False False False False False False False False False False False False
 False False False False False False False False False False False False
 False False False False False False False False False False False False
 False False False False False False False False False False False False
 False False False False False False False]","[0.04, 0.84, 0.12]","[nan, -2.618341161383932]",0,False,False
130,79.0,1500.0,0.0,1,1,0,"[False False False False False False False False False False False False
 False False False  True False False False False  True False False False
 False False  True False False False  True False False False False False
 False False  True False False False  True False False False False False
  True False False False  True False False  True  True False False False
 False  True  True False False False  True]","[False False False False False False False False False False False False
 False False False False False False False False False False False False
 False False False False False False False False False False False False
 False False False False False False False False False False False False
 False False False False False False False False False False False False
 False False False False False False False]","[0.04, 0.84, 0.12]","[nan, -3.336778060555093]",0,False,False
131,80.0,1500.0,0.0,1,1,0,"[False False False  True  True False False False False False False False
 False  True False False False  True False False False  True False False
 False False False  True False False False  True False False False False
 False False False False False  True  True False False  True  True False
 False False False False False False False False False False False False
 False False False False False False False]","[False False False False False False False False False False False False
 False False False False False False False False False False False False
 False False False False False False False False False False False False
 False False False False False False False False False False False False
 False False False False False False False False False False False False
 False False False False False False False]","[0.08, 0.8, 0.12]","[nan, -3.2897029054267133]",0,False,False
132,81.0,6000.0,0.0,-1,1,0,"[False False False False False False False False False False False False
 False False False False False False False False False False False False
 False False False False False  True False False False  True  True False
 False False False False False False False False False False False False
 False False False False False False False False False False False False
 False False False False False False False]","[False False False False False False False False False False False False
 False False False False False False False False False False False False
 False False False False False False False False False False False False
 False False False False False False False False False False False False
 False False False False False False False False False False False False
 False False False False False False False]","[0.12, 0.76, 0.12]","[nan, -3.239708147186179]",0,False,False
133,81.0,6000.0,0.0,-1,-1,0,"[False False False False False False False False False False False False
 False False False False False False False False False False False False
 False False False False False False False False False  True False False
 False False False False False False  True False False False False False
 False False False False False False False False False False False False
 False False False False False False False]","[False False False False False False False False False False False False
 False  True False False False False  True False False False False False
 False False False False False False False False False False False False
 False False  True False False False  True False False False False False
 False False False False False False False False  True False False False
 False  True False False False False False]","[0.12, 0.76, 0.12]","[0.8614515429653226, -3.239708147186179]",0,False,False
134,82.0,750.0,0.0,1,1,0,"[False  True False False False  True False False False False False False
 False False  True False False False  True  True False False False  True
 False False False  True False False False False False  True False False
 False False  True False False False False False  True False False False
  True  True False False False  True  True False False False  True  True
 False False False False False False False]","[False False False False False False False False False False False False
 False False False False False False False False False False False False
 False False False False False False False False False False False False
 False False False False False False False False False False False False
 False False False False False False False False False False False False
 False False False False False False False]","[0.12, 0.76, 0.12]","[0.8614515429653226, -3.239708147186179]",0,False,False
135,83.0,750.0,0.0,1,1,0,"[False False False False  True False False False False False False False
 False False  True False False False False False  True False False False
  True False False False False False False False  True False False False
 False  True False False False False False  True False False False  True
  True False False  True  True  True False False False False False False
 False False False False False False False]","[False False False False False False False False False False False False
 False False False False False False False False False False False False
 False False False False False False False False False False False False
 False False False False False False False False False False False False
 False False False False False False False False False False False False
 False False False False False False False]","[0.16, 0.72, 0.12]","[1.3489755673346382, -3.186433243907485]",0,False,False
136,84.0,1500.0,0.0,1,0,0,"[False False False False False False False False False False False False
 False False False False False False False False False False False False
 False False False False False False False False False False False False
 False False False False False False False False False False False False
 False False False False False False False False False False False False
 False False False False False False False]","[False False False False False False False False False False False False
 False False False False False False False False False False False False
 False False False False False False False False False False False False
 False False False False False False False False False False False False
 False False False False False False False False False False False False
 False False False False False False False]","[0.2, 0.68, 0.12]","[1.6832381817308146, -3.129448528177626]",0,False,False
137,84.0,1500.0,0.0,1,1,0,"[False False  True  True False False False False False False False False
  True False False False False False False False  True False False False
 False  True False False False  True False False False False False  True
 False False False  True  True False False False False False  True False
 False False False  True  True False False False  True False False False
 False False False False False False False]","[False False False False False False False False False False False False
 False False False False False False False False False False False False
 False False False False False False False False False False False False
 False False False False False False False False False False False False
 False False False False False False False False False False False False
 False False False False False False False]","[0.2, 0.64, 0.16]","[1.6832381817308146, -3.068236651515649]",0,False,False
138,85.0,3000.0,0.0,-1,-1,0,"[False False False False False False False False False False False False
 False False False False False False False False False False False False
 False False False False False False False False False False False False
 False False False False False False False False False False  True False
 False False False False False False False False False False False False
 False False False False False False False]","[False False False False False False False False False False False False
 False False False False False  True False False False False False False
 False False False False False False False False False False False False
  True False False False False False  True False False False False False
 False False False  True False False False False False False False False
 False False False False False False False]","[0.24, 0.6, 0.16]","[1.9348386864218154, -3.002167432214091]",0,False,False
139,86.0,3000.0,0.0,-1,-1,0,"[False False False False False False False False False False False False
 False False False False False False False False False False False False
 False False False False False False False False False False False False
 False False False False False False False False False False False False
 False False False False False False False False False False False False
 False False False False False False False]","[False False False False False False False False False False False False
 False False False False False False False False False False False False
 False False False False  True  True False False False False  True False
 False False  True False False False False False False False False  True
 False False False  True False False False  True False False False  True
 False False False False False  True  True]","[0.24, 0.6, 0.16]","[1.9348386864218154, -2.2215409645048307]",0,False,False
140,87.0,1500.0,0.0,1,-1,0,"[False False False False False False False False False False False False
 False False False False False False False False False False False False
 False False False False False False False False False False False False
 False False False False False False False False False False False False
 False False False False False False False False False False False False
 False False False False False False False]","[False False False False False False False False  True False False False
  True  True False False False False False False False False False False
 False False False False False False False False False False False False
 False False False False False False False False False False False False
 False False False False False False False False False False False False
 False False False False False False False]","[0.24, 0.6, 0.16]","[1.9348386864218154, -1.6832410393848654]",0,False,False
141,87.0,1500.0,0.0,1,-1,0,"[False False False False  True False False False False False False False
 False False False False False False False False False False False False
 False False False False False False False False False False False False
 False False False False False False False False False False False False
 False False False False False False False False False False False False
 False False False False False False False]","[False False False False False False False False False False False False
 False False False False False False False False False False  True False
 False False False False False False False False  True False False False
 False False False False False False False False False False False False
 False False False False False False False False False False False False
 False False False False False False False]","[0.24, 0.6, 0.16]","[1.9348386864218154, -1.6832410393848654]",0,False,False
142,87.0,1500.0,0.0,1,-1,0,"[False False False False False False False False False False False False
 False False False False False False False False False False False False
 False False False False False False False False False False False False
 False False False False False False False False False False False False
 False False False False False False False False False False False False
 False False False False False False False]","[False False False False False False  True False False False  True False
 False False False False False False False False False False False False
 False False False False False False False False False False False False
 False False False False False False False False False False False False
 False False False False False False False False False False False False
 False False False False False False False]","[0.24, 0.6, 0.16]","[1.9348386864218154, -1.6832410393848654]",0,False,False
143,87.0,1500.0,0.0,1,-1,0,"[False False False False False False False False False False False False
 False False False False False False False False False False False False
 False False False False False False False False False False False False
 False False False False False False False False False False False False
 False False False False False False False False False False False False
 False False False False False False False]","[False False False False False False False False False False False False
 False False False False False False False False False False False False
 False False  True False False False False  True False False False False
 False False False False False False False False False False False False
 False False False False False False False False False False False False
 False False False False False False False]","[0.24, 0.6, 0.16]","[1.9348386864218154, -1.6832410393848654]",0,False,False
144,87.0,1500.0,0.0,1,-1,0,"[False False False False False False False False False False False False
 False False False False False False False False False False False False
 False False False False False False False False False False False False
 False False False False False False False False False False False False
 False False False False False False False False False False False False
 False False False False False False False]","[False False False False False False False  True False False False False
  True False False False False False False False False False False False
 False False False False False False False False False False False False
 False False False False False False False False False False False False
 False False False False False False False False False False False False
 False False False False False False False]","[0.24, 0.6, 0.16]","[1.9348386864218154, -1.6832410393848654]",0,False,False
145,87.0,1500.0,0.0,1,-1,0,"[False False False False False False False False False False False False
 False False False False False False False False False False False False
 False False False False False False False False False False False False
 False False False False False False False False False False False False
 False False False False False False False False False False False False
 False False False False False False False]","[False  True False False False False  True False False False False False
 False False False False False False False False False False False False
 False False False False False False False False False False False False
 False False False False False False False False False False False False
 False False False False False False False False False False False False
 False False False False False False False]","[0.24, 0.6, 0.16]","[1.9348386864218154, -1.6832410393848654]",0,False,False
146,87.0,1500.0,0.0,1,-1,0,"[False False False False False False False False False False False False
 False False False False False False False False False False False False
 False False False False False False False False False False False False
 False False False False False False False False False False False False
 False False False False False False False False False False False False
 False False False False False False False]","[False False False  True False False False False False False False False
 False False False False False  True False False False False False False
 False False False False False False False False False False False False
 False False False False False False False False False False False False
 False False False False False False False False False False False False
 False False False False False False False]","[0.24, 0.6, 0.16]","[1.9348386864218154, -1.6832410393848654]",0,False,False
147,87.0,1500.0,0.0,1,0,0,"[False False False False False False False False False False False False
 False False False False False False False False False False False False
 False False  True False False False False False False False False False
 False False False False False False False False False False False False
 False False False False False False False False False False False False
 False False False False False False False]","[False False False False False False False False False False False False
 False False False False False False False False False False False False
 False False False False False False False False False False False False
 False False False False False False False False False False False False
 False False False False False False False False False False False False
 False False False False False False False]","[0.24, 0.64, 0.12]","[1.9348386864218154, -1.7742916679085448]",0,False,True
148,88.0,1500.0,0.0,1,1,0,"[False False False False False False False False False False False False
 False False False False False False False False  True False False False
 False False False False False False False False False False False False
 False False False  True False False False False False False False False
 False False False False False False False False False False  True False
 False False False False False False False]","[False False False False False False False False False False False False
 False False False False False False False False False False False False
 False False False False False False False False False False False False
 False False False False False False False False False False False False
 False False False False False False False False False False False False
 False False False False False False False]","[0.24, 0.6, 0.16]","[1.9348386864218154, -1.6832410393848654]",0,False,True
149,89.0,3000.0,0.0,-1,-1,0,"[False False False False False False False False False False False False
 False False False False False False False False False False False False
 False False False False False False False False False False False False
 False False False False False False False False False False False False
 False False False False False False False False False False False False
 False False False False False False False]","[False False False False  True False False False False  True False False
 False False  True False False False False False False False False  True
 False False False  True False False False False False  True False False
  True  True False False False False False False False False False  True
 False False False False  True False False False False  True False False
 False False False False False False False]","[0.28, 0.6, 0.12]","[2.135136527393951, -1.6832410393848654]",0,False,True
150,90.0,6000.0,0.0,-1,-1,0,"[False False False False False False False False False False False False
 False False False False False False False False False False False False
 False False False False False False False False False False False False
 False False False False False False False False False False False False
 False False False False False False False False False False False False
 False False False False False False False]","[False False  True  True False False False False  True False False False
 False False False False False False False False False False False False
 False False  True False False False False False False False  True False
 False False False  True False False False False False  True False False
 False False  True False False False False False False False False False
 False False False False False False False]","[0.28, 0.64, 0.08]","[2.135136527393951, -1.34897851762444]",0,False,True
151,91.0,750.0,0.0,1,1,0,"[False False False False False False False False False False False False
 False False False False False False False False False False False False
 False False False False False False False False False False False False
 False  True False False False False False False False False False False
 False False False False  True False False False False  True False False
 False  True False False False False False]","[False False False False False False False False False False False False
 False False False False False False False False False False False False
 False False False False False False False False False False False False
 False False False False False False False False False False False False
 False False False False False False False False False False False False
 False False False False False False False]","[0.28, 0.64, 0.08]","[2.135136527393951, -0.9775521605649683]",0,False,True
152,92.0,750.0,0.0,1,1,0,"[False False False False False False False False False False False False
  True False False False False False False False False  True False False
 False False  True False False False False  True False False False False
 False False False False  True  True False False False False False False
 False False False  True False False False False False False False False
 False False False False False False False]","[False False False False False False False False False False False False
 False False False False False False False False False False False False
 False False False False False False False False False False False False
 False False False False False False False False False False False False
 False False False False False False False False False False False False
 False False False False False False False]","[0.32, 0.6, 0.08]","[2.300694208940575, -0.8614539877232001]",0,False,True
153,93.0,3000.0,0.0,-1,0,0,"[False False False False False False False False False False False False
 False False False False False False False False False False False False
 False False False False False False False False False False False False
 False False False False False False False False False False False False
 False False False False False False False False False False False False
 False False False False False False False]","[False False False False False False False False False False False False
 False False False False False False False False False False False False
 False False False False False False False False False False False False
 False False False False False False False False False False False False
 False False False False False False False False False False False False
 False False False False False False False]","[0.36, 0.56, 0.08]","[2.4412761378064363, -0.7322121668315051]",0,False,True
154,93.0,3000.0,0.0,-1,-1,0,"[False False False False False False False False False False False False
 False False False False False False False False False False False False
 False False False False False False False False False False False False
 False False False False False False False False False False False False
 False False False False False False False False False False False False
 False False False False False False False]","[False False False False False False False False False False False False
 False False False False False False False False False False False False
 False False False False False False False  True False False False False
 False False False False False False False False False False False False
 False False False False False False False  True False False False False
  True False False False  True False False]","[0.36, 0.52, 0.12]","[2.4412761378064363, -0.5867619998972957]",0,False,True
155,94.0,6000.0,0.0,-1,-1,0,"[False False False False False False False False False False False False
 False False False False False False False False False False False False
 False False False False False False False False False False False False
 False False False False False False False False False False False False
 False False False False False False False False False False False False
 False False False False False False False]","[False False False  True False False False False  True False False False
 False False False False False False  True False False False False  True
 False False False  True False False False False False False False False
 False False False False False False  True False False False False False
  True False False False False False False False False False False False
 False False False False False False False]","[0.36, 0.52, 0.12]","[2.4412761378064363, -0.1931170816217559]",0,False,True
156,95.0,6000.0,0.0,-1,-1,0,"[False False False False False False False False False False False False
 False False False False False False False False False False False False
 False False False False False False False False False False False False
 False False False False False False False False False False False False
 False False False False False False False False False False False False
 False False False False False False False]","[False False False False False False False False False False False False
 False False False False False False False False False False False False
 False False  True False False False False False  True False False False
 False False False False False False  True False False False False False
 False False False  True False False False  True False False False False
 False False False False False False  True]","[0.32, 0.56, 0.12]","[2.300694208940575, 0.0]",0,False,True
157,96.0,750.0,0.0,1,1,0,"[False False False False False False False False False False False False
 False False False False False False False False False False False False
 False False False False False False False  True False False False False
  True False False False False False False False False False  True False
 False False  True False False False  True False False False False  True
 False False False False False  True False]","[False False False False False False False False False False False False
 False False False False False False False False False False False False
 False False False False False False False False False False False False
 False False False False False False False False False False False False
 False False False False False False False False False False False False
 False False False False False False False]","[0.28, 0.6, 0.12]","[2.135136527393951, 0.16730335606762126]",0,False,True
158,97.0,1500.0,0.0,1,1,0,"[False False False False False False False False False False False False
 False False False False False False False False False False False False
 False False False False False False False False False False False False
 False False False False  True False False False False  True False False
 False False False False False False False  True False False False  True
 False False False  True False False False]","[False False False False False False False False False False False False
 False False False False False False False False False False False False
 False False False False False False False False False False False False
 False False False False False False False False False False False False
 False False False False False False False False False False False False
 False False False False False False False]","[0.28, 0.6, 0.12]","[nan, 0.16730335606762126]",0,False,True
159,98.0,1500.0,0.0,1,0,0,"[False False False False False False False False False False False False
 False False False False False False False False False False False False
 False False False False False False False False False False False False
 False False False False False False False False False False False False
 False False False False False False False False False False False False
 False False False False False False False]","[False False False False False False False False False False False False
 False False False False False False False False False False False False
 False False False False False False False False False False False False
 False False False False False False False False False False False False
 False False False False False False False False False False False False
 False False False False False False False]","[0.32, 0.56, 0.12]","[nan, 0.0]",0,False,True
160,98.0,1500.0,0.0,1,0,0,"[False False False False False False False False False False False False
 False False False False False False False False False False False False
 False False False False False False False False False False False False
 False False False False False False False False False False False False
 False False False False False False False False False False False False
 False False False False False False False]","[False False False False False False False False False False False False
 False False False False False False False False False False False False
 False False False False False False False False False False False False
 False False False False False False False False False False False False
 False False False False False False False False False False False False
 False False False False False False False]","[0.28, 0.56, 0.16]","[nan, 0.0]",0,False,True
161,98.0,1500.0,0.0,1,1,0,"[False False False False  True  True False False False False False False
 False False  True False False False  True False False False False False
 False False  True False False False False False False False False False
  True False False False  True  True False False False False  True False
 False False False False False False False False False False False False
 False False False False False False False]","[False False False False False False False False False False False False
 False False False False False False False False False False False False
 False False False False False False False False False False False False
 False False False False False False False False False False False False
 False False False False False False False False False False False False
 False False False False False False False]","[0.24, 0.56, 0.2]","[nan, 0.0]",0,False,True
162,99.0,750.0,0.0,1,1,0,"[False  True False False False  True  True False False False  True False
 False False False False False False False  True False False False  True
 False False False False  True False False False  True False False False
 False False False False False False  True  True False False  True  True
 False False False False False False False False False False False False
 False False False False False False False]","[False False False False False False False False False False False False
 False False False False False False False False False False False False
 False False False False False False False False False False False False
 False False False False False False False False False False False False
 False False False False False False False False False False False False
 False False False False False False False]","[0.28, 0.56, 0.16]","[nan, 0.0]",0,False,True
163,100.0,750.0,0.0,1,1,0,"[False False False  True False False False  True False False False False
  True False False False False  True False False False  True False False
 False  True False False False False  True False False False  True False
 False False False False  True  True False False  True  True False False
 False False  True False False False False False False False False False
 False False False False False False False]","[False False False False False False False False False False False False
 False False False False False False False False False False False False
 False False False False False False False False False False False False
 False False False False False False False False False False False False
 False False False False False False False False False False False False
 False False False False False False False]","[0.28, 0.56, 0.16]","[nan, 0.0]",0,False,True
164,101.0,3000.0,0.0,-1,-1,0,"[False False False False False False False False False False False False
 False False False False False False False False False False False False
 False False False False False False False False False False False False
 False False False False False False False False False False False False
 False False False False False False False False False False False False
 False False False False False False False]","[False False False False False False  True  True False False False  True
 False False False False  True False False False False False False False
 False  True False False False  True False False False  True False False
 False False False  True False False False False  True False False False
 False False  True False False False False False False False False False
 False False False False False False False]","[0.32, 0.52, 0.16]","[nan, -0.1931170816217559]",0,False,True
165,102.0,6000.0,0.0,-1,-1,0,"[False False False False False False False False False False False False
 False False False False False False False False False False False False
 False False False False False False False False False False False False
 False False False False False False False False False False  True False
 False False False False False False False False False False False False
 False False False False False False False]","[False False False False False False False  True False False False False
  True False False False False False False False False False False False
 False False False False False False False  True False False False False
 False False False False  True False False False False False False False
 False False False  True False False False False False False False False
 False False False False False False False]","[0.32, 0.52, 0.16]","[nan, -0.1931170816217559]",0,False,False
166,103.0,3000.0,0.0,-1,1,0,"[False  True False False False  True False False False False False False
 False False False False False False False False False False False False
 False False False False False False False False False False False False
 False False False False False False False False False False False False
 False False False False False False False False False False False False
 False False False False False False False]","[False False False False False False False False False False False False
 False False False False False False False False False False False False
 False False False False False False False False False False False False
 False False False False False False False False False False False False
 False False False False False False False False False False False False
 False False False False False False False]","[0.32, 0.52, 0.16]","[nan, 0.1931170816217559]",0,False,False
167,103.0,3000.0,0.0,-1,0,0,"[False False False False False False False False False False False False
 False False False False False False False False False False False False
 False False False False False False False False False False False False
 False False False False False False False False False False False False
 False False False False False False False False False False False False
 False False False False False False False]","[False False False False False False False False False False False False
 False False False False False False False False False False False False
 False False False False False False False False False False False False
 False False False False False False False False False False False False
 False False False False False False False False False False  True False
 False False False False False False False]","[0.36, 0.48, 0.16]","[2.4412761378064363, 0.42085643268640105]",0,False,False
168,103.0,3000.0,0.0,-1,0,0,"[False False False False False False False False False False False False
 False False False False False False False False False False False False
 False False False False False False False False False False False False
 False False False False False False False False False False False False
 False False False False False False False False False False False False
 False False False False False False False]","[False False False False False False False False False False False False
 False False False False False False False False False False False False
 False False False False False False False False False False False False
 False False False False False False False False False False False False
 False False False False False False False False False False False False
 False False False False False False False]","[0.36, 0.44, 0.2]","[2.4412761378064363, 0.6975107308138484]",0,False,False
169,103.0,3000.0,0.0,-1,-1,0,"[False False False False False False False False False False False False
 False False False False False False False False False False False False
 False False False False  True False False False False False False False
 False False False False False False False False False False False False
 False False False False False False False False False False False False
 False False False False False False False]","[ True False False False False False False False False False  True False
 False False False  True False False False False False False False False
  True False False False False  True False False False  True False False
 False  True False False False False  True  True False False False  True
  True False False False  True False False False False False False False
 False False False False False False False]","[0.36, 0.4, 0.24]","[2.4412761378064363, 1.04879987536743]",0,False,False
170,104.0,6000.0,0.0,-1,-1,0,"[False False False False False False False False False False False False
 False False False False False False False False False False False False
 False False False False False False False False False False False False
 False False False False False False False False False False False False
 False False False False False False False False False False False False
 False False False False False False False]","[False False False False False False False False False  True False False
 False False  True False False False False False False False False False
 False False False False False False False False False  True False False
 False False False False False False  True False False False False  True
 False False False False False  True False False False False  True False
 False False False False False False False]","[0.36, 0.4, 0.24]","[2.4412761378064363, 1.6832403249694212]",0,False,False
171,105.0,3000.0,0.0,-1,-1,0,"[False False False False False False False False False False False False
 False False False False False False False False False False False False
 False False False False False False False False False False False False
 False False False False False False False False False False False False
  True  True False False False False False False False False False False
 False False False False False False False]","[False False False False False False False False False False False False
 False False  True False False False False  True False False False False
 False False False False False  True False False False False  True False
 False False  True False False False False  True False False False False
 False  True False False False  True False False False False False False
  True False False False False False False]","[0.36, 0.4, 0.24]","[2.4412761378064363, 2.5630985764077403]",0,False,False
172,106.0,3000.0,0.0,-1,-1,0,"[False False False False False False False False False False False False
 False False False False False False False False False False False False
 False False False False False False False False False False False False
 False False False False False False False False False False False False
 False False False False False False False False False False False False
 False False False False False False False]","[False False False  True False False False  True False False False False
  True False False False False  True False False False False False False
 False False  True False False False False False False False  True False
 False False False  True False False False  True False False False False
  True False False False False False False False False False False False
 False False False False False False False]","[0.36, 0.4, 0.24]","[2.4412761378064363, nan]",0,False,False
173,107.0,750.0,0.0,1,1,0,"[False  True  True False False False False False False False False  True
 False False False False False False False False  True False False False
 False False False False  True False False False False False False False
 False False False  True False False False False False False False False
 False False False False False False False False False False False False
 False False False False False False False]","[False False False False False False False False False False False False
 False False False False False False False False False False False False
 False False False False False False False False False False False False
 False False False False False False False False False False False False
 False False False False False False False False False False False False
 False False False False False False False]","[0.36, 0.44, 0.2]","[2.4412761378064363, nan]",0,False,False
174,108.0,1500.0,0.0,1,1,0,"[False False False False False  True  True False False False  True False
 False False False False False False False False  True False False False
  True False False False  True False False False False  True False False
 False False False  True False False False False  True False False False
  True False False False False False False False False False False False
 False False False False False False False]","[False False False False False False False False False False False False
 False False False False False False False False False False False False
 False False False False False False False False False False False False
 False False False False False False False False False False False False
 False False False False False False False False False False False False
 False False False False False False False]","[0.36, 0.44, 0.2]","[2.4412761378064363, nan]",0,False,False
175,109.0,6000.0,0.0,-1,-1,0,"[False False False False False False False False False False False False
 False False False False False False False False False False False False
 False False False False False False False False False False False False
 False False False False False False False False False False False False
 False False False False False False False False False False False False
 False False False False False False False]","[False False False False False False False False False False False False
 False False False False False False False False False False False False
 False False False False False False False False False False False False
 False False False False False False  True  True False False False False
 False False False False False False False False False  True False False
 False  True False False False False  True]","[0.4, 0.4, 0.2]","[2.5630985764077403, nan]",0,False,False
176,110.0,1500.0,0.0,1,-1,0,"[False False False False False False False False False False False False
 False False False False False False False False False False False False
 False False False False False False False False False False False False
 False False False False False False False False False False False False
 False False False False False False False False False False False False
 False False False False False False False]","[False False False False False False False False False False False False
 False False False False False False False False False False False  True
 False False False False  True False False False False False False False
 False False False False False False False False False False False False
 False False False False False False False False False False False False
 False False False False False False False]","[0.4, 0.4, 0.2]","[2.5630985764077403, nan]",0,False,False
177,110.0,1500.0,0.0,1,-1,0,"[False False False False False False False False False False False False
 False False False False False False False False False False False False
 False False False False False False False False False False False False
 False False False False False False False False False False False False
 False False False False False False False False False False False False
 False False False False False False False]","[False False False False False  True False False False False False False
 False False False False False False False False False False False False
 False False False False  True  True False False False False False False
 False False False False False False False False False False False False
 False False False False False False False False False False False False
 False False False False False False False]","[0.36, 0.44, 0.2]","[2.4412761378064363, 2.670350930522295]",0,False,False
178,110.0,1500.0,0.0,1,1,0,"[False False False False False False False  True False False False False
 False False False False  True False False False  True False False False
 False  True False False False  True False False False  True False False
 False  True  True False False False  True False False False False False
  True False False False False  True  True False False False False False
 False False False False False False False]","[False False False False False False False False False False False False
 False False False False False False False False False False False False
 False False False False False False False False False False False False
 False False False False False False False False False False False False
 False False False False False False False False False False False False
 False False False False False False False]","[0.32, 0.48, 0.2]","[2.300694208940575, 1.9348409100817299]",0,False,False
179,111.0,6000.0,0.0,-1,1,0,"[ True False False False  True False False False False False False False
 False False False False False False False False False False False False
 False False False False False False False False False False False False
 False False False False False False False False False False False False
 False False False False False False False False False False False False
 False False False False False False False]","[False False False False False False False False False False False False
 False False False False False False False False False False False False
 False False False False False False False False False False False False
 False False False False False False False False False False False False
 False False False False False False False False False False False False
 False False False False False False False]","[0.36, 0.48, 0.16]","[2.4412761378064363, 1.9348409100817299]",0,False,False
180,111.0,6000.0,0.0,-1,0,0,"[False False False False False False False False False False False False
 False False False False False False False False False False False False
 False False False False False False False False False False False False
 False False False False False False False False False False False False
 False False False False False False False False False False False False
 False False False False False False False]","[False False False False False False False False False False False False
 False False False False False False False False False False False False
 False False False False False False False False False False False False
 False False False False False False False False False False False False
 False False False False False False False False False False False False
 False False False False False False False]","[0.4, 0.44, 0.16]","[1.6832403249694212, 1.8169135474117328]",0,False,False
181,111.0,6000.0,0.0,-1,1,0,"[False False False False False False  True False False False  True  True
 False False False False False False False False False False False False
 False False False False False False False False False False False False
 False False False False False False False False False False False False
 False False False False False False False False False False False False
 False False False False False False False]","[False False False False False False False False False False False False
 False False False False False False False False False False False False
 False False False False False False False False False False False False
 False False False False False False False False False False False False
 False False False False False False False False False False False False
 False False False False False False False]","[0.4, 0.4, 0.2]","[1.6832403249694212, 1.6832403249694212]",0,False,False
182,111.0,6000.0,0.0,-1,-1,0,"[False False False False False False False False False False False False
 False False False False False False False False False False False False
 False False False False False False False False False False False False
 False False False False False False False False False False False False
 False False False False False False False False False False False False
 False False False False False False False]","[False  True False False False False False False False False False False
 False False False  True False False False False False False False False
  True False False False False False False False False False False False
 False False False False False False  True False False  True False False
 False False False False False False  True False False False False False
 False False False False False False False]","[0.44, 0.36, 0.2]","[1.2091694501633, 1.5294172755398876]",0,False,False
183,112.0,3000.0,0.0,-1,-1,0,"[False False False False False False False False False False False False
 False False False False False False False False False False False False
 False False False False False False False False False False False False
  True  True False False False False False False False False False False
 False False False False False False False False False False False False
 False False False False False False False]","[False False False False False False False False False False False False
 False False False False False False  True False False False  True False
 False False False False False False False False False  True False False
 False  True False False False  True False False False False False False
 False False  True False False False False False False False False False
 False False False False False False False]","[0.4, 0.4, 0.2]","[1.04879987536743, 1.6832403249694212]",0,False,False
184,113.0,1500.0,0.0,1,-1,0,"[False False False False False False False False False False False False
 False False False False False False False False False False False False
 False False False False False False False False False False False False
 False False False False False False False False False False False False
 False False False False False False False False False False False False
 False False False False False False False]","[False False False False False False False False False False False False
 False False False False False False False False False False False  True
  True False False False False False False False False False False False
 False False False False False False False False False False False False
 False False False False False False False False False False False False
 False False False False False False False]","[0.36, 0.44, 0.2]","[0.8614535802617546, 1.8169135474117328]",0,False,False
185,113.0,1500.0,0.0,1,1,0,"[False False  True  True False False False  True False False False False
  True False False False  True False False False  True False False False
  True False False False  True False False False False False  True False
 False False False False False False False False False False False False
 False False False False False False False False False False False False
 False False False False False False False]","[False False False False False False False False False False False False
 False False False False False False False False False False False False
 False False False False False False False False False False False False
 False False False False False False False False False False False False
 False False False False False False False False False False False False
 False False False False False False False]","[0.36, 0.48, 0.16]","[0.8614535802617546, 1.348978189813191]",0,False,False
186,114.0,750.0,0.0,1,1,0,"[ True  True False False False  True False False False False False False
 False False False  True False False False  True False False False  True
 False False False False False False False False False False  True False
 False False False False  True False False False False  True False False
 False False False False False False False False False False False False
 False False False False False False False]","[False False False False False False False False False False False False
 False False False False False False False False False False False False
 False False False False False False False False False False False False
 False False False False False False False False False False False False
 False False False False False False False False False False False False
 False False False False False False False]","[0.4, 0.48, 0.12]","[1.04879987536743, 1.348978189813191]",0,False,False
187,115.0,750.0,0.0,1,1,0,"[ True False False False  True False False False False  True False False
 False False  True False False False  True False False False False False
 False False False  True False False False False False  True False False
 False  True  True False False False False False False False False False
 False False False False False False False False False False False False
 False False False False False False False]","[False False False False False False False False False False False False
 False False False False False False False False False False False False
 False False False False False False False False False False False False
 False False False False False False False False False False False False
 False False False False False False False False False False False False
 False False False False False False False]","[0.4, 0.48, 0.12]","[1.04879987536743, 1.348978189813191]",0,False,False
188,116.0,6000.0,0.0,-1,-1,0,"[False False False False False False False False False False False False
 False False False False False False False False False False False False
 False False False False False False False False False False False False
 False False False False False False False False False False False False
 False False False False False False False False False False False False
 False False False False False False False]","[False False False False False False False False False False False False
 False False False False False False False False False False False False
 False False False False False False False False False False False False
 False False False False False False False False False False False False
 False False False  True False False False False  True False False False
 False  True False False False False False]","[0.4, 0.48, 0.12]","[1.04879987536743, 1.348978189813191]",0,False,False
189,117.0,1500.0,0.0,1,1,0,"[False False False False False False False False False False False False
 False False False False False False False False False False False False
 False False False False False False False False False  True False False
 False  True  True False False False False  True False False False  True
 False False False False False False False False False False False False
  True False False False  True False False]","[False False False False False False False False False False False False
 False False False False False False False False False False False False
 False False False False False False False False False False False False
 False False False False False False False False False False False False
 False False False False False False False False False False False False
 False False False False False False False]","[0.36, 0.52, 0.12]","[0.8614535802617546, 1.472630473950306]",0,False,False
190,118.0,6000.0,0.0,-1,1,0,"[False False False  True False False  True  True False False False False
 False False False False False False False False False False False False
 False False False False False False False False False False False False
 False False False False False False False False False False False False
 False False False False False False False False False False False False
 False False False False False False False]","[False False False False False False False False False False False False
 False False False False False False False False False False False False
 False False False False False False False False False False False False
 False False False False False False False False False False False False
 False False False False False False False False False False False False
 False False False False False False False]","[0.4, 0.48, 0.12]","[1.04879987536743, 1.348978189813191]",0,False,False
191,118.0,6000.0,0.0,-1,-1,0,"[False False False False False False False False False False False False
 False False False False False False False False False False False False
 False False False False False False False False False False False False
 False False False False False False False False False False False False
 False False False False False False False False False False False False
 False False False False False False False]","[False False  True False False False False False False False False False
 False False False False False False False False False False False False
 False False False False False False False False False False False False
 False False False False False False False False False False False False
 False False False False False  True False False False False False False
 False False False  True False False False]","[0.44, 0.44, 0.12]","[0.6975107308138484, 1.2091694501633]",0,False,False
192,119.0,3000.0,0.0,-1,0,0,"[False False False False False False False False False False False False
 False False False False False False False False False False False False
 False False False False False False False False False False False False
 False False False False False False False False False False False False
 False False False False False False False False False False False False
 False False False False False False False]","[False False False False False False False False False False False False
 False False False False False False False False False False  True False
 False False False False False False False False False False False False
 False False False False False False False False False False False False
 False False False False False False False False False False False False
 False False False False False False False]","[0.4, 0.48, 0.12]","[1.04879987536743, 1.348978189813191]",0,False,False
193,119.0,3000.0,0.0,-1,0,0,"[False False False False False False False False False False False False
 False False False False False False False False False False False False
 False False False False False False False False False False False False
 False False False False False False False False False False False False
 False False False False False False False False False False False False
 False False False False False False False]","[False False False False False False False False False False False False
 False False False False False False False False False False False False
 False False False False False False False False False False False False
 False False False False False False False False False False False False
 False False False False False False False False False False False False
 False False False False False False False]","[0.4, 0.48, 0.12]","[1.04879987536743, 1.348978189813191]",0,False,False
194,119.0,3000.0,0.0,-1,1,0,"[False False False False False False False False False False False False
 False False False False False False False False False False False False
 False False False False False False False False  True False False False
  True  True False False False False False False False False False False
 False False False False False False False False False False False False
 False False False False False False False]","[False False False False False False False False False False False False
 False False False False False False False False False False False False
 False False False False False False False False False False False False
 False False False False False False False False False False False False
 False False False False False False False False False False False False
 False False False False False False False]","[0.4, 0.48, 0.12]","[1.04879987536743, 1.348978189813191]",0,False,False
195,119.0,3000.0,0.0,-1,0,0,"[False False False False False False False False False False False False
 False False False False False False False False False False False False
 False False False False False False False False False False False False
 False False False False False False False False False False False False
 False False False False False False False False False False False False
 False False False False False False False]","[False False False False False False False False False False False False
 False False False False False False False False False False False False
 False False False False False False False False False False False False
 False False False False False False False False False False False False
 False False False False False False False False False False False False
 False False False False False False False]","[0.44, 0.44, 0.12]","[0.6975107308138484, 1.2091694501633]",0,False,False
196,119.0,3000.0,0.0,-1,0,0,"[False False False False False False False False False False False False
 False False False False False False False False False False False False
 False False False False False False False False False False False False
 False False False False False False False False False False False False
 False False False False False False False False False False False False
 False False False False False False False]","[False False False False False False False False False False False False
 False False False False False False False False False False False False
  True False False False False False False False False False False False
 False False False False False False False False False False False False
 False False False False False False False False False False False False
 False False False False False False False]","[0.44, 0.4, 0.16]","[0.6975107308138484, 1.04879987536743]",0,False,False
197,119.0,3000.0,0.0,-1,0,0,"[False False False False False False False False False False False False
 False False False False False False False False False False False False
 False False False False False False False False False False False False
 False False False False False False False False False False False False
 False False False False False False False False False False False False
 False False False False False False False]","[False False False False False False False False False False False False
 False False False False False False False False False False False False
 False False False False False False False False False False False False
 False False False False False False False False False False False False
 False False False False False False False False False False False False
 False False False False False False False]","[0.44, 0.36, 0.2]","[0.6975107308138484, 0.8614535802617546]",0,False,False
198,119.0,3000.0,0.0,-1,0,0,"[False False False False False False False False False False False False
 False False False False False False False False False False False False
 False False False False False False False False False False False False
 False False False False False False False False False False False False
 False False False False False False False False False False False False
 False False False False False False False]","[False False False False False False False False False False False False
 False False False False False False False False False False False False
 False False False False False False False False False False False False
 False False False False False False False False False False False False
 False False False False False False False False False False False False
 False False False False False False False]","[0.44, 0.32, 0.24]","[0.6975107308138484, 0.6372779040108865]",0,False,False
199,119.0,3000.0,0.0,-1,0,0,"[False False False False False False False False False False False False
 False False False False False False False False False False False False
 False False False False False False False False False False False False
 False False False False False False False False False False False False
 False False False False False False False False False False False False
 False False False False False False False]","[False False False False False False False False False False False False
 False False False False False False False False False False False False
 False False False False False False False False False False False False
 False False False False False False False False False False False False
 False False False False False False False False False False False False
 False False False False False False False]","[0.4, 0.32, 0.28]","[0.5066936887499858, 0.6372779040108865]",0,False,False
200,119.0,3000.0,0.0,-1,0,0,"[False False False False False False False False False False False False
 False False False False False False False False False False False False
 False False False False False False False False False False False False
 False False False False False False False False False False False False
 False False False False False False False False False False False False
 False False False False False False False]","[False False False False False False False False False False False False
 False False False False False False False False False False False False
 False False False False False False False False False False False False
 False False False False False False False False False False False False
 False False False False False False False False False False False False
 False False False False False False False]","[0.36, 0.32, 0.32]","[0.2794202853486787, 0.6372779040108865]",0,False,False
