,Trial index,Stim frequency,Stim AM rate,Category,Response,Task,Right licks,Left licks,Choice rate,dprimes,Timeline events,Flagged,Easy
0,0.0,3000.0,0.0,-1,-1,0,"[False False False False False False False False False False False False
 False False False False False False False False False False False False
 False False False False False False False False False False False False
 False False False False False False False False False False False False
 False False False False False False False False False False False False
 False False False False False False False]","[False False False False False False False False False False False  True
 False False False  True False False False  True False False False  True
  True False False  True False False False  True False False False False
 False False False False False  True False False False False False False
 False False False False False False False  True False False False False
 False False False False False  True  True]","[0, 0, 0]","[0, 0]",0,False,False
1,1.0,6000.0,0.0,-1,-1,0,"[False False False False False False False False False False False False
 False False False False False False False False False False False False
 False False False False False False False False False False False False
 False False False False False False False False False False False False
 False False False False False False False False False False False False
 False False False False False False False]","[False False False False False False  True False False False False False
 False False False False  True False False False  True  True False False
  True  True False False False  True False False False False  True  True
 False False  True False False False False False False False False False
 False False  True  True False False  True  True False False  True  True
 False False False False False False False]","[0.0, 1.0, 0.0]","[0.0, nan]",0,False,True
2,2.0,6000.0,0.0,-1,-1,0,"[False False False False False False False False False False False False
 False False False False False False False False False False False False
 False False False False False False False False False False False False
 False False False False False False False False False False False False
 False False False False False False False False False False False False
 False False False False False False False]","[False False False False False False  True False False False False  True
 False False False False  True False False  True  True False False False
 False False False False  True  True False False False  True False False
 False False  True False False False  True False False False False  True
  True False False False  True False False False False False  True False
 False False  True False False False False]","[0.0, 1.0, 0.0]","[0.0, nan]",0,False,True
3,3.0,3000.0,0.0,-1,-1,0,"[False False False False False False False False False False False False
 False False False False False False False False False False False False
 False False False False False False False False False False False False
 False False False False False False False False False False False False
 False False False False False False False False False False False False
 False False False False False False False]","[ True  True False False False  True  True False False  True  True False
 False False False False False False  True False False False  True False
 False False False False False False False False  True  True False False
 False False  True  True False False  True  True False False False False
  True  True False False False  True False False False False False False
 False False False False False False False]","[0.0, 1.0, 0.0]","[0.0, nan]",0,False,True
4,4.0,1500.0,0.0,1,1,0,"[False False False False False False False False False False False False
 False False False False False False False False False False False False
 False False False False False False False False False False False False
 False False False False False False  True False False False False False
 False False False  True False False False False  True False False False
  True False False False  True  True False]","[False False False False False False False False False False False False
 False False False False False False False False False False False False
 False False False False False False False False False False False False
 False False False False False False False False False False False False
 False False False False False False False False False False False False
 False False False False False False False]","[0.0, 1.0, 0.0]","[0.0, nan]",0,False,True
5,5.0,3000.0,0.0,-1,-1,0,"[False False False False False False False False False False False False
 False False False False False False False False False False False False
 False False False False False False False False False False False False
 False False False False False False False False False False False False
 False False False False False False False False False False False False
 False False False False False False False]","[False False False False False False False False  True False False False
 False False False False False  True False False False  True  True False
 False  True  True False False False False False False False False  True
  True False False False False False False False  True False False False
 False False False False False False  True False False False  True  True
 False False False  True False False False]","[0.2, 0.8, 0.0]","[nan, nan]",0,False,True
6,6.0,750.0,0.0,1,1,0,"[False False False False False False False False False False False False
 False False False False False False False False False False False False
 False False False False False False False False False False False False
 False False False False False False False False False False False False
 False False False False  True False False False False  True False False
 False False  True False False False  True]","[False False False False False False False False False False False False
 False False False False False False False False False False False False
 False False False False False False False False False False False False
 False False False False False False False False False False False False
 False False False False False False False False False False False False
 False False False False False False False]","[0.16666666666666666, 0.8333333333333334, 0.0]","[nan, nan]",0,False,True
7,7.0,1500.0,0.0,1,1,0,"[False False False False False False False False False False False False
 False False False False False False False False False False  True False
 False False  True  True False False False False  True False False False
  True False False False False False False False False False False False
 False False False False False False False  True False False False False
 False False False False False False False]","[False False False False False False False False False False False False
 False False False False False False False False False False False False
 False False False False False False False False False False False False
 False False False False False False False False False False False False
 False False False False False False False False False False False False
 False False False False False False False]","[0.2857142857142857, 0.7142857142857143, 0.0]","[nan, nan]",0,False,True
8,8.0,1500.0,0.0,1,1,0,"[False False False False False False False False False False False False
 False False False False False  True False False False False False False
 False False  True False False False False False False False False False
  True False False False  True False False False False False False False
 False False  True  True False False False False False False False False
 False False False False False False False]","[False False False False False False False False False False False False
 False False False False False False False False False False False False
 False False False False False False False False False False False False
 False False False False False False False False False False False False
 False False False False False False False False False False False False
 False False False False False False False]","[0.375, 0.625, 0.0]","[nan, nan]",0,False,True
9,9.0,6000.0,0.0,-1,-1,0,"[False False False False False False False False False False False False
 False False False False False False False False False False False False
 False False False False False False False False False False False False
 False False False False False False False False False False False False
 False False False False False False False False False False False False
 False False False False False False False]","[False False False False False False False  True  True False False False
 False False False False False  True False False  True  True False False
 False  True False False False False False  True False False False False
 False False False False False  True  True False False False False False
 False False  True False False False  True False False False False False
 False False False False False False False]","[0.4444444444444444, 0.5555555555555556, 0.0]","[nan, nan]",0,False,True
10,10.0,750.0,0.0,1,1,0,"[False False False False  True False False False False False False False
 False  True False False False  True  True False False False  True False
 False False False False False False False False False False False False
 False  True False False False False False False False  True False False
 False False False False False False False False False False False  True
  True False False False False False False]","[False False False False False False False False False False False False
 False False False False False False False False False False False False
 False False False False False False False False False False False False
 False False False False False False False False False False False False
 False False False False False False False False False False False False
 False False False False False False False]","[0.4, 0.6, 0.0]","[nan, nan]",0,False,True
11,11.0,750.0,0.0,1,1,0,"[False False False False False False False False False False False False
 False False  True False False False False False False False False  True
 False False False False  True False False False  True  True False False
 False False False False False False False False False False False  True
 False False False False False False False  True False False False False
 False False False False False  True False]","[False False False False False False False False False False False False
 False False False False False False False False False False False False
 False False False False False False False False False False False False
 False False False False False False False False False False False False
 False False False False False False False False False False False False
 False False False False False False False]","[0.45454545454545453, 0.5454545454545454, 0.0]","[nan, nan]",0,False,True
12,12.0,1500.0,0.0,1,1,0,"[False False False False False False False False False False False False
 False False False False False False False False False False False False
 False False False False False False False False False  True False False
 False  True False False False False  True  True False False False  True
 False False False False False False False  True False False False False
 False False False False False False False]","[False False False False False False False False False False False False
 False False False False False False False False False False False False
 False False False False False False False False False False False False
 False False False False False False False False False False False False
 False False False False False False False False False False False False
 False False False False False False False]","[0.5, 0.5, 0.0]","[nan, nan]",0,False,True
13,13.0,3000.0,0.0,-1,-1,0,"[False False False False False False False False False False False False
 False False False False False False False False False False False False
 False False False False False False False False False False False False
 False False False False False False False False False False False False
 False False False False False False False False False False False False
 False False False False False False False]","[False False False False False False False False False False False False
 False False False False False False False False False False False  True
 False False False False  True False False False  True  True False False
  True  True False False False  True False False False False False  True
 False False False  True  True False False False False False  True False
 False  True  True False False False False]","[0.5384615384615384, 0.46153846153846156, 0.0]","[nan, nan]",0,False,True
14,14.0,750.0,0.0,1,1,0,"[False False False False False False False False False False False False
 False False False False  True False False False False  True False False
 False False  True False False False  True  True False False False  True
 False False False  True False False False False False False False False
 False False False False False  True  True False False False False False
 False False False False False False False]","[False False False False False False False False False False False False
 False False False False False False False False False False False False
 False False False False False False False False False False False False
 False False False False False False False False False False False False
 False False False False False False False False False False False False
 False False False False False False False]","[0.5, 0.5, 0.0]","[nan, nan]",0,False,True
15,15.0,6000.0,0.0,-1,-1,0,"[False False False False False False False False False False False False
 False False False False False False False False False False False False
 False False False False False False False False False False False False
 False False False False False False False False False False False False
 False False False False False False False False False False False False
 False False False False False False False]","[ True False False False False False False False False  True False False
 False  True  True False False  True  True False False False  True False
 False False  True  True False False  True  True False False False False
  True False False False False False  True False False False  True False
 False False False False False False False False False False False False
 False False False False False False False]","[0.5333333333333333, 0.4666666666666667, 0.0]","[nan, nan]",0,False,True
16,16.0,6000.0,0.0,-1,-1,0,"[False False False False False False False False False False False False
 False False False False False False False False False False False False
 False False False False False False False False False False False False
 False False False False False False False False False False False False
 False False False False False False False False False False False False
 False False False False False False False]","[False False False False False False  True False False False False False
 False False False  True False False False False  True False False False
  True False False False  True False False False False False False False
 False False  True  True False False False False False False False False
  True  True False False False  True False False False False False False
 False False False False False False False]","[0.5, 0.5, 0.0]","[nan, nan]",0,False,True
17,17.0,3000.0,0.0,-1,-1,0,"[False False False False False False False False False False False False
 False False False False False False False False False False False False
 False False False False False False False False False False False False
 False False False False False False False False False False False False
 False False False False False False False False False False False False
 False False False False False False False]","[ True False False False False False False False False  True False False
 False False  True  True False False  True  True False False  True  True
 False False False  True  True False False False False  True  True False
 False  True False False False False False  True False False False False
  True False False False False False False False False False False False
 False False False False False False False]","[0.47058823529411764, 0.5294117647058824, 0.0]","[nan, nan]",0,False,True
18,18.0,1500.0,0.0,1,1,0,"[False False False False False False False False False False False False
 False False False False  True False False False False False False False
 False  True False False False False  True False False False  True False
 False False False False False False False False False False False False
 False False False False False False False False False False False False
 False  True False False False False False]","[False False False False False False False False False False False False
 False False False False False False False False False False False False
 False False False False False False False False False False False False
 False False False False False False False False False False False False
 False False False False False False False False False False False False
 False False False False False False False]","[0.4444444444444444, 0.5555555555555556, 0.0]","[nan, nan]",0,False,True
19,19.0,6000.0,0.0,-1,-1,0,"[False False False False False False False False False False False False
 False False False False False False False False False False False False
 False False False False False False False False False False False False
 False False False False False False False False False False False False
 False False False False False False False False False False False False
 False False False False False False False]","[False False False False False False False False False False False False
 False False  True False False False False False False False False False
 False False False False False False False False False False False False
 False False  True False False False False  True False False False  True
 False False False  True  True False False False  True False False False
 False  True  True False False False False]","[0.47368421052631576, 0.5263157894736842, 0.0]","[nan, nan]",0,False,False
20,20.0,1500.0,0.0,1,-1,0,"[False False False False False False False False False False False False
 False False False False False False False False False False False False
 False False False False False False False False False False False False
 False False False False False False False False False False False False
 False False False False False False False False False False False False
 False False False False False False False]","[False False  True False False False False False False False False False
 False False False  True False False False False False False False False
 False False False False False False False False False False False False
 False False False False False False False False False False False False
 False False False False False False False False False False False False
 False False False False False False False]","[0.45, 0.55, 0.0]","[nan, nan]",0,False,False
21,20.0,1500.0,0.0,1,-1,0,"[False False False False False False False False False False False False
 False False False False False False False False False False False False
 False False False False False False False False False False False False
 False False False False False False False False False False False False
 False False False False False False False False False False False False
 False False False False False False False]","[ True False False False False False False False False  True False False
 False False False False False False False False False False False False
 False False False False False False False False False False False False
 False False False False False False False False False False False False
 False False False False False False False False False False False False
 False False False False False False False]","[0.42857142857142855, 0.5714285714285714, 0.0]","[nan, 2.765983730024195]",0,False,False
22,21.0,750.0,0.0,1,-1,0,"[False False False False False False False False False False False False
 False False False False False False False False False False False False
 False False False False False False False False False False False False
 False False False False False False False False False False False False
 False False False False False False False False False False False False
 False False False False False False False]","[False False  True False False False False False False False False  True
 False False False False False False False False False False False False
 False False False False False False False False False False False False
 False False False False False False False False False False False False
 False False False False False False False False False False False False
 False False False False False False False]","[0.4090909090909091, 0.5909090909090909, 0.0]","[nan, 2.0401502213058973]",0,False,False
23,21.0,750.0,0.0,1,-1,0,"[False False False False False False False False False False False False
 False False False False False False False False False False False False
 False False False False False False False False False False False False
 False False False False False False False False False False False False
 False False False False False False False False False False False False
 False False False False False False False]","[False  True False False False False  True False False False False False
 False False False False False False False False False False False False
 False False False False False False False False False False False False
 False False False False False False False False False False False False
 False False False False False False False False False False False False
 False False False False False False False]","[0.391304347826087, 0.6086956521739131, 0.0]","[nan, 1.583275816739861]",0,False,False
24,22.0,6000.0,0.0,-1,-1,0,"[False False False False False False False False False False False False
 False False False False False False False False False False False False
 False False False False False False False False False False False False
 False False False False False False False False False False False False
 False False False False False False False False False False False False
 False False False False False False False]","[False False False False False False False False False False False False
  True False False False False  True False False False  True  True False
 False  True  True False False False  True False False False  True False
 False False  True  True False False False False  True False False False
 False  True  True False False  True  True False False False False False
  True False False False  True False False]","[0.375, 0.625, 0.0]","[nan, 1.2458505001420814]",0,False,False
25,23.0,3000.0,0.0,-1,-1,0,"[False False False False False False False False False False False False
 False False False False False False False False False False False False
 False False False False False False False False False False False False
 False False False False False False False False False False False False
 False False False False False False False False False False False False
 False False False False False False False]","[False  True False False False  True  True False False False  True  True
 False False  True  True False False False  True False False False  True
 False False False False  True  True False False False False False False
 False False  True  True False False False  True  True False False False
  True False False False False False False False False False  True False
 False False False False False False False]","[0.36, 0.64, 0.0]","[nan, 1.34897851762444]",0,False,False
26,24.0,3000.0,0.0,-1,-1,0,"[False False False False False False False False False False False False
 False False False False False False False False False False False False
 False False False False False False False False False False False False
 False False False False False False False False False False False False
 False False False False False False False False False False False False
 False False False False False False False]","[False False False False False False False  True False False False False
 False False False False  True False False False False  True False False
 False  True False False False  True  True False False  True  True False
 False False False  True  True False False False False False False False
 False  True False False False False  True False False False  True  True
 False False False False False False False]","[0.36, 0.64, 0.0]","[nan, 1.34897851762444]",0,False,False
27,25.0,1500.0,0.0,1,-1,0,"[False False False False False False False False False False False False
 False False False False False False False False False False False False
 False False False False False False False False False False False False
 False False False False False False False False False False False False
 False False False False False False False False False False False False
 False False False False False False False]","[False  True False False False False False False False False False False
 False False False  True False False False False False False False False
 False False False False False False False False False False False False
 False False False False False False False False False False False False
 False False False False False False False False False False False False
 False False False False False False False]","[0.36, 0.64, 0.0]","[nan, 1.34897851762444]",0,False,False
28,25.0,1500.0,0.0,1,1,0,"[False False False False False False False False False False False False
 False False False False False False False False False False False  True
 False False False  True False False False False  True False False False
  True  True False False False False False False False False False False
 False False False  True False False False False False False False False
 False False False False False False False]","[False False False False False False False False False False False False
 False False False False False False False False False False False False
 False False False False False False False False False False False False
 False False False False  True  True False False False False False False
 False False False False False False False False False False False False
 False False False False False False False]","[0.36, 0.64, 0.0]","[nan, 0.9775521605649683]",0,False,False
29,26.0,750.0,0.0,1,-1,0,"[False False False False False False False False False False False False
 False False False False False False False False False False False False
 False False False False False False False False False False False False
 False False False False False False False False False False False False
 False False False False False False False False False False False False
 False False False False False False False]","[False False False False False False False  True False False False False
 False False False False  True False False False False False False False
 False False False False False False False False False False False False
 False False False False False False False False False False False False
 False False False False False False False False False False False False
 False False False False False False False]","[0.4, 0.6, 0.0]","[nan, 0.8614539877232001]",0,False,False
30,26.0,750.0,0.0,1,-1,0,"[False False False False False False False False False False False False
 False False False False False False False False False False False False
 False False False False False False False False False False False False
 False False False False False False False False False False False False
 False False False False False False False False False False False False
 False False False False False False False]","[False False False False False False False False False False False False
 False  True False False False  True False False False False False False
 False False False False False False False False False False False False
 False False False False False False False False False False False False
 False False False False False False False False False False False False
 False False False False False False False]","[0.36, 0.64, 0.0]","[nan, 0.6372783160801316]",0,False,False
31,26.0,750.0,0.0,1,1,0,"[False False False False False False False False False False False False
 False  True False False False  True False False False False  True  True
 False False False  True False False False False False False False False
 False False False False False False False False False  True False False
 False False False False False False False  True False False False  True
 False False False  True False False False]","[False False False False False False False False False False False False
 False False False False False False False False False False False False
 False False False False False False  True  True False False False False
 False False False False False False False False False False False False
 False False False False False False False False False False False False
 False False False False False False False]","[0.36, 0.64, 0.0]","[nan, 0.31462117104709175]",0,False,False
32,27.0,750.0,0.0,1,1,0,"[False False False False False False False False False  True False False
 False False False False False False False False False False  True False
 False False False  True False False False  True  True False False False
 False False False False  True  True False False False False False False
 False False False False False False False  True False False False False
 False False False False False False False]","[False False False False False False False False False False False False
 False False False False False False False False False False False False
 False False False False False False False  True False False False False
  True False False False False False False False  True False False False
 False False False False False False False False False False False False
 False False False False False False False]","[0.36, 0.64, 0.0]","[nan, 0.31462117104709175]",0,False,False
33,28.0,750.0,0.0,1,1,0,"[False False False False False False False  True False False False False
 False False False False False False False False  True False False False
  True  True False False False  True False False False  True  True False
 False False  True False False False False False  True False False False
 False False False False False False  True False False False False False
 False False False False False False False]","[False False False False False False False False False False False False
 False False False False False False False False False False False False
 False False False False False False False False False  True  True False
 False False  True False False False False False False False False False
  True False False False False False False False False False  True False
 False False False False False False False]","[0.36, 0.64, 0.0]","[nan, 0.31462117104709175]",0,False,False
34,29.0,6000.0,0.0,-1,-1,0,"[False False False False False False False False False False False False
 False False False False False False False False False False False False
 False False False False False False False False False False False False
 False False False False False False False False False False False False
 False False False False False False False False False False False False
 False False False False False False False]","[False  True False False False False False False False False False  True
 False False False  True  True False False  True  True False False  True
  True False False False  True  True False False False False  True  True
 False False  True False False False False False  True  True False False
  True  True False False False False False False False False False False
 False False False False  True False False]","[0.36, 0.64, 0.0]","[nan, 0.31462117104709175]",0,False,False
35,30.0,1500.0,0.0,1,1,0,"[False False  True False False False  True False False False False  True
  True False False False  True False False  True  True False False False
  True False False False False False False False False False  True  True
 False False False False False False False  True False False False False
 False  True False False False False False False False False  True False
 False False False False False False False]","[False False False False False False False False False False False False
 False False False False False False False  True  True False False False
  True False False False False False False False False False False False
 False False  True False False False False False False False False False
 False  True False False False False False False False False False False
 False False False False False False False]","[0.36, 0.64, 0.0]","[nan, 0.31462117104709175]",0,False,False
36,31.0,3000.0,0.0,-1,-1,0,"[False False False False False False False False False False False False
 False False False False False False False False False False False False
 False False False False False False False False False False False False
 False False False False False False False False False False False False
 False False False False False False False False False False False False
 False False False False False False False]","[False  True False False False False  True False False False  True  True
 False False  True  True False False False  True  True False False  True
  True False False False  True False False False False  True  True False
 False False  True False False False  True  True False False False False
 False False False False False False False False False False False False
 False False False False False False False]","[0.36, 0.64, 0.0]","[nan, 0.31462117104709175]",0,False,False
37,32.0,1500.0,0.0,1,-1,0,"[False False False False False False False False False False False False
 False False False False False False False False False False False False
 False False False False False False False False False False False False
 False False False False False False False False False False False False
 False False False False False False False False False False False False
 False False False False False False False]","[False  True False False False  True False False False False False False
 False False False False False False False False False False False False
 False False False False False False False False False False False False
 False False False False False False False False False False False False
 False False False False False False False False False False False False
 False False False False False False False]","[0.32, 0.68, 0.0]","[nan, 0.4460153952645921]",0,False,False
38,32.0,1500.0,0.0,1,1,0,"[False  True False False False False False False False False  True False
 False False False  True  True False False False False False False False
 False False False False  True False False False  True  True False False
 False False False False False False False  True False False False False
 False False False False False False False  True False False False False
 False  True False False False False  True]","[False False False False False False False False False False False False
 False False False False False False False False False False False False
 False False False False False False False False False False False False
  True False False False False False False False False False  True  True
 False False False False False False False False False False False False
 False False False False False False False]","[0.28, 0.72, 0.0]","[nan, 0.2794204416008008]",0,False,False
39,33.0,750.0,0.0,1,1,0,"[False False False  True False False False False False False False False
 False  True False False False  True  True False False False  True False
 False False  True False False False False False False False False False
 False False False False False False False False False False False False
 False False False  True False False False False False False False False
  True False False False False False False]","[False False False False False False False False False False False False
 False False False False False False False False False False False False
 False False  True False False False  True False False False False False
 False False False False  True False False False False False False False
 False False False False False False False False False False False False
 False False False False False False False]","[0.32, 0.68, 0.0]","[nan, 0.1475824606895068]",0,False,False
40,34.0,1500.0,0.0,1,0,0,"[False False False False False False False False False False False False
 False False False False False False False False False False False False
 False False False False False False False False False False False False
 False False False False False False False False False False False False
 False False False False False False False False False False False False
 False False False False False False False]","[False False False False  True False False False False False False False
 False False False False False False False False False False False False
 False False False False False False False False False False False False
 False False False False False False False False False False False False
 False False False False False False False False False False False False
 False False False False False False False]","[0.32, 0.68, 0.0]","[nan, 0.1475824606895068]",0,False,False
41,34.0,1500.0,0.0,1,1,0,"[False False  True False False False  True False False False False  True
 False False False False  True False False  True  True False False False
  True False False False  True False False False False False False False
 False False False  True False False False False False False False  True
 False False False False False False False False False False False False
 False False False False False False False]","[False False False False False False False False False False False False
 False False False False False False False False  True False False False
  True False False False  True False False False False False False False
 False False False False False False  True False False False False False
 False False False  True False False False False False False False False
 False False False False False False False]","[0.32, 0.64, 0.04]","[nan, 0.0]",0,False,False
42,35.0,750.0,0.0,1,1,0,"[False False False False False False False False False False False False
 False False False False False False  True False False False False  True
 False False False  True False False False False  True False False False
  True False False False False  True False False False  True False False
 False False False  True False False False False False False False  True
 False False False False False  True  True]","[ True False False False False False False False False False False False
 False False False False False False False False False False False False
 False False False False False False False False False False False False
  True False False False False False False False False  True False False
 False False False False False False False  True False False False False
 False False False False False False False]","[0.36, 0.6, 0.04]","[nan, -0.16730335606762126]",0,False,False
43,36.0,3000.0,0.0,-1,-1,0,"[False False False False False False False False False False False False
 False False False False False False False False False False False False
 False False False False False False False False False False False False
 False False False False False False False False False False False False
 False False False False False False False False False False False False
 False False False False False False False]","[False False False False False False  True False False False  True  True
 False False False  True  True False False  True  True False False  True
  True False False False  True False False False False False  True False
 False False  True False False False False False  True  True False False
 False  True False False False False False False False False False False
 False False False False False False False]","[0.4, 0.56, 0.04]","[nan, -0.3600244797379033]",0,False,False
44,37.0,750.0,0.0,1,1,0,"[False  True False False False False  True False False False False False
 False False False  True False False False False False False False False
  True False False False  True False False False False False False False
 False False False False False False False False  True False False False
 False False False False False False False False False False False False
 False False False False  True False False]","[False False False False False False False False False False False False
 False False False False False False False  True False False False False
 False False False False  True False False False False False False False
 False False  True False False False False False False False False False
 False False False False False False False False False False False False
 False False False False False False False]","[0.36, 0.6, 0.04]","[nan, -0.16730335606762126]",0,False,False
45,38.0,750.0,0.0,1,1,0,"[ True False False False False False False False False  True False False
 False  True False False False False False False False False  True  True
 False False  True  True False False False  True  True False False False
 False False False False False False  True False False False False False
 False False False False  True False False False  True False False False
 False False False False False False False]","[False False False False False False False False False False False False
 False False False False False False False False False False False  True
 False False False  True False False False  True False False False False
 False False False False False False  True False False False  True False
 False False False False  True False False False False False False False
 False False False False False False False]","[0.4, 0.56, 0.04]","[nan, -0.3600244797379033]",0,False,False
46,39.0,1500.0,0.0,1,-1,0,"[False False False False False False False False False False False False
 False False False False False False False False False False False False
 False False False False False False False False False False False False
 False False False False False False False False False False False False
 False False False False False False False False False False False False
 False False False False False False False]","[False False False  True False False False  True False False False False
 False False False False False False False False False False False False
 False False False False False False False False False False False False
 False False False False False False False False False False False False
 False False False False False False False False False False False False
 False False False False False False False]","[0.44, 0.52, 0.04]","[nan, -0.1931170816217559]",0,False,False
47,39.0,1500.0,0.0,1,1,0,"[False False False  True False False False False  True False False False
  True False False False False  True False False False  True False False
 False False  True False False False False False False False False False
  True False False False False False False False False False False False
 False False  True False False False False False False False False False
 False False False False False False False]","[False False False False False False False False False False False False
 False False False False False False False False False  True False False
 False False  True False False False  True False False False False False
 False False False False  True False False False False False False False
 False False False False False False False False False False False False
 False False False False False False False]","[0.44, 0.52, 0.04]","[nan, -0.1931170816217559]",0,False,False
48,40.0,3000.0,0.0,-1,-1,0,"[False False False False False False False False False False False False
 False False False False False False False False False False False False
 False False False False False False False False False False False False
 False False False False False False False False False False False False
 False False False False False False False False False False False False
 False False False False False False False]","[False False False False False False False  True False False False  True
 False False False  True  True False False False  True  True False False
  True  True False False  True  True False False False False  True  True
 False False False  True False False False False False  True  True False
 False False  True False False False False False False False False False
 False False False False False False  True]","[0.48, 0.48, 0.04]","[nan, 0.0]",0,False,False
49,41.0,6000.0,0.0,-1,1,0,"[ True False False False  True False False False False False False False
 False False False False False False False False False False False False
 False False False False False False False False False False False False
 False False False False False False False False False False False False
 False False False False False False False False False False False False
 False False False False False False False]","[False False False False False False False False False False False False
 False False False False False False False False False False False False
 False False False False False False False False False False False False
 False False False False False False False False False False False False
 False False False False False False False False False False False False
 False False False False False False False]","[0.48, 0.48, 0.04]","[nan, 0.42085643268640105]",0,False,False
50,41.0,6000.0,0.0,-1,-1,0,"[False False False False False False False False False False False False
 False False False False False False False False False False False False
 False False False False False False False False False False False False
 False False False False False False False False False False False False
 False False False False False False False False False False False False
 False False False False False False False]","[False  True False False False False False False False False  True False
 False False False  True  True False False  True  True False False  True
  True False False False  True False False False False  True False False
 False False  True  True False False  True  True False False False False
  True  True False False False False False False False False False False
 False False False False False False False]","[0.52, 0.44, 0.04]","[2.8521492405688016, 0.2283703801950016]",0,False,False
51,42.0,3000.0,0.0,-1,1,0,"[False  True False False False False  True False False False False False
 False False False False False False False False False False False False
 False False False False False False False False False False False False
 False False False False False False False False False False False False
 False False False False False False False False False False False False
 False False False False False False False]","[False False False False False False False False False False False False
 False False False False False False False False False False False False
 False False False False False False False False False False False False
 False False False False False False False False False False False False
 False False False False False False False False False False False False
 False False False False False False False]","[0.52, 0.44, 0.04]","[2.8521492405688016, 0.2283703801950016]",0,False,False
52,42.0,3000.0,0.0,-1,-1,0,"[False False False False False False False False False False False False
 False False False False False False False False False False False False
 False False False False False False False False False False False False
 False False False False False False False False False False False False
 False False False False False False False False False False False False
 False False False False False False False]","[False  True  True False False False  True False False False  True  True
 False False False False False False  True  True False False False  True
 False False False False False  True False False False  True False False
 False False False  True  True False False False False False False False
 False False False False False False False False False False False False
 False False False False False False False]","[0.56, 0.4, 0.04]","[2.135138788617833, 0.0]",0,False,False
53,43.0,1500.0,0.0,1,1,0,"[False False False  True False False False  True  True False False False
 False  True False False False  True  True False False False False False
 False False  True False False False  True False False False False False
 False  True False False False False False False False False False  True
 False False False False False False False False False False False False
 False False False False False False False]","[False False False False False False False False False False False False
 False False False False False False False False False  True False False
 False False  True False False False  True False False False False False
 False False False False  True False False False False False False False
 False False False False False False False False False False False False
 False False False False False False False]","[0.56, 0.4, 0.04]","[2.135138788617833, 0.5066936887499858]",0,False,False
54,44.0,6000.0,0.0,-1,-1,0,"[False False False False False False False False False False False False
 False False False False False False False False False False False False
 False False False False False False False False False False False False
 False False False False False False False False False False False False
 False False False False False False False False False False False False
 False False False False False False False]","[False False False False False False  True False False  True False False
 False False  True  True False False  True  True False False  True  True
 False False False  True  True False False False False  True  True False
 False False  True False False False False  True  True False False False
  True False False False False False False False False False False False
 False False False False False False False]","[0.56, 0.4, 0.04]","[2.135138788617833, 0.5066936887499858]",0,False,False
55,45.0,3000.0,0.0,-1,-1,0,"[False False False  True False False False False False False False False
 False False False False False False False False False False False False
 False False False False False False False False False False False False
 False False False False False False False False False False False False
 False False False False False False False False False False False False
 False False False False False False False]","[False False False False False False False False False False False False
 False False False False False False False False False False False False
 False False  True False False False False  True False False False  True
  True False False  True  True False False False  True  True False False
  True  True False False False  True False False False False False  True
 False False False  True  True False False]","[0.56, 0.4, 0.04]","[2.135138788617833, 1.04879987536743]",0,False,False
56,46.0,6000.0,0.0,-1,-1,0,"[False False False False False  True False False False False False False
 False False False False False False False False False False False False
 False False False False False False False False False False False False
 False False False False False False False False False False False False
 False False False False False False False False False False False False
 False False False False False False False]","[False False False False False False False False False False False False
 False False  True False False False  True  True False False False  True
  True False False  True  True False False False  True  True False False
 False False  True  True False False False  True False False False False
  True  True False False False  True  True False False False False False
 False False False False False False False]","[0.56, 0.4, 0.04]","[2.135138788617833, 1.6832403249694212]",0,False,False
57,47.0,6000.0,0.0,-1,-1,0,"[False False False False False False False False False False False False
 False False False False False False False False False False False False
 False False False False False False False False False False False False
 False False False False False False False False False False False False
 False False False False False False False False False False False False
 False False False False False False False]","[ True False False False False False False False False False  True False
 False False  True  True False False  True  True False False False False
  True False False False  True False False False False  True  True False
 False False  True  True False False False False False  True False False
 False False False False False  True  True False False False False False
 False False False False False False False]","[0.52, 0.44, 0.04]","[2.0401502213058973, 1.8169135474117328]",0,False,False
58,48.0,6000.0,0.0,-1,-1,0,"[False False False False False False False False False False False False
 False False False False False False False False False False False False
 False False False False False False False False False False False False
 False False False False False False False False False False False False
 False False False False False False False False False False False False
 False False False False False False False]","[False False False False  True False False False False  True False False
 False  True  True False False  True  True False False False  True False
 False False  True  True False False False  True False False False False
 False  True False False False  True False False False  True  True False
 False False  True False False False False False False False False False
 False  True False False False False False]","[0.48, 0.48, 0.04]","[1.9348409100817299, 1.9348409100817299]",0,False,False
59,49.0,1500.0,0.0,1,1,0,"[False  True False False False False  True False False False False  True
  True False False  True  True False False False  True False False False
  True  True False False  True  True False False False False False False
 False False False  True False False False False False False False False
  True False False False False False  True False False False False False
 False False False False False False False]","[False False False False False False False False False False False False
 False False False  True  True False False False  True False False False
  True False False False False False False False False  True False False
 False False False False False False False False False False False False
 False False False False False False False False False False False False
 False False False False False False False]","[0.44, 0.52, 0.04]","[1.8169135474117328, 2.0401502213058973]",0,False,False
60,50.0,1500.0,0.0,1,-1,0,"[False False False False False False False False False False False False
 False False False False False False False False False False False False
 False False False False False False False False False False False False
 False False False False False False False False False False False False
 False False False False False False False False False False False False
 False False False False False False False]","[ True False False  True  True False False False False False False False
 False False False False False False False False False False False False
 False False False False False False False False False False False False
 False False False False False False False False False False False False
 False False False False False False False False False False False False
 False False False False False False False]","[0.48, 0.48, 0.04]","[1.9348409100817299, 1.9348409100817299]",0,False,False
61,50.0,1500.0,0.0,1,1,0,"[False False  True False False False False False False False False False
 False False False False  True False False False False False False False
 False  True  True False False  True  True False False False  True False
 False False False False False False False False False  True False False
 False False False False False False False  True False False False  True
 False False False  True False False False]","[False False False False False False False False False False False False
 False False False False False False False False False False False False
 False False False False False  True  True False False False  True False
 False False  True False False False False False False False False False
 False False False False False False  True  True False False False False
 False False False False False False False]","[0.44, 0.52, 0.04]","[1.8169135474117328, 1.472630473950306]",0,False,False
62,51.0,1500.0,0.0,1,-1,0,"[False False False False False False False False False False False False
 False False False False False False False False False False False False
 False False False False False False False False False False False False
 False False False False False False False False False False False False
 False False False False False False False False False False False False
 False False False False False False False]","[False False False False False False False  True False False False False
  True False False False False False False False False False False False
 False False False False False False False False False False False False
 False False False False False False False False False False False False
 False False False False False False False False False False False False
 False False False False False False False]","[0.48, 0.48, 0.04]","[1.9348409100817299, 1.348978189813191]",0,False,False
63,51.0,1500.0,0.0,1,-1,0,"[False False False False False False False False False False False False
 False False False False False False False False False False False False
 False False False False False False False False False False False False
 False False False False False False False False False False False False
 False False False False False False False False False False False False
 False False False False False False False]","[False False False False False False False  True False False False False
 False False False False False False False False  True False False False
 False False False False False False False False False False False False
 False False False False False False False False False False False False
 False False False False False False False False False False False False
 False False False False False False False]","[0.48, 0.48, 0.04]","[1.9348409100817299, 1.348978189813191]",0,False,False
64,51.0,1500.0,0.0,1,1,0,"[False  True False False False False  True False False False False  True
 False False False  True  True False False  True  True False False False
  True False False False  True False False False False False False  True
 False False False False False False False False False False False False
 False False False False False  True False False False False False False
 False False False False False False False]","[False False False False False False False False False False False False
 False False False  True False False False  True  True False False False
  True False False False  True False False False False False False False
 False False  True False False False False  True False False False False
 False False False False False False False False False False False False
 False False False False False False False]","[0.44, 0.52, 0.04]","[1.8169135474117328, 1.0048036057610192]",0,False,False
65,52.0,750.0,0.0,1,-1,0,"[False False False False False False False False False False False False
 False False False False False False False False False False False False
 False False False False False False False False False False False False
 False False False False False False False False False False False False
 False False False False False False False False False False False False
 False False False False False False False]","[False False False False False False False False  True False False False
  True False False False False False False False False False False False
 False False False False False False False False False False False False
 False False False False False False False False False False False False
 False False False False False False False False False False False False
 False False False False False False False]","[0.44, 0.52, 0.04]","[1.8169135474117328, 1.0048036057610192]",0,False,False
66,52.0,750.0,0.0,1,1,0,"[False False  True False False False False False False False False  True
 False False False  True False False False False  True False False False
  True  True False False  True False False False False  True False False
 False False  True False False False False False False False False  True
  True False False False False False False False False False False False
 False False False False False False False]","[False False False False False False False False False False False False
 False False False False False False False False False False False False
  True  True False False False  True False False False False False False
 False  True False False False False False False False False False False
 False False False False False False False False False False False False
 False False False False False False False]","[0.44, 0.56, 0.0]","[1.8169135474117328, 0.7322121668315051]",0,False,False
67,53.0,6000.0,0.0,-1,-1,0,"[False False False False False False False False False False False False
 False False False False False False False False False False False False
 False False False False False False False False False False False False
 False False False False False False False False False False False False
 False False False False False False False False False False False False
 False False False False False False False]","[False False  True  True False False  True  True False False  True  True
 False False  True  True False False False  True  True False False False
  True False False False False  True  True False False False False False
 False False False  True  True False False False False False False False
 False False False False False False False False False False False False
 False False False False False False False]","[0.44, 0.56, 0.0]","[1.8169135474117328, 0.7322121668315051]",0,False,False
68,54.0,750.0,0.0,1,1,0,"[ True  True False False False  True False False False  True False False
 False  True  True False False  True  True False False False  True False
 False False False  True False False False False False  True False False
 False False False False False  True False False False False False False
 False False False False False False False False  True False False False
 False False False False False False False]","[False False False False False False False False False False False False
 False  True  True False False False  True False False False  True False
 False False  True False False False False False False False False False
 False  True False False False False False False False False False False
 False False False False False False False False False False False False
 False False False False False False False]","[0.4, 0.6, 0.0]","[1.6832403249694212, 0.8614539877232001]",0,False,False
69,55.0,750.0,0.0,1,1,0,"[False False False False False  True False False False  True False False
 False False  True False False False  True  True False False  True  True
 False False False  True False False False False  True False False False
 False False  True False False False False False False False  True False
 False False False False False False False False False False False False
 False False False False False False False]","[False False False False False False False False False False False False
 False False False False False False  True False False False  True  True
 False False False  True False False False  True  True False False False
 False False False False False False  True False False False False False
 False False False False False False False False False False False False
 False False False False False False False]","[0.44, 0.56, 0.0]","[1.8169135474117328, 0.7322121668315051]",0,False,False
70,56.0,6000.0,0.0,-1,-1,0,"[False False False False False False False False False False False False
 False False False False False False False False False False False False
 False False False False False False False False False False False False
 False False False False False False False False False False False False
 False False False False False False False False False False False False
 False False False False False False False]","[False False False False False False False False False False False False
 False False False  True  True False False False  True  True False False
  True  True False False False  True False False False  True  True False
 False False False  True False False False  True  True False False False
 False  True  True False False False False False False False False False
 False False False False False False False]","[0.44, 0.56, 0.0]","[1.8169135474117328, 0.7322121668315051]",0,False,False
71,57.0,3000.0,0.0,-1,-1,0,"[False False False False False False False False False False False False
 False False False False False False False False False False False False
 False False False False False False False False False False False False
 False False False False False False False False False False False False
 False False False False False False False False False False False False
 False False False False False False False]","[ True False False False False  True False False False  True  True False
 False False  True  True False False  True  True False False  True  True
 False False False False  True  True False False False  True False False
 False False False  True  True False False  True  True False False False
 False False False False False False False False False False False False
  True False False False False False False]","[0.4, 0.6, 0.0]","[1.6832403249694212, 0.8614539877232001]",0,False,False
72,58.0,750.0,0.0,1,1,0,"[False False  True False False False  True False False False False False
 False False False False  True False False False  True False False False
  True False False False False  True False False False False False  True
 False False False  True False False False  True False False False False
 False False  True False False False False False False False False False
 False False False False False False False]","[False False False False False False False False False False False False
 False False False False False False False False  True False False False
  True False False False  True  True False False False False False False
 False False  True  True False False False False False False False False
 False False False False False False False False False False False False
 False False False False False False False]","[0.4, 0.6, 0.0]","[1.6832403249694212, 1.2458505001420814]",0,False,False
73,59.0,1500.0,0.0,1,-1,0,"[False False False False False False False False False False False False
 False False False False False False False False False False False False
 False False False False False False False False False False False False
 False False False False False False False False False False False False
 False False False False False False False False False False False False
 False False False False False False False]","[False False False False False False  True False False False False  True
 False False False False False False False False False False False False
 False False False False False False False False False False False False
 False False False False False False False False False False False False
 False False False False False False False False False False False False
 False False False False False False False]","[0.4, 0.6, 0.0]","[1.6832403249694212, 1.2458505001420814]",0,False,False
74,59.0,1500.0,0.0,1,1,0,"[False False  True False False False False False  True False False False
  True False False False  True False False False  True  True False False
  True  True False False False  True False False False  True  True False
 False False  True False False False False False  True False False False
 False False False False False False False False False  True False False
 False False False False False False False]","[False False False False False False False False False False False False
 False False False False False False False False  True  True False False
  True  True False False False  True False False False  True  True False
 False False False False False False False False False False False False
  True False False False False False False False False False False False
 False False False False False False False]","[0.4, 0.6, 0.0]","[1.6832403249694212, 0.8614539877232001]",0,False,False
75,60.0,3000.0,0.0,-1,-1,0,"[False False False False False False False False False False False False
 False False False False False False False False False False False False
 False False False False False False False False False False False False
 False False False False False False False False False False False False
 False False False False False False False False False False False False
 False False False False False False False]","[False False  True False False False False False False False False  True
 False False False  True  True False False  True  True False False False
  True  True False False  True  True False False False  True False False
 False False False  True False False False  True  True False False False
  True False False False False False  True False False False False  True
 False False False False False False False]","[0.4, 0.6, 0.0]","[2.5630985764077403, 0.8614539877232001]",0,False,False
76,61.0,3000.0,0.0,-1,-1,0,"[False False False False False False False False False False False False
 False False False False False False False False False False False False
 False False False False False False False False False False False False
 False False False False False False False False False False False False
 False False False False False False False False False False False False
 False False False False False False False]","[False False False False False False False  True False False False  True
  True False False False  True  True False False  True  True False False
  True  True False False False  True False False False  True  True False
 False False False  True  True False False  True  True False False False
 False False  True  True False False False False False False False False
 False False False False False False False]","[0.4, 0.6, 0.0]","[2.5630985764077403, 0.8614539877232001]",0,False,False
77,62.0,3000.0,0.0,-1,1,0,"[False  True False False False False  True False False False False False
 False False False False False False False False False False False False
 False False False False False False False False False False False False
 False False False False False False False False False False False False
 False False False False False False False False False False False False
 False False False False False False False]","[False False False False False False False False False False False False
 False False False False False False False False False False False False
 False False False False False False False False False False False False
 False False False False False False False False False False False False
 False False False False False False False False False False False False
 False False False False False False False]","[0.36, 0.64, 0.0]","[nan, 0.9775521605649683]",0,False,False
78,62.0,3000.0,0.0,-1,-1,0,"[False False False False False False False False False False False False
 False False False False False False False False False False False False
 False False False False False False False False False False False False
 False False False False False False False False False False False False
 False False False False False False False False False False False False
 False False False False False False False]","[False  True  True False False False  True  True False False  True  True
 False False False  True False False False  True False False False False
  True False False False False  True  True False False  True  True False
 False False False False  True False False False False False False False
 False False False False False False False False False False False False
 False False False False False False False]","[0.4, 0.6, 0.0]","[2.5630985764077403, 0.8614539877232001]",0,False,False
79,63.0,6000.0,0.0,-1,1,0,"[False False False False  True False False False  True False False False
 False False False False False False False False False False False False
 False False False False False False False False False False False False
 False False False False False False False False False False False False
 False False False False False False False False False False False False
 False False False False False False False]","[False False False False False False False False False False False False
 False False False False False False False False False False False False
 False False False False False False False False False False False False
 False False False False False False False False False False False False
 False False False False False False False False False False False False
 False False False False False False False]","[0.36, 0.64, 0.0]","[2.4412761378064363, 0.9775521605649683]",0,False,False
80,63.0,6000.0,0.0,-1,-1,0,"[False False False False False False False False False False False False
 False False False False False False False False False False False False
 False False False False False False False False False False False False
 False False False False False False False False False False False False
 False False False False False False False False False False False False
 False False False False False False False]","[False False  True  True False False  True  True False False False  True
 False False False False  True False False False  True False False False
 False  True  True False False False  True False False False False  True
  True False False False  True  True False False False  True  True False
 False False False False  True False False False False False False False
 False False False False False False False]","[0.4, 0.6, 0.0]","[1.6832403249694212, 0.8614539877232001]",0,False,False
81,64.0,750.0,0.0,1,1,0,"[False  True  True False False False False False  True False False False
  True False False False  True False False False  True  True False False
 False False False False False False  True  True False False False False
 False False False  True False False False False False False False False
 False  True False False False False  True False False False False False
 False False False False False False False]","[False False False False False False False False False False False False
 False False False False  True False False False  True False False False
  True False False False False False False False False False False  True
 False False False False False False False False False False False False
 False False False False False False False False False False False False
 False False False False False False False]","[0.4, 0.6, 0.0]","[1.6832403249694212, 0.8614539877232001]",0,False,False
82,65.0,3000.0,0.0,-1,-1,0,"[False False False False False False False False False False False False
 False False False False False False False False False False False False
 False False False False False False False False False False False False
 False False False False False False False False False False False False
 False False False False False False False False False False False False
 False False False False False False False]","[ True  True False False  True  True False False False  True  True False
 False  True  True False False False  True False False False False False
  True False False False  True  True False False False False  True  True
 False False False  True False False False False False False False False
 False False False False False False False False False False False False
 False False False False False False False]","[0.44, 0.56, 0.0]","[1.8169135474117328, 0.7322121668315051]",0,False,False
83,66.0,6000.0,0.0,-1,-1,0,"[False False False False False False False False False False False False
 False False False False False False False False False False False False
 False False False False False False False False False False False False
 False False False False False False False False False False False False
 False False False False False False False False False False False False
 False False False False False False False]","[False False  True False False False  True  True False False False  True
 False False False  True  True False False  True  True False False False
  True False False False False  True False False False False  True  True
 False False False  True  True False False False False  True  True False
 False False False False False False False False False False False False
 False False False False False False False]","[0.44, 0.56, 0.0]","[1.8169135474117328, 0.7322121668315051]",0,False,False
84,67.0,3000.0,0.0,-1,-1,0,"[False False False False False False False False False False False False
 False False False False False False False False False False False False
 False False False False False False False False False False False False
 False False False False False False False False False False False False
 False False False False False False False False False False False False
 False False False False False False False]","[False  True False False False  True  True False False False  True  True
 False False False  True False False  True  True False False False  True
  True False False False False  True  True False False False  True False
 False False False False  True  True False False False False False False
 False False False False False False False False False False False False
 False False False False False False False]","[0.44, 0.56, 0.0]","[1.8169135474117328, 0.7322121668315051]",0,False,False
85,68.0,1500.0,0.0,1,1,0,"[False False False False  True False False False False False False False
 False  True False False False False  True False False False  True False
 False False False  True False False False  True False False False False
  True False False False  True False False False False False  True False
 False False  True False False False False False False False False False
 False False False False False False False]","[False False False False False False False False False False False False
 False False False False False False False False False False False False
 False False  True  True False False False False False False False  True
 False False False False False False False False False False False False
 False False False False False False False False False False False False
 False False False False False False False]","[0.4, 0.6, 0.0]","[1.6832403249694212, 0.8614539877232001]",0,False,False
86,69.0,3000.0,0.0,-1,-1,0,"[False False False False False False False False False False False False
 False False False False False False False False False False False False
 False False False False False False False False False False False False
 False False False False False False False False False False False False
 False False False False False False False False False False False False
 False False False False False False False]","[False  True False False False False  True False False  True  True False
 False False  True False False False  True  True False False  True  True
 False False False  True  True False False False False  True  True False
 False  True  True False False False  True False False False False False
 False False False False False False False False False False False False
 False False False False False False False]","[0.44, 0.56, 0.0]","[1.8169135474117328, 1.1318967437115721]",0,False,False
87,70.0,6000.0,0.0,-1,-1,0,"[False False False False False False False False False False False False
 False False False False False False False False False False False False
 False False False False False False False False False False False False
 False False False False False False False False False False False False
 False False False False False False False False False False False False
 False False False False False False False]","[ True  True False False  True  True False False False  True False False
 False  True  True False False False  True False False False  True False
 False False False False  True False False False False False False False
 False False False  True False False False False  True False False False
 False False False False False False False False False False False False
 False False False False False False False]","[0.4, 0.6, 0.0]","[1.6832403249694212, 1.2458505001420814]",0,False,False
88,71.0,750.0,0.0,1,1,0,"[ True False False False  True False False False False  True False False
 False  True  True False False  True  True False False  True  True False
 False False  True  True False False False  True False False False False
 False  True False False False False False False False False False False
 False False  True  True False False False  True False False False False
 False False False False False False False]","[False False False False False False False False False False False False
 False False False False False  True  True False False False  True False
 False False False False False False False  True False False False False
 False False False False False False False False False False False False
 False False False False False False False False False False False False
 False False False False False False False]","[0.4, 0.6, 0.0]","[1.6832403249694212, 1.6832410393848654]",0,False,False
89,72.0,3000.0,0.0,-1,-1,0,"[False False False False False False False False False False False False
 False False False False False False False False False False False False
 False False False False False False False False False False False False
 False False False False False False False False False False False False
 False False False False False False False False False False False False
 False False False False False False False]","[False False  True  True False False False  True False False False  True
  True False False  True  True False False False  True  True False False
 False False  True  True False False  True  True False False False False
 False  True False False False  True  True False False False False False
 False False False False False False False False False False False False
 False False False False False False False]","[0.44, 0.56, 0.0]","[1.8169135474117328, 2.135138788617833]",0,False,False
90,73.0,750.0,0.0,1,1,0,"[False False  True False False False False  True False False False False
 False False False False  True  True False False  True  True False False
  True  True False False False False  True False False False  True False
 False False False  True  True False False False False False False False
 False False False  True False False False  True False False False False
 False False False False False False False]","[False False False False False False False False False False False False
 False False False False False False False False  True  True False False
 False  True False False False  True  True False False False  True False
 False False False False False False False False False False False False
 False False False False False False False False False False False False
 False False False False False False False]","[0.4, 0.6, 0.0]","[1.6832403249694212, 2.2215409645048307]",0,False,False
91,74.0,1500.0,0.0,1,-1,0,"[False False False False False False False False False False False False
 False False False False False False False False False False False False
 False False False False False False False False False False False False
 False False False False False False False False False False False False
 False False False False False False False False False False False False
 False False False False False False False]","[ True False False False  True  True False False False False False False
 False False False False False False False False False False False False
 False False False False False False False False False False False False
 False False False False False False False False False False False False
 False False False False False False False False False False False False
 False False False False False False False]","[0.44, 0.56, 0.0]","[1.8169135474117328, 2.9304631030763524]",0,False,False
92,74.0,1500.0,0.0,1,1,0,"[False  True False False False False  True False False False  True False
 False False False  True False False False  True  True False False  True
  True False False False  True False False False False  True False False
 False False False  True False False False False False False False False
 False False False False False False  True False False False  True False
 False False False False False False False]","[False False False False False False False False False False False False
 False False False False False False False  True False False False  True
  True False False False  True False False False  True  True False False
 False False False False False False False  True False False False False
 False False False False False False False False False False False False
 False False False False False False False]","[0.4, 0.6, 0.0]","[1.6832403249694212, 2.2215409645048307]",0,False,False
93,75.0,1500.0,0.0,1,-1,0,"[False False False False False False False False False False False False
 False False False False False False False False False False False False
 False False False False False False False False False False False False
 False False False False False False False False False False False False
 False False False False False False False False False False False False
 False False False False False False False]","[False False False False  True False False False False  True False False
 False False False False False False False False False False False False
 False False False False False False False False False False False False
 False False False False False False False False False False False False
 False False False False False False False False False False False False
 False False False False False False False]","[0.44, 0.56, 0.0]","[1.8169135474117328, 2.135138788617833]",0,False,False
94,75.0,1500.0,0.0,1,1,0,"[False False  True False False False  True False False False False  True
 False False False  True  True False False  True  True False False False
 False  True False False False  True False False False False False False
 False False False  True False False False False False False False False
  True False False False False False False False False False False False
 False False False  True False False False]","[False False False False False False False False False False False  True
 False False False False False False False False  True False False False
  True False False False  True  True False False False False False False
 False False False False False False False False False False False False
 False False False False False False False False False False False False
 False False False False False False False]","[0.4, 0.6, 0.0]","[1.6832403249694212, 1.6832410393848654]",0,False,False
95,76.0,6000.0,0.0,-1,-1,0,"[False False False False False False False False False False False False
 False False False False False False False False False False False False
 False False False False False False False False False False False False
 False False False False False False False False False False False False
 False False False False False False False False False False False False
 False False False False False False False]","[ True False False  True  True False False False  True  True False False
  True  True False False  True  True False False False  True  True False
 False False False  True  True False False  True  True False False False
 False  True  True False False False False False False False False False
 False False False False False False False False False False False False
 False False False False False False False]","[0.4, 0.6, 0.0]","[1.6832403249694212, 1.6832410393848654]",0,False,False
96,77.0,6000.0,0.0,-1,-1,0,"[False False False False False False False False False False  True False
 False False False False False False False False False False False False
 False False False False False False False False False False False False
 False False False False False False False False False False False False
 False False False False False False False False False False False False
 False False False False False False False]","[ True  True False False False  True  True False False  True  True False
 False  True  True False False False False  True False False False  True
 False False False  True  True False False False False  True  True False
 False  True  True False False False False False False False False False
 False False False False False False False False False False False False
 False False False False False False False]","[0.4, 0.6, 0.0]","[1.6832403249694212, 1.6832410393848654]",0,False,False
97,78.0,1500.0,0.0,1,-1,0,"[False False False False False False False False False False False False
 False False False False False False False False False False False False
 False False False False False False False False False False False False
 False False False False False False False False False False False False
 False False False False False False False False False False False False
 False False False False False False False]","[ True False False False  True False False False False False False False
 False False False False False False False False False False False False
 False False False False False False False False False False False False
 False False False False False False False False False False False False
 False False False False False False False False False False False False
 False False False False False False False]","[0.4, 0.6, 0.0]","[1.6832403249694212, 1.6832410393848654]",0,False,False
98,79.0,750.0,0.0,1,1,0,"[False False  True False False False False  True False False False  True
 False False False False  True False False False  True  True False False
  True  True False False False  True  True False False  True  True False
 False False False False  True False False False  True False False False
  True False False False False False False False False False False False
 False False False False False False False]","[False False False False False False False False False False False False
 False False False False  True False False False  True False False False
 False  True False False False  True False False False  True  True False
 False False False False  True False False False False False False False
 False False False False False False False False False False False False
 False False False False False False False]","[0.36, 0.64, 0.0]","[1.5294172755398876, 1.34897851762444]",0,False,False
99,80.0,6000.0,0.0,-1,-1,0,"[False False False False False False False False False False False False
 False False False False  True False False False False False False False
 False False False False False False False False False False False False
 False False False False False False False False False False False False
 False False False False False False False False False False False False
 False False False False False False False]","[False False False  True False False False  True False False False  True
  True False False  True  True False False False  True False False False
  True  True False False False  True False False False False  True  True
 False False False  True  True False False False False False False False
 False False False False False False False  True False False False False
 False False False False False False False]","[0.4, 0.6, 0.0]","[1.6832403249694212, 1.6832410393848654]",0,False,False
100,81.0,750.0,0.0,1,1,0,"[False False  True  True False False  True  True False False False  True
 False False False  True  True False False  True  True False False False
  True  True False False False  True False False False False False  True
 False False False False  True False False False  True False False False
 False False False False False False False  True False False False  True
 False False False False False False False]","[False False False False False False False False False False False False
 False False False  True  True False False False  True False False False
  True False False False False  True False False False False False False
 False False False  True False False False False  True False False False
 False False False False False False False False False False False False
 False False False False False False False]","[0.36, 0.64, 0.0]","[1.5294172755398876, 1.7742916679085448]",0,False,False
101,82.0,1500.0,0.0,1,1,0,"[False False  True False False  True  True False False False  True  True
 False False  True  True False False  True  True False False False  True
  True False False False  True False False False False False False False
 False False False False False False False False  True  True False False
 False False False False False False False False False False False False
 False False False False False False False]","[False False False False False False False False False False False False
 False False  True  True False False False  True False False False  True
 False False False False False False False False False False  True False
 False False False False False False False False  True  True False False
 False False False False False False False False False False False False
 False False False False False False False]","[0.4, 0.6, 0.0]","[1.6832403249694212, 1.6832410393848654]",0,False,False
102,83.0,6000.0,0.0,-1,-1,0,"[False False False False False False False False False False False False
 False False False False False False False False False False False False
 False False False False False False False False False False False False
 False False False False False False False False False False False False
 False False False False False False False False False False False False
 False False False False False False False]","[False  True False False False  True  True False False  True  True False
 False False  True  True False False  True  True False False False  True
 False False False  True  True False False False False  True  True False
 False False  True False False False  True  True False False False False
 False False  True False False False False False False False False False
 False False False False False False False]","[0.44, 0.56, 0.0]","[1.8169135474117328, 1.583275816739861]",0,False,False
103,84.0,1500.0,0.0,1,1,0,"[False  True  True False False False  True  True False False  True  True
 False False False  True False False False  True False False False  True
  True False False False  True False False False False False  True False
 False False  True False False False False False False False False False
 False False False False False False False False False False False False
 False False False False False False False]","[False False False False False False False False False False  True  True
 False False False  True False False False  True False False False  True
  True False False False  True False False False False False  True False
 False False False False False False False False False False False False
 False False False False False False False False False False False False
 False False False False False False False]","[0.4, 0.6, 0.0]","[2.5630985764077403, 1.6832410393848654]",0,False,False
104,85.0,3000.0,0.0,-1,-1,0,"[False False False False False False False False False False False False
 False False False False False False False False False False False False
 False False False False False False False False False False False False
 False False False False False False False False False False False False
 False False False False False False False False False False False False
 False False False False False False False]","[False False  True False False False False  True False False False  True
 False False False  True  True False False  True  True False False  True
  True False False False  True  True False False False False  True  True
 False False  True  True False False False  True  True False False False
 False False False False False False  True  True False False False False
 False False False False False False False]","[0.44, 0.56, 0.0]","[2.670350930522295, 1.583275816739861]",0,False,False
105,86.0,1500.0,0.0,1,1,0,"[False  True False False False  True False False False False  True False
 False False  True  True False False False  True False False False False
  True False False False  True False False False  True False False False
 False False  True  True False False False  True False False False  True
 False False False False False False False False False False False False
 False False False False False False False]","[False False False False False False False False False False False False
 False False False False False False False  True False False False  True
 False False False False False False False False  True False False False
 False False False False False False False  True False False False False
 False False False False False False False False False False False False
 False False False False False False False]","[0.4, 0.6, 0.0]","[nan, 1.6832410393848654]",0,False,False
106,87.0,3000.0,0.0,-1,-1,0,"[False False False False False False False False False False False False
 False False False False False False False False False False False False
 False False False False False False False False False False False False
 False False False False False False False False False False False False
 False False False False False False False False False False False False
 False False False False False False False]","[False  True  True False False False  True  True False False  True  True
 False False False  True False False False  True  True False False False
  True False False False False False  True  True False False False False
 False False False False  True  True False False False False False False
 False False False False False False False False False False False False
 False False False False False False False]","[0.44, 0.56, 0.0]","[nan, 1.583275816739861]",0,False,False
107,88.0,3000.0,0.0,-1,-1,0,"[False False False False False False False False False False False False
 False False False False False  True  True False False False False False
 False False False False False False False False False False False False
 False False False False False False False False False False False False
 False False False False False False False False False False False False
 False False False False False False False]","[ True False False False  True  True False False False  True False False
 False  True  True False False  True  True False False False  True  True
 False False False  True False False False False  True  True False False
 False  True  True False False False  True False False False False False
 False False False False False False False False False False False False
 False False False False False False False]","[0.4, 0.6, 0.0]","[nan, 1.6832410393848654]",0,False,False
108,89.0,6000.0,0.0,-1,-1,0,"[False False False False False False False False False False False False
 False False False False False False False False False False False False
 False False False False False False False False False False False False
 False False False False False False False False False False False False
 False False False False False False False False False False False False
 False False False False False False False]","[ True False False False  True  True False False False  True  True False
 False  True  True False False False  True False False False  True False
 False False False  True False False False False  True  True False False
 False  True False False False False False False False False False False
 False False False False False False False False False False False False
 False False False False False False False]","[0.4, 0.6, 0.0]","[nan, 1.6832410393848654]",0,False,False
109,90.0,750.0,0.0,1,1,0,"[False False False  True False False False  True False False False False
  True False False False  True  True False False False False False False
 False  True  True False False False  True False False False False False
  True False False False False False False False False False False  True
 False False False  True False False False False  True False False False
 False False False False False False False]","[False False False False False False False False False False False False
 False False False False  True  True False False False  True False False
 False  True  True False False False  True False False False False False
  True False False False False False False False False False False  True
 False False False False False False False False False False False False
 False False False False False False False]","[0.4, 0.6, 0.0]","[nan, 1.6832410393848654]",0,False,False
110,91.0,750.0,0.0,1,1,0,"[False  True  True False False False  True  True False False False  True
 False False False  True  True False False False False  True False False
 False False False False False False False  True False False False  True
 False False False  True False False False False  True  True False False
 False False False False False False False False False False False False
 False False False False False False False]","[False False False False False False False False False False False  True
 False False False  True False False False False False False False False
 False  True False False False False False False False False False  True
 False False False False False False False False False False False False
 False False False False False False False False False False False False
 False False False False False False False]","[0.44, 0.56, 0.0]","[nan, 1.583275816739861]",0,False,False
111,92.0,750.0,0.0,1,-1,0,"[False False False False False False False False False False False False
 False False False False False False False False False False False False
 False False False False False False False False False False False False
 False False False False False False False False False False False False
 False False False False False False False False False False False False
 False False False False False False False]","[False False  True False False False  True False False False False False
 False False False False False False False False False False False False
 False False False False False False False False False False False False
 False False False False False False False False False False False False
 False False False False False False False False False False False False
 False False False False False False False]","[0.44, 0.56, 0.0]","[nan, 1.583275816739861]",0,False,False
112,92.0,750.0,0.0,1,1,0,"[ True False False False  True  True False False False  True  True False
 False  True  True False False False  True False False False  True  True
 False False False  True False False False  True False False False False
 False  True False False False False  True False False False  True False
 False False False False  True False False False False False False False
 False False False False False False False]","[False False False False False False False False False False False False
 False False False False False False  True False False False  True False
 False False False  True False False False  True False False False False
 False  True False False False  True False False False False  True False
 False False False False False False False False False False False False
 False False False False False False False]","[0.44, 0.56, 0.0]","[nan, 1.1318967437115721]",0,False,False
113,93.0,3000.0,0.0,-1,-1,0,"[False False False False False False False False False False False False
 False False False False False False False False False False False False
 False False False False False False False False False False False False
 False False False False False False False False False False False False
 False False False False False False False False False False False False
 False False False False False False False]","[False  True False False False  True  True False False False  True False
 False False  True  True False False  True  True False False False  True
 False False False False False  True  True False False  True  True False
 False False False  True  True False False False False False False False
 False False False False False False False False False False False False
 False False False False False False False]","[0.48, 0.52, 0.0]","[nan, 1.0048036057610192]",0,False,False
114,94.0,1500.0,0.0,1,1,0,"[False  True False False False  True False False False False  True False
 False False  True  True False False  True  True False False False  True
 False False False  True  True False False False  True False False False
 False False  True False False False False  True False False False  True
 False False False False False False False False False False False  True
 False False False False False False False]","[False False False False False False False False False False False False
 False False  True False False False  True False False False False  True
 False False False  True False False False False  True False False False
 False False  True False False False  True False False False False False
 False False False False False False False False False False False False
 False False False False False False False]","[0.44, 0.56, 0.0]","[nan, 1.1318967437115721]",0,False,False
115,95.0,6000.0,0.0,-1,-1,0,"[False False False False False False False False False False False False
 False False False False False False False False False False False False
 False False False False False False False False False False False False
 False False False False False False False False False False False False
 False False False False False False False False False False False False
 False False False False False False False]","[False False  True False False False  True False False False  True  True
 False False False  True  True False False  True  True False False False
  True False False False False  True False False False False  True  True
 False False  True  True False False False False False False False False
 False False False False False False False False False False False False
 False False False False False False False]","[0.48, 0.52, 0.0]","[nan, 1.0048036057610192]",0,False,False
116,96.0,750.0,0.0,1,1,0,"[False  True False False  True False False False False  True  True False
 False  True  True False False False False False False False  True  True
 False False False False False False False  True False False False False
 False False False False False False False False False False  True False
 False False False False False False False False False False False False
 False False False False False False False]","[False False False False False False False False False False False False
 False False False False False False  True False False False False False
 False False  True  True False False False False False False False False
 False False False False False False False False False False False False
 False False False False False False False False False False False False
 False False False False False False False]","[0.44, 0.56, 0.0]","[nan, 1.1318967437115721]",0,False,False
117,97.0,750.0,0.0,1,-1,0,"[False False False False False False False False False False False False
 False False False False False False False False False False False False
 False False False False False False False False False False False False
 False False False False False False False False False False False False
 False False False False False False False False False False False False
 False False False False False False False]","[False False  True False False False  True  True False False False False
 False False False False False False False False False False False False
 False False False False False False False False False False False False
 False False False False False False False False False False False False
 False False False False False False False False False False False False
 False False False False False False False]","[0.48, 0.52, 0.0]","[nan, 1.472630473950306]",0,False,False
118,97.0,750.0,0.0,1,-1,0,"[False False False False False False False False False False False False
  True False False False False False False False False False False False
 False False False False False False False False False False False False
 False False False False False False False False False False False False
 False False False False False False False False False False False False
 False False False False False False False]","[False False False False False False False False False False False False
  True False False False  True False False False False False False False
 False False False False False False False False False False False False
 False False False False False False False False  True False False False
 False False False False False False False False False False False False
 False False False False False False False]","[0.44, 0.56, 0.0]","[nan, 1.1318967437115721]",0,False,False
119,97.0,750.0,0.0,1,1,0,"[ True False False  True  True False False False False False False False
 False  True False False False  True False False False  True  True False
 False False  True False False False  True False False False False False
  True False False False False  True  True False False False  True False
 False False False  True False False False False False False False False
 False False False False False False False]","[False False False False False False False False  True False False False
 False  True False False False  True False False False  True False False
 False  True  True False False False False False False False False False
 False False False False False False False False False False False False
 False False False False False False False False False False False False
 False False False False False False False]","[0.44, 0.56, 0.0]","[nan, 1.1318967437115721]",0,False,False
120,98.0,6000.0,0.0,-1,0,0,"[False False False False False False False False False False False False
 False False False False False False False False False False False False
 False False False False False False False False False False False False
 False False False False False False False False False False False False
 False False False False False False False False False False False False
 False False False False False False False]","[False False False False False False False False False False False False
 False False False False False False False False False False False False
 False False False False False False False False False False False False
 False False False False False False False False False False False False
 False False False False False False False False False False False False
 False False False False False False False]","[0.44, 0.56, 0.0]","[nan, 1.1318967437115721]",0,False,False
121,99.0,1500.0,0.0,1,-1,0,"[False False False False False False False False False False False False
 False False False False False False False False False False False False
 False False False False False False False False False False False False
 False False False False False False False False False False False False
 False False False False False False False False False False False False
 False False False False False False False]","[False False  True False False False  True  True False False False False
 False False False False False False False False False False False False
 False False False False False False False False False False False False
 False False False False False False False False False False False False
 False False False False False False False False False False False False
 False False False False False False False]","[0.44, 0.52, 0.04]","[nan, 1.0048036057610192]",0,False,False
122,100.0,1500.0,0.0,1,-1,0,"[False False False False False False False False False False False False
 False False False False False False False False False False False False
 False False False False False False False False False False False False
 False False False False False False False False False False False False
 False False False False False False False False False False False False
 False False False False False False False]","[False  True False False  True  True False False False False False False
 False False False False False False False False False False False False
 False False False False False False False False False False False False
 False False False False False False False False False False False False
 False False False False False False False False False False False False
 False False False False False False False]","[0.44, 0.52, 0.04]","[nan, 0.5867619998972957]",0,False,False
123,101.0,3000.0,0.0,-1,-1,0,"[False False False False False False False False False False False False
 False False False False False False False False False False False False
 False False False False False False False False False False False False
 False False False False False False False False False False False False
 False False False False False False False False False False False False
 False False False False False False False]","[ True False False False False False False False False False False False
 False False False False False  True False False False False  True False
 False False  True False False False  True  True False False  True  True
 False False  True False False False False False  True  True False False
  True  True False False False False  True  True False False False  True
 False False False False False False False]","[0.44, 0.52, 0.04]","[nan, 0.5867619998972957]",0,False,False
124,102.0,750.0,0.0,1,1,0,"[False  True False False False  True False False False False  True False
 False False  True  True False False  True  True False False False  True
 False False False  True  True False False False False  True  True False
 False False  True False False False  True False False False False False
  True False False False False  True False False False False False False
 False False False False False False False]","[False False False False False False False False False False False False
 False False  True False False False  True  True False False False  True
 False False False  True  True False False False False  True  True False
 False False  True False False False False  True False False False False
 False False False False False False False False False False False False
 False False False False False False False]","[0.4, 0.56, 0.04]","[nan, 0.7322121668315051]",0,False,False
125,103.0,6000.0,0.0,-1,-1,0,"[False False False False False False False False False False False False
 False  True False False False False False False False False False False
 False False False False False False False False False False False False
 False False False False False False False False False False False False
 False False False False False False False False False False False False
 False False False False False False False]","[ True False False False False  True False False  True  True False False
 False  True False False False  True False False False False  True False
 False  True  True False False False  True  True False False False  True
  True False False False  True  True False False False  True False False
 False False False False False False False False False False False False
 False False False False False False False]","[0.44, 0.52, 0.04]","[nan, 0.5867619998972957]",0,False,False
126,104.0,3000.0,0.0,-1,-1,0,"[False False False False False False False False False False False False
 False False False False False False False False False False False False
 False False False False False False False False False False False False
 False False False False False False False False False False False False
 False False False False False False False False False False False False
 False False False False False False False]","[False  True False False False  True False False False False  True False
 False  True  True False False False  True  True False False False  True
 False False False  True  True False False False False  True  True False
 False False False False False False False False False  True False False
 False  True False False False False False False False False False False
 False False False False False False False]","[0.4, 0.56, 0.04]","[nan, 0.7322121668315051]",0,False,False
127,105.0,6000.0,0.0,-1,-1,0,"[False False False False False False False False False False False False
 False False False False False False False False False False False False
 False False False False False False False False False False False False
 False False False False False False False False False False False False
 False False False False False False False False False False False False
 False False False False False False False]","[False  True False False False  True False False False  True  True False
 False  True  True False False False False False False False  True  True
 False False False False  True  True False False False  True False False
 False False False  True  True False False  True  True False False False
 False False False False False False False False False False False False
 False False False False False False False]","[0.36, 0.6, 0.04]","[nan, 0.8614539877232001]",0,False,False
128,106.0,3000.0,0.0,-1,-1,0,"[False False False False False False False False False False False False
 False False False False False False False False False False False False
 False False False False False False False False False False False False
 False False False False False False False False False False False False
 False False False False False False False False False False False False
 False False False False False False False]","[False False  True False False False  True False False False  True  True
 False False False  True False False False  True  True False False  True
  True False False False  True  True False False False False  True  True
 False False  True  True False False False False False False False False
 False False False False False False False False False False False False
 False False False False False False False]","[0.36, 0.6, 0.04]","[nan, 0.8614539877232001]",0,False,False
129,107.0,750.0,0.0,1,1,0,"[False  True False False  True False False False False  True  True False
 False False  True False False False  True False False False  True  True
 False False False False False False False  True  True False False False
 False False False False False  True  True False False False  True False
 False False False  True False False False False False False False False
 False False False False False False False]","[ True False False False False  True False False False False False False
 False False False False False False False False False False False False
 False False False False False False False False False False False False
 False False False False False False False False False False False False
 False False False False False False False False False False False False
 False False False False False False False]","[0.32, 0.64, 0.04]","[nan, 0.9775521605649683]",0,False,False
130,108.0,3000.0,0.0,-1,-1,0,"[False False False False False False False False False False False False
 False False False False False False False False False False False False
 False False False False False False False False False False False False
 False False False False False False False False False False False False
 False False False False False False False False False False False False
 False False False False False False False]","[False False False False False False False False False False  True False
 False False False  True False False False  True False False False False
  True False False False  True  True False False  True  True False False
 False False False  True  True False False False False  True False False
 False False False False False False False False False False False False
 False  True False False False False False]","[0.36, 0.6, 0.04]","[nan, 0.8614539877232001]",0,False,False
131,109.0,6000.0,0.0,-1,-1,0,"[False False False False False False False False False False False False
 False False False False False False False False False False False False
 False False False False False False False False False False False False
 False False False False False False False False False False False False
 False False False False False False False False False False False False
 False False False False False False False]","[False  True  True False False False  True False False False  True False
 False False  True  True False False False  True False False False  True
  True False False False False  True  True False False  True  True False
 False False False False  True  True False False False False False False
 False False False False False False False False False False False False
 False False False False False False False]","[0.32, 0.64, 0.04]","[nan, 0.9775521605649683]",0,False,False
132,110.0,1500.0,0.0,1,1,0,"[ True False False False False False False False  True  True False False
 False  True False False False  True  True False False False  True False
 False False  True False False False False False False False False False
 False False False False False False False False False  True False False
 False False False  True False False False False False False False False
 False False False False False False False]","[False False False False False False False False False  True False False
 False False False False False  True False False False  True False False
 False False False False False False  True False False False False False
 False False False False False False False False False False False False
 False False False False False False False False False False False False
 False False False False False False False]","[0.32, 0.64, 0.04]","[nan, 0.9775521605649683]",0,False,False
133,111.0,1500.0,0.0,1,-1,0,"[False False False False False False False False False False False False
 False False False False False False False False False False False False
 False False False False False False False False False False False False
 False False False False False False False False False False False False
 False False False False False False False False False False False False
 False False False False False False False]","[False False False  True False False False False  True False False False
 False False False False False False False False False False False False
 False False False False False False False False False False False False
 False False False False False False False False False False False False
 False False False False False False False False False False False False
 False False False False False False False]","[0.36, 0.6, 0.04]","[nan, 0.8614539877232001]",0,False,False
134,112.0,6000.0,0.0,-1,1,0,"[False False  True  True False False False False False False False False
 False False False False False False False False False False False False
 False False False False False False False False False False False False
 False False False False False False False False False False False False
 False False False False False False False False False False False False
 False False False False False False False]","[False False False False False False False False False False False False
 False False False False False False False False False False False False
 False False False False False False False False False False False False
 False False False False False False False False False False False False
 False False False False False False False False False False False False
 False False False False False False False]","[0.36, 0.6, 0.04]","[nan, 0.5066938613135554]",0,False,False
135,112.0,6000.0,0.0,-1,-1,0,"[False False False False False False False False False False False False
 False  True False False False False False False False False False False
 False False False False False False False False False False False False
 False False False False False False False False False False False False
 False False False False False False False False False False False False
 False False False False False False False]","[ True  True False False False  True False False False  True False False
 False  True False False False  True  True False False  True  True False
 False False False  True  True False False  True  True False False False
 False  True  True False False False  True False False False False False
 False False False False False False False False False False False False
 False False False False False False False]","[0.36, 0.6, 0.04]","[2.4412761378064363, 0.5066938613135554]",0,False,False
136,113.0,6000.0,0.0,-1,-1,0,"[False False False False False False False False False False False False
 False False False False False False False False False False False False
 False False False False False False False False False False False False
 False False False False False False False False False False False False
 False False False False False False False False False False False False
 False False False False False False False]","[False  True False False False False False False False False  True False
 False False False  True False False False  True  True False False False
  True False False False  True False False False False False  True  True
 False False  True  True False False False False  True  True False False
 False  True False False False False False False False False False False
 False False False False False False False]","[0.32, 0.64, 0.04]","[2.300694208940575, 0.6372783160801316]",0,False,False
137,114.0,3000.0,0.0,-1,-1,0,"[False False False False False False False False False False False False
 False False False False False False False False False False False False
 False False False False False False False False False False False False
 False False False False False False False False False False False False
 False False False False False False False False False False False False
 False False False False False False False]","[ True  True False False  True  True False False False  True False False
 False  True  True False False False  True False False False  True False
 False False False False  True False False False  True  True False False
 False  True False False False False False False False False False False
 False False False False False False False False False False False False
 False False False False False False False]","[0.32, 0.64, 0.04]","[2.300694208940575, 0.9775521605649683]",0,False,False
138,115.0,750.0,0.0,1,1,0,"[ True False False False  True  True False False False  True  True False
 False False  True False False False  True False False False False  True
 False False False  True False False False False False  True False False
 False  True  True False False False False False  True False False False
 False False False False False  True False False False False False False
 False False False False False False False]","[False False False False False False False False False False False False
 False False  True False False False  True False False False  True False
 False False False  True False False False False False False False False
 False  True False False False False False False False False False False
 False False False False False False False False False False False False
 False False False False False False False]","[0.28, 0.68, 0.04]","[2.135136527393951, 1.0827894677165155]",0,False,False
139,116.0,1500.0,0.0,1,-1,0,"[False False False False False False False False False False False False
 False False False False False False False False False False False False
 False False False False False False False False False False False False
 False False False False False False False False False False False False
 False False False False False False False False False False False False
 False False False False False False False]","[False  True False False False  True  True False False False False False
 False False False False False False False False False False False False
 False False False False False False False False False False False False
 False False False False False False False False False False False False
 False False False False False False False False False False False False
 False False False False False False False]","[0.32, 0.64, 0.04]","[2.300694208940575, 0.9775521605649683]",0,False,False
140,116.0,1500.0,0.0,1,1,0,"[ True False False False  True  True False False  True  True False False
 False  True False False False False  True False False  True  True False
 False False  True False False False  True  True False False False False
 False False False False False False False False False  True False False
 False False False  True False False False False False False False False
 False  True False False False False False]","[False False False False False False False False False False False False
 False False False False False  True False False False  True  True False
 False False  True False False False  True  True False False False False
  True  True False False False False False False False False False False
 False False False False False False False False False False False False
 False False False False False False False]","[0.28, 0.68, 0.04]","[2.135136527393951, 0.7547834222332187]",0,False,False
141,117.0,3000.0,0.0,-1,-1,0,"[False False False False False False False False False False False  True
 False False False False False False False False False False False False
 False False False False False False False False False False False False
 False False False False False False False False False False False False
 False False False False False False False False False False False False
 False False False False False False False]","[False False  True  True False False False  True False False False  True
  True False False  True  True False False  True  True False False False
  True  True False False False False  True  True False False False  True
 False False False False False False  True False False False False False
 False False False False False False False False False False False False
 False False False False False False False]","[0.32, 0.64, 0.04]","[2.300694208940575, 0.6372783160801316]",0,False,False
142,118.0,3000.0,0.0,-1,-1,0,"[False False False False False False False False False False False False
 False False False False False False  True False False False False False
 False False False False False False False False False False False False
 False False False False False False False False False False False False
 False False False False False False False False False False False False
 False False False False False False False]","[ True False False False  True  True False False False  True False False
 False  True  True False False  True  True False False False  True False
 False False False  True False False False False  True  True False False
  True  True False False False  True  True False False False False False
 False False False False False False False False False False False False
 False False False False False False False]","[0.28, 0.68, 0.04]","[2.135136527393951, 0.7547834222332187]",0,False,False
143,119.0,6000.0,0.0,-1,-1,0,"[False False False False False False False False False False False False
 False False False False False False False False False False False False
 False False False False False False False False False False False False
 False False False False False False False False False False False False
 False False False False False False False False False False False False
 False False False False False False False]","[False  True False False False  True False False False False  True False
 False  True  True False False  True  True False False False  True  True
 False False  True  True False False False False  True  True False False
 False  True False False False  True  True False False False False False
 False False False False False False False False False False False False
 False False False False False False False]","[0.28, 0.68, 0.04]","[2.135136527393951, 1.0827894677165155]",0,False,False
144,120.0,3000.0,0.0,-1,-1,0,"[False False False False False False False False False False False False
 False False False False False False  True False False False False False
 False False False False False False False False False False False False
 False False False False False False False False False False False False
 False False False False False False False False False False False False
 False False False False False False False]","[False False False False  True False False False  True False False False
 False  True  True False False  True  True False False  True  True False
 False False  True  True False False False False  True  True False False
  True  True False False False False False  True False False False  True
  True False False False False False False False False False False False
 False False False False False False False]","[0.28, 0.68, 0.04]","[2.135136527393951, 1.4430435559855672]",0,False,False
145,121.0,1500.0,0.0,1,1,0,"[False False False False False False False False  True False False False
 False  True False False False  True  True False False False  True False
 False False  True  True False False False  True False False False  True
 False False False False  True False False False False False  True False
 False False  True False False False False False  True  True False False
 False  True False False False False False]","[False False False False False False False False False False False False
 False False False False False False False False False False False False
 False False  True False False False False  True False False False  True
 False False False False  True False False False False  True  True False
 False False  True False False False False False False False False False
 False False False False False False False]","[0.24, 0.72, 0.04]","[1.9348386864218154, 1.5294183119860194]",0,False,False
146,122.0,750.0,0.0,1,1,0,"[False  True False False False  True False False False False  True  True
 False False False  True False False False  True False False False  True
  True False False False  True False False False False False False False
 False False  True  True False False False False False False False  True
 False False False False False False  True False False False False  True
 False False False False False False False]","[False  True False False False False False False False False False False
 False False False False False False False  True False False False  True
 False False False False  True False False False  True False False False
 False False False False False False False  True False False False False
 False False False False False False False False False False False False
 False False False False False False False]","[0.28, 0.72, 0.0]","[2.135136527393951, 1.5294183119860194]",0,False,False
147,123.0,1500.0,0.0,1,-1,0,"[False False False False False False False False False False False False
 False False False False False False False False False False False False
 False False False False False False False False False False False False
 False False False False False False False False False False False False
 False False False False False False False False False False False False
 False False False False False False False]","[False False False False False False False False False False False False
  True  True False False False False False False False False False False
 False False False False False False False False False False False False
 False False False False False False False False False False False False
 False False False False False False False False False False False False
 False False False False False False False]","[0.32, 0.68, 0.0]","[2.300694208940575, 1.8577975158376967]",0,False,False
148,123.0,1500.0,0.0,1,-1,0,"[False False  True False False False False False False False False False
 False False False False False False False False False False False False
 False False False False False False False False False False False False
 False False False False False False False False False False False False
 False False False False False False False False False False False False
 False False False False False False False]","[False False False False False False False False False False False False
 False False False False False False False False  True False False False
 False  True False False False False False False False False False False
 False False False False False False False False False False False False
 False False False False False False False False False False False False
 False False False False False False False]","[0.32, 0.68, 0.0]","[2.300694208940575, 1.8577975158376967]",0,False,False
149,124.0,750.0,0.0,1,-1,0,"[ True False False False False False False False False False False False
 False False False False False False False False False False False False
 False False False False False False False False False False False False
 False False False False False False False False False False False False
 False False False False False False False False False False False False
 False False False False False False False]","[False False False False False False False False False False False False
 False False False False False False False False False False False False
 False False False False  True False False False  True False False False
 False False False False False False False False False False False False
 False False False False False False False False False False False False
 False False False False False False False]","[0.32, 0.68, 0.0]","[2.300694208940575, 1.4430435559855672]",0,False,False
150,125.0,750.0,0.0,1,-1,0,"[False False False False False False False False False False False False
 False False False False False False False False False False False False
 False False False False False False False False False False False False
 False False False False False False False False False False False False
 False False False False False False False False False False False False
 False False False False False False False]","[False False False False False False False False False False False False
 False False False False False False False False False False False False
 False False False False False False False False False False False False
 False  True False False False  True False False False False False False
 False False False False False False False False False False False False
 False False False False False False False]","[0.28, 0.72, 0.0]","[2.135136527393951, 1.1789108598452334]",0,False,False
151,125.0,750.0,0.0,1,-1,0,"[False False False False False False False False False False False False
 False False False False False False False False False False False False
 False False False False False False False False False False False False
 False False False False False False False False False False False False
 False False False False False False False False False False False False
 False False False False False False False]","[False False False False False False False False False False False  True
 False False False  True False False False False False False False False
 False False False False False False False False False False False False
 False False False False False False False False False False False False
 False False False False False False False False False False False False
 False False False False False False False]","[0.28, 0.72, 0.0]","[2.135136527393951, 0.861454089588674]",0,False,False
152,125.0,750.0,0.0,1,-1,0,"[False False False False False False False False False False False False
 False False False False False False False False False False False False
 False False False False False False False False False False False False
 False False False False False False False False False False False False
 False False False False False False False False False False False False
 False False False False False False False]","[False  True False False False  True  True False False False False False
 False False False False False False False False False False False False
 False False False False False False False False False False False False
 False False False False False False False False False False False False
 False False False False False False False False False False False False
 False False False False False False False]","[0.28, 0.72, 0.0]","[2.135136527393951, 0.5644319722741228]",0,False,False
153,125.0,750.0,0.0,1,1,0,"[False  True False False False  True False False False False  True False
 False False  True  True False False  True  True False False False  True
 False False False  True False False False  True False False False False
 False  True False False False  True False False False False False  True
 False False False False False False False False False False False False
 False False False False False False False]","[False False False False False False False False False False False False
 False False False False False False  True False False False  True  True
 False False False  True False False False  True False False False False
 False  True False False False  True False False False False False False
 False False False False False False False False False False False False
 False False False False False False False]","[0.28, 0.72, 0.0]","[2.135136527393951, 0.2794204416008008]",0,False,False
154,126.0,1500.0,0.0,1,1,0,"[False False False False False False False False False False  True False
 False False False False False False False  True False False False False
 False False False False False  True False False False  True False False
 False  True False False False  True  True False False False False False
  True False False False  True False False False False False False False
 False False  True  True False False False]","[False False False False False False False False False False False False
 False False False False False False False False False False False False
 False False False False False False False False False  True False False
 False  True False False False  True False False False False False False
  True False False False  True False False False False  True False False
 False False False False False False False]","[0.32, 0.68, 0.0]","[2.300694208940575, 0.1475824606895068]",0,False,False
155,127.0,6000.0,0.0,-1,-1,0,"[False False False False False False False False False False False False
 False False False False False False False False False False False False
 False False False False False False False False False False False False
 False False False False False False False False False False False False
 False False False False False False False False False False False False
 False False False False False False False]","[False False False  True False False False  True False False False  True
  True False False False  True False False False  True  True False False
  True  True False False False False False  True  True False False  True
  True False False False  True False False False False False False  True
 False False False False False False False False False False False False
 False False False False False False False]","[0.32, 0.68, 0.0]","[2.300694208940575, 0.1475824606895068]",0,False,False
156,128.0,6000.0,0.0,-1,-1,0,"[False False False False False False False False False False False False
 False  True False False False False False False False False False False
 False False False False False False False False False False False False
 False False False False False False False False False False False False
 False False False False False False False False False False False False
 False False False False False False False]","[ True False False False  True False False False  True  True False False
  True  True False False False  True  True False False False  True False
 False False  True False False False False  True  True False False False
 False  True False False False False False False False False False False
 False False False False False False False False False False False False
 False False False False False False False]","[0.32, 0.68, 0.0]","[2.300694208940575, 0.1475824606895068]",0,False,False
157,129.0,6000.0,0.0,-1,-1,0,"[False False False False False False False False False False False False
 False False False False False False False False False False False False
 False False False False False False False False False False False False
 False False False False False False False False False False False False
 False False False False False False False False False False False False
 False False False False False False False]","[False  True  True False False  True  True False False  True  True False
 False False False  True False False False  True False False False  True
 False False False False  True  True False False False  True  True False
 False False False False  True False False False False False False False
 False False False False False False False False False False False False
 False False False False False False False]","[0.32, 0.68, 0.0]","[2.300694208940575, 0.1475824606895068]",0,False,False
158,130.0,1500.0,0.0,1,-1,0,"[False False False False False False False False False False False False
 False False False False False False False False False False False False
 False False False False False False False False False False False False
 False False False False False False False False False False False False
 False False False False False False False False False False False False
 False False False False False False False]","[ True False False False False  True False False False False False False
 False False False False False False False False False False False False
 False False False False False False False False False False False False
 False False False False False False False False False False False False
 False False False False False False False False False False False False
 False False False False False False False]","[0.28, 0.72, 0.0]","[2.135136527393951, 0.2794204416008008]",0,False,False
159,130.0,1500.0,0.0,1,1,0,"[False False False False False False False  True False False False  True
 False False False False False False False False  True  True False False
 False False False False False  True False False False  True False False
 False  True  True False False False False False False False False  True
 False False False False False False  True False False False  True False
 False False False False False False False]","[False False False False False False False False False False False False
  True False False False False False False False False False False False
 False  True False False False False False False False False False False
 False False False False False False False False False False False False
 False False False False False False False False False False False False
 False False False False False False False]","[0.28, 0.72, 0.0]","[2.135136527393951, 0.2794204416008008]",0,False,False
160,131.0,3000.0,0.0,-1,-1,0,"[False False False False False False False False False False False False
 False False False False False False False False False False False False
 False False False False False False False False False False False False
 False False False False False False False False False False False False
 False False False False False False False False False False False False
 False False False False False False False]","[False  True  True False False False  True False False False  True False
 False False  True False False False  True False False False False  True
 False False False  True False False False False  True  True False False
  True  True False False False  True  True False False False False False
 False False False False False False False False False False False False
 False False False False False False False]","[0.28, 0.72, 0.0]","[nan, 0.2794204416008008]",0,False,False
161,132.0,1500.0,0.0,1,1,0,"[ True False False False  True False False False  True False False False
 False False False False False  True False False False  True False False
 False False  True False False False  True False False False False  True
  True False False False  True False False False False  True False False
 False False False False False False False  True False False False False
 False False False False False False False]","[False False False False False False False False False False False False
 False False False False False  True False False False  True False False
 False  True False False False False  True False False False False False
  True False False False False False False False  True False False False
 False False False False False False False False False False False False
 False False False False False False False]","[0.28, 0.72, 0.0]","[nan, 0.2794204416008008]",0,False,False
162,133.0,3000.0,0.0,-1,-1,0,"[False False False False False False False False False False False False
 False False False False False False False False False False False False
 False False False False False False False False False False False False
 False False False False False False False False False False False False
 False False False False False False False False False False False False
 False False False False False False False]","[ True False False False  True False False False False  True False False
 False  True False False False  True  True False False  True  True False
 False False  True False False False False False  True  True False False
 False  True  True False False False  True False False False False False
 False False False False False False False False False False False False
 False False False False False False False]","[0.32, 0.68, 0.0]","[nan, 0.1475824606895068]",0,False,False
163,134.0,1500.0,0.0,1,1,0,"[ True False False False False  True False False False False False False
 False False  True False False False  True  True False False  True  True
 False False  True  True False False False False False False False False
 False  True  True False False  True False False False False  True False
 False False False False False False False False False False False False
 False False False False False False False]","[False False False False False False False False False False False False
 False False False False False False  True False False False  True  True
 False False False  True False False False False False False False False
 False  True False False False  True False False False False False False
 False False False False False False False False False False False False
 False False False False False False False]","[0.32, 0.68, 0.0]","[nan, 0.1475824606895068]",0,False,False
164,135.0,1500.0,0.0,1,-1,0,"[False False False False False False False False False False False False
 False False False False False False False False False False False False
 False False False False False False False False False False False False
 False False False False False False False False False False False False
 False False False False False False False False False False False False
 False False False False False False False]","[False False False  True  True False False False False False False False
 False False False False False False False False False False False False
 False False False False False False False False False False False False
 False False False False False False False False False False False False
 False False False False False False False False False False False False
 False False False False False False False]","[0.32, 0.68, 0.0]","[nan, 0.1475824606895068]",0,False,False
165,135.0,1500.0,0.0,1,1,0,"[False  True False False False  True  True False False False  True  True
 False False False  True False False False  True False False False  True
 False False False False  True False False False  True False False False
 False False  True False False False  True False False False False False
 False False False False False False False False False False False False
 False False False False False False False]","[False False False False False False False False False False False False
 False False False  True False False False  True False False False  True
 False False False  True  True False False False  True False False False
 False False  True False False False False False False False False False
 False False False False False False False False False False False False
 False False False False False False False]","[0.32, 0.68, 0.0]","[nan, 0.1475824606895068]",0,False,False
166,136.0,6000.0,0.0,-1,-1,0,"[False False False False False False False False False False False False
 False False False False False False False False False False False False
 False False False False False False False False False False False False
 False False False False False False False False False False False False
 False False False False False False False False False False False False
 False False False False False False False]","[False  True False False False  True False False False  True  True False
 False  True  True False False False  True False False False  True  True
 False False False  True False False False False  True  True False False
 False  True False False False False False False  True False False False
 False False False False False False False False False False False False
 False False False False False False False]","[0.32, 0.68, 0.0]","[nan, 0.1475824606895068]",0,False,False
167,137.0,3000.0,0.0,-1,-1,0,"[False False False False False False False False False False False False
 False False False False False False False False False False False False
 False False False False False False False False False False False False
 False False False False False False False False False False False False
 False False False False False False False False False False False False
 False False False False False False False]","[False False False  True False False False  True False False False  True
  True False False False  True False False False  True False False False
 False  True False False False  True False False False  True False False
 False False  True  True False False False  True  True False False False
 False False False False False False False False False False False False
 False False False False False False False]","[0.32, 0.68, 0.0]","[nan, 0.1475824606895068]",0,False,False
168,138.0,750.0,0.0,1,1,0,"[False False False False False  True False False False  True False False
 False  True False False False False  True False False False  True False
 False False False  True False False False  True False False False  True
 False False False False False  True False False False  True  True False
 False False False False False False False False False False False False
 False False False False False False False]","[False False False False False False False False False False False False
 False False False False False False False False False False False False
 False False  True False False False False False False False False  True
 False False False False False  True False False False False  True False
 False False  True False False False False False False False False False
 False False False False False False False]","[0.32, 0.68, 0.0]","[nan, 0.1475824606895068]",0,False,False
169,139.0,6000.0,0.0,-1,-1,0,"[False False False False False False False False False False False False
 False False False False False False False False False False False False
 False False False False False False False False False False False False
 False False False False False False False False False False False False
 False False False False False False False False False False False False
 False False False False False False False]","[ True  True False False False  True  True False False  True  True False
 False False  True False False False False  True False False False  True
 False False False False  True False False False False False  True False
 False False False False False False False False False False False False
 False False False False False False False False False False False False
 False False False False False False False]","[0.36, 0.64, 0.0]","[nan, 0.0]",0,False,False
170,140.0,750.0,0.0,1,-1,0,"[False False False False False False False False False False False False
 False False False False False False False False False False False False
 False False False False False False False False False False False False
 False False False False False False False False False False False False
 False False False False False False False False False False False False
 False False False False False False False]","[ True  True False False False False False False False False False False
 False False False False False False False False False False False False
 False False False False False False False False False False False False
 False False False False False False False False False False False False
 False False False False False False False False False False False False
 False False False False False False False]","[0.36, 0.64, 0.0]","[nan, 0.0]",0,False,False
171,140.0,750.0,0.0,1,1,0,"[False  True False False False False  True False False False False  True
 False False False  True  True False False False False False False  True
  True False False False  True False False False  True False False False
 False False False False False  True False False False False False False
 False False False False False False False False False False False False
 False False False False False False False]","[False False False False False False False False False False False False
 False False False False False False False False False False False  True
  True False False  True  True False False False  True False False False
  True False False False False False False False False False False False
 False False False False False False False False False False False False
 False False False False False False False]","[0.32, 0.68, 0.0]","[nan, -0.1475824606895068]",0,False,False
172,141.0,750.0,0.0,1,1,0,"[False False False False  True False False False  True False False False
  True False False False  True  True False False  True  True False False
  True  True False False False False False False False  True  True False
 False False False False False False False  True  True False False False
  True False False False False False False False False False False False
 False False False False False False False]","[False False False False False False False False False False False False
 False False False False  True  True False False False  True False False
 False  True False False False  True False False False  True False False
 False False  True False False False False False False False False False
 False False False False False False False False False False False False
 False False False False False False False]","[0.32, 0.68, 0.0]","[nan, -0.1475824606895068]",0,False,False
173,142.0,3000.0,0.0,-1,-1,0,"[False False False False False False False False False False False False
 False False False False False False False False False False False False
 False False False False False False False False False False False False
 False False False False False False False False False False False False
 False False False False False False False False False False False False
 False False False False False False False]","[False False False False False False False False False  True False False
 False  True False False False  True  True False False  True  True False
 False  True  True False False  True  True False False False  True False
 False False False  True  True False False False  True  True False False
 False False False False False False False False False False False False
 False False False False False False False]","[0.36, 0.64, 0.0]","[nan, 0.0]",0,False,False
174,143.0,750.0,0.0,1,-1,0,"[False False False False False False False False False False False False
 False False False False False False False False False False False False
 False False False False False False False False False False False False
 False False False False False False False False False False False False
 False False False False False False False False False False False False
 False False False False False False False]","[False  True False False False  True  True False False False False False
 False False False False False False False False False False False False
 False False False False False False False False False False False False
 False False False False False False False False False False False False
 False False False False False False False False False False False False
 False False False False False False False]","[0.36, 0.64, 0.0]","[nan, 0.31462117104709175]",0,False,False
175,143.0,750.0,0.0,1,-1,0,"[False  True False False False False False False False False False False
 False False False False False False False False False False False False
 False False False False False False False False False False False False
 False False False False False False False False False False False False
 False False False False False False False False False False False False
 False False False False False False False]","[False False False False False False  True False False False False False
 False False False False False False False False False False False False
 False False False False False False False False False  True False False
 False False False False False False False False False False False False
 False False False False False False False False False False False False
 False False False False False False False]","[0.36, 0.64, 0.0]","[nan, 0.31462117104709175]",0,False,False
176,143.0,750.0,0.0,1,1,0,"[False False False False False False False  True False False False  True
 False False False False  True False False False  True False False False
  True False False False  True  True False False False  True False False
 False False False  True False False False False False False False  True
  True False False False False False False False False False False False
 False False False False False False False]","[False False False False False False False False False False False False
 False False False False False False False False  True False False False
  True False False False False  True False False False  True False False
 False False False  True False False False  True False False False False
 False False False False False False False False False False False False
 False False False False False False False]","[0.36, 0.64, 0.0]","[nan, 0.31462117104709175]",0,False,False
177,144.0,6000.0,0.0,-1,1,0,"[False False False False False  True False False False  True False False
 False False False False False False False False False False False False
 False False False False False False False False False False False False
 False False False False False False False False False False False False
 False False False False False False False False False False False False
 False False False False False False False]","[False False False False False False False False False False False False
 False False False False False False False False False False False False
 False False False False False False False False False False False False
 False False False False False False False False False False False False
 False False False False False False False False False False False False
 False False False False False False False]","[0.4, 0.6, 0.0]","[nan, 0.5066938613135554]",0,False,False
178,144.0,6000.0,0.0,-1,1,0,"[False  True False False False  True False False False False False False
 False False False False False False False False False False False False
 False False False False False False False False False False False False
 False False False False False False False False False False False False
 False False False False False False False False False False False False
 False False False False False False False]","[False False False False False False False False False False False False
 False False False False False False False False False False False False
 False False False False False False False False False False False False
 False False False False False False False False False False False False
 False False False False False False False False False False False False
 False False False False False False False]","[0.44, 0.56, 0.0]","[2.670350930522295, 0.7322121668315051]",0,False,False
179,144.0,6000.0,0.0,-1,0,0,"[False False False False False False False False False False False False
 False False False False False False False False False False False False
 False False False False False False False False False False False False
 False False False False False False False False False False False False
 False False False False False False False False False False False False
 False False False False False False False]","[False False False False False False False False False False False False
 False False False False False False False False False False False False
 False False False False False False False False False False False False
 False False False False False False False False False False False False
 False False False False False False False False False False False False
 False False False False False False False]","[0.44, 0.56, 0.0]","[1.8169135474117328, 0.7322121668315051]",0,False,False
180,145.0,750.0,0.0,1,0,0,"[False False False False False False False False False False False False
 False False False False False False False False False False False False
 False False False False False False False False False False False False
 False False False False False False False False False False False False
 False False False False False False False False False False False False
 False False False False False False False]","[False False False False False False False False False False False False
 False False False False False False False False False False False False
 False False False False False False False False False False False False
 False False False False False False False False False False False False
 False False False False False False False False False False False False
 False False False False False False False]","[0.4, 0.56, 0.04]","[1.6832403249694212, 0.7322121668315051]",0,False,False
181,145.0,750.0,0.0,1,0,0,"[False False False False False False False False False False False False
 False False False False False False False False False False False False
 False False False False False False False False False False False False
 False False False False False False False False False False False False
 False False False False False False False False False False False False
 False False False False False False False]","[False False False False False False False False False False False False
 False False False False False False False False False False False False
 False False False False False False False False False False False False
 False False False False False False False False False False False False
 False False False False False False False False False False False False
 False False False False False False False]","[0.4, 0.52, 0.08]","[1.6832403249694212, 0.5867619998972957]",0,False,False
182,145.0,750.0,0.0,1,1,0,"[ True False False False False  True False False False  True False False
 False  True False False False  True False False False  True False False
 False  True False False False False  True False False  True  True False
 False False False  True False False False  True False False False  True
  True False False False False False False False False False False False
 False False False False False False False]","[False False False False False False False False False False False False
 False False False False False False False False False False False False
 False  True False False False False False False False  True  True False
 False False False False False False False False False False False False
 False False False False False False False False False False False False
 False False False False False False False]","[0.4, 0.48, 0.12]","[1.6832403249694212, 0.42085643268640105]",0,False,False
183,146.0,1500.0,0.0,1,1,0,"[False False False  True  True False False False False False False False
 False False False False False False False False False False False False
 False False False False False False False False False False False False
 False False False False False False False False False False False False
 False False False False False False False False False False False False
 False False False False False False False]","[False False False False False False False False False False False False
 False False False False False False False False False False False False
 False False False False False False False False False False False False
 False False False False False False False False False False False False
 False False False False False False False False False False False False
 False False False False False False False]","[0.44, 0.44, 0.12]","[1.8169135474117328, 0.2283703801950016]",0,False,False
184,147.0,6000.0,0.0,-1,0,0,"[False False False False False False False False False False False False
 False False False False False False False False False False False False
 False False False False False False False False False False False False
 False False False False False False False False False False False False
 False False False False False False False False False False False False
 False False False False False False False]","[False False False False False False False False False False False False
 False False False False False False False False False False False False
 False False False False False False False False False False False False
 False False False False False False False False False False False False
 False False False False False False False False False False False False
 False False False False False False False]","[0.48, 0.4, 0.12]","[1.9348409100817299, 0.5066936887499858]",0,False,False
185,147.0,6000.0,0.0,-1,0,0,"[False False False False False False False False False False False False
 False False False False False False False False False False False False
 False False False False False False False False False False False False
 False False False False False False False False False False False False
 False False False False False False False False False False False False
 False False False False False False False]","[False False False False False False False False False False False False
 False False False False False False False False False False False False
 False False False False False False False False False False False False
 False False False False False False False False False False False False
 False False False False False False False False False False False False
 False False False False False False False]","[0.44, 0.4, 0.16]","[1.8169135474117328, 0.5066936887499858]",0,False,False
186,147.0,6000.0,0.0,-1,1,0,"[False False False False False False  True False False False False  True
 False False False False False False False False False False False False
 False False False False False False False False False False False False
 False False False False False False False False False False False False
 False False False False False False False False False False False False
 False False False False False False False]","[False False False False False False False False False False False False
 False False False False False False False False False False False False
 False False False False False False False False False False False False
 False False False False False False False False False False False False
 False False False False False False False False False False False False
 False False False False False False False]","[0.44, 0.36, 0.2]","[1.8169135474117328, 0.2794202853486787]",0,False,False
187,147.0,6000.0,0.0,-1,0,0,"[False False False False False False False False False False False False
 False False False False False False False False False False False False
 False False False False False False False False False False False False
 False False False False False False False False False False False False
 False False False False False False False False False False False False
 False False False False False False False]","[False False False False False False False False False False False False
 False False False False False False False False False False False False
 False False False False False False False False False False False False
 False False False False False False False False False False False False
 False False False False False False False False False False False False
 False False False False False False False]","[0.44, 0.36, 0.2]","[1.2091694501633, 0.2794202853486787]",0,False,False
188,147.0,6000.0,0.0,-1,0,0,"[False False False False False False False False False False False False
 False False False False False False False False False False False False
 False False False False False False False False False False False False
 False False False False False False False False False False False False
 False False False False False False False False False False False False
 False False False False False False False]","[False False False False False False False False False False False False
 False False False False False False False False False False False False
 False False False False False False False False False False False False
 False False False False False False False False False False False False
 False False False False False False False False False False False False
 False False False False False False False]","[0.44, 0.32, 0.24]","[1.2091694501633, 0.0]",0,False,False
189,147.0,6000.0,0.0,-1,0,0,"[False False False False False False False False False False False False
 False False False False False False False False False False False False
 False False False False False False False False False False False False
 False False False False False False False False False False False False
 False False False False False False False False False False False False
 False False False False False False False]","[False False False False False False False False False False False False
 False False False False False False False False False False False False
 False False False False False False False False False False False False
 False False False False False False False False False False False False
 False False False False False False False False False False False False
 False False False False False False False]","[0.4, 0.32, 0.28]","[1.04879987536743, 0.0]",0,False,False
190,147.0,6000.0,0.0,-1,0,0,"[False False False False False False False False False False False False
 False False False False False False False False False False False False
 False False False False False False False False False False False False
 False False False False False False False False False False False False
 False False False False False False False False False False False False
 False False False False False False False]","[False False False False False False False False False False False False
 False False False False False False False False False False False False
 False False False False False False False False False False False False
 False False False False False False False False False False False False
 False False False False False False False False False False False False
 False False False False False False False]","[0.4, 0.28, 0.32]","[1.04879987536743, 0.36002421977424204]",0,False,False
191,147.0,6000.0,0.0,-1,0,0,"[False False False False False False False False False False False False
 False False False False False False False False False False False False
 False False False False False False False False False False False False
 False False False False False False False False False False False False
 False False False False False False False False False False False False
 False False False False False False False]","[False False False False False False False False False False False False
 False False False False False False False False False False False False
 False False False False False False False False False False False False
 False False False False False False False False False False False False
 False False False False False False False False False False False False
 False False False False False False False]","[0.36, 0.28, 0.36]","[0.8614535802617546, 0.36002421977424204]",0,False,False
192,148.0,750.0,0.0,1,0,0,"[False False False False False False False False False False False False
 False False False False False False False False False False False False
 False False False False False False False False False False False False
 False False False False False False False False False False False False
 False False False False False False False False False False False False
 False False False False False False False]","[False False False False False False False False False False False False
 False False False False False False False False False False False False
 False False False False False False False False False False False False
 False False False False False False False False False False False False
 False False False False False False False False False False False False
 False False False False False False False]","[0.36, 0.24, 0.4]","[0.8614535802617546, 0.0]",0,False,False
193,148.0,750.0,0.0,1,0,0,"[False False False False False False False False False False False False
 False False False False False False False False False False False False
 False False False False False False False False False False False False
 False False False False False False False False False False False False
 False False False False False False False False False False False False
 False False False False False False False]","[False False False False False False False False False False False False
 False False False False False False False False False False False False
 False False False False False False False False False False False False
 False False False False False False False False False False False False
 False False False False False False False False False False False False
 False False False False False False False]","[0.36, 0.2, 0.44]","[0.8614535802617546, -0.5066931710605553]",0,False,False
194,149.0,3000.0,0.0,-1,0,0,"[False False False False False False False False False False False False
 False False False False False False False False False False False False
 False False False False False False False False False False False False
 False False False False False False False False False False False False
 False False False False False False False False False False False False
 False False False False False False False]","[False False False False False False False False False False False False
 False False False False False False False False False False False False
 False False False False False False False False False False False False
 False False False False False False False False False False False False
 False False False False False False False False False False False False
 False False False False False False False]","[0.32, 0.2, 0.48]","[0.6372779040108865, -0.5066931710605553]",0,False,False
195,150.0,3000.0,0.0,-1,0,0,"[False False False False False False False False False False False False
 False False False False False False False False False False False False
 False False False False False False False False False False False False
 False False False False False False False False False False False False
 False False False False False False False False False False False False
 False False False False False False False]","[False False False False False False False False False False False False
 False False False False False False False False False False False False
 False False False False False False False False False False False False
 False False False False False False False False False False False False
 False False False False False False False False False False False False
 False False False False False False False]","[0.32, 0.16, 0.52]","[0.6372779040108865, -1.3489755673346382]",0,False,False
196,150.0,3000.0,0.0,-1,0,0,"[False False False False False False False False False False False False
 False False False False False False False False False False False False
 False False False False False False False False False False False False
 False False False False False False False False False False False False
 False False False False False False False False False False False False
 False False False False False False False]","[False False False False False False False False False False False False
 False False False False False False False False False False False False
 False False False False False False False False False False False False
 False False False False False False False False False False False False
 False False False False False False False False False False False False
 False False False False False False False]","[0.32, 0.12, 0.56]","[0.6372779040108865, -0.8614515429653226]",0,False,False
197,151.0,6000.0,0.0,-1,0,0,"[False False False False False False False False False False False False
 False False False False False False False False False False False False
 False False False False False False False False False False False False
 False False False False False False False False False False False False
 False False False False False False False False False False False False
 False False False False False False False]","[False False False False False False False False False False False False
 False False False False False False False False False False False False
 False False False False False False False False False False False False
 False False False False False False False False False False False False
 False False False False False False False False False False False False
 False False False False False False False]","[0.28, 0.12, 0.6]","[0.36002421977424204, -0.8614515429653226]",0,False,False
198,152.0,1500.0,0.0,1,0,0,"[False False False False False False False False False False False False
 False False False False False False False False False False False False
 False False False False False False False False False False False False
 False False False False False False False False False False False False
 False False False False False False False False False False False False
 False False False False False False False]","[False False False False False False False False False False False False
 False False False False False False False False False False False False
 False False False False False False False False False False False False
 False False False False False False False False False False False False
 False False False False False False False False False False False False
 False False False False False False False]","[0.24, 0.12, 0.64]","[0.0, -0.8614515429653226]",0,False,False
199,152.0,1500.0,0.0,1,0,0,"[False False False False False False False False False False False False
 False False False False False False False False False False False False
 False False False False False False False False False False False False
 False False False False False False False False False False False False
 False False False False False False False False False False False False
 False False False False False False False]","[False False False False False False False False False False False False
 False False False False False False False False False False False False
 False False False False False False False False False False False False
 False False False False False False False False False False False False
 False False False False False False False False False False False False
 False False False False False False False]","[0.24, 0.08, 0.68]","[0.0, nan]",0,False,False
200,153.0,1500.0,0.0,1,0,0,"[False False False False False False False False False False False False
 False False False False False False False False False False False False
 False False False False False False False False False False False False
 False False False False False False False False False False False False
 False False False False False False False False False False False False
 False False False False False False False]","[False False False False False False False False False False False False
 False False False False False False False False False False False False
 False False False False False False False False False False False False
 False False False False False False False False False False False False
 False False False False False False False False False False False False
 False False False False False False False]","[0.24, 0.04, 0.72]","[0.0, nan]",0,False,False
