,Trial index,Stim frequency,Stim AM rate,Category,Response,Task,Right licks,Left licks,Choice rate,dprimes,Timeline events,Flagged,Easy
0,0.0,750.0,0.0,1,1,0,"[ True False False False False False False False False False  True False
 False False False  True False False False False  True False False False
  True False False False False False False False False False False False
 False  True False False False  True False False False  True False False
 False False  True False False False False False False False False False
 False False False False  True False False]","[False False False False False False False False False False False False
 False False False False False False False False False False False False
 False False False False False False False False False False False False
 False False False False False False False False False False False False
 False False False False False False False False False False False False
 False False False False False False False]","[0, 0, 0]","[0, 0]",0,False,False
1,1.0,750.0,0.0,1,-1,0,"[False False False False False False False False False False False False
 False False False False False False False False False False False False
 False False False False False False False False False False False False
 False False False False False False False False False False False False
 False False False False False False False False False False False False
 False False False False False False False]","[False False  True False False False  True  True False False False False
 False False False False False False False False False False False False
 False False False False False False False False False False False False
 False False False False False False False False False False False False
 False False False False False False False False False False False False
 False False False False False False False]","[1.0, 0.0, 0.0]","[nan, 0.0]",0,False,False
2,2.0,1500.0,0.0,1,1,0,"[False False False False False False  True False False False False  True
 False False False False  True False False False False  True False False
 False  True False False False False False False False False False False
 False False False False False False False False  True False False  True
 False False False False False False False False False  True False False
 False False False False False False False]","[False False False False False False False False False False False False
 False False False False False False False False False False False False
 False False False False False False False False False False False False
 False False False False False False False False False False False False
 False False False False False False False False False False False False
 False False False False False False False]","[0.5, 0.5, 0.0]","[nan, nan]",0,False,True
3,3.0,3000.0,0.0,-1,-1,0,"[False False False False False False False False False False False False
 False False False False False False False False False False False False
 False False False False False False False False False False False False
 False False False False False False False False False False False False
 False False False False False False False False False False False False
 False False False False False False False]","[False False False False False False False False False False False False
 False  True False False False False  True False False False  True  True
 False False False  True False False False  True False False False  True
 False False False False False  True  True False False False False False
 False False False  True  True False False False  True False False  True
  True False False False False False False]","[0.6666666666666666, 0.3333333333333333, 0.0]","[nan, nan]",0,False,True
4,4.0,3000.0,0.0,-1,-1,0,"[False False False False False False False False False False False False
 False False False False False False False False False False False False
 False False False False False False False False False False False False
 False False False False False False False False False False False False
 False False False False False False False False False False False False
 False False False False False False False]","[False  True False False False False  True False False False False False
 False False False False  True False False False  True False False False
  True False False False False  True  True False False False  True False
 False False False  True  True False False False  True  True False False
 False  True False False False False False  True  True False False False
  True False False False False False False]","[0.5, 0.5, 0.0]","[nan, 0.0]",0,False,True
5,5.0,6000.0,0.0,-1,-1,0,"[False False False False False False False False False False False False
 False False False False False False False False False False False False
 False False False False False False False False False False False False
 False False False False False False False False False False False False
 False False False False False False False False False False False False
 False False False False False False False]","[False False  True False False False False  True False False False False
  True False False False  True  True False False False  True False False
 False  True False False False False False  True False False False False
  True  True False False False  True False False False False False  True
 False False False  True  True False False False False False False False
 False False False False False False False]","[0.4, 0.6, 0.0]","[nan, 0.8614515429653226]",0,False,True
6,6.0,3000.0,0.0,-1,-1,0,"[False False False False False False False False False False False False
 False False False False False False False False False False False False
 False False False False False False False False False False False False
 False False False False False False False False False False False False
 False False False False False False False False False False False False
 False False False False False False False]","[False  True False False False False False False False False  True False
 False False False  True  True False False  True  True False False  True
  True False False False  True False False False  True  True False False
 False False  True  True False False False  True False False False False
  True  True False False False  True False False False False False False
 False False False False  True False False]","[0.3333333333333333, 0.6666666666666666, 0.0]","[nan, 1.3489755673346382]",0,False,True
7,7.0,750.0,0.0,1,1,0,"[False False False False False False False False False False False False
 False False False False False False False False False False False False
 False False  True False False False  True False False False False False
  True False False False False False  True False  True  True False False
  True False False  True False  True  True  True  True False  True False
 False  True False  True  True  True False]","[False False False False False False False False False False False False
 False False False False False False False False False False False False
 False False False False False False False False False False False False
 False False False False False False False False False False False False
 False False False False False False False False False False False False
 False False False False False False False]","[0.2857142857142857, 0.7142857142857143, 0.0]","[nan, 1.6832381817308146]",0,False,True
8,8.0,6000.0,0.0,-1,1,0,"[False  True False False  True False  True False False  True False  True
  True False  True False  True  True False  True False False  True False
  True False False  True False  True False False  True False  True False
 False  True False False  True False  True False  True  True False  True
 False False  True False  True False False  True False  True  True False
  True False  True  True False  True False]","[False False False False False False False False False False False False
 False False False False False False False False False False False False
 False False False False False False False False False False False False
 False False False False False False False False False False False False
 False False False False False False False False False False False False
 False False False False False False False]","[0.375, 0.625, 0.0]","[nan, 1.6832381817308146]",0,False,True
9,9.0,6000.0,0.0,-1,-1,0,"[False False False False False False False False False False False False
 False False False False False False False False False False False False
 False False False False False False False False False False False False
 False False False False False False False False False False False False
 False False False False False False False False False False False False
 False False False False False False False]","[False False False False False False False False False  True False False
 False  True False False False False  True  True False False False  True
 False False  True  True False False False  True False False False False
 False False False False False  True False False False  True False False
 False False  True False False False  True False False False False False
  True False False False  True  True False]","[0.4444444444444444, 0.5555555555555556, 0.0]","[1.3489755673346382, 1.6832381817308146]",0,False,True
10,10.0,6000.0,0.0,-1,-1,0,"[False False False False False False False False False False False False
 False False False False False False False False False False False False
 False False False False False False False False False False False False
 False False False False False False False False False False False False
 False False False False False False False False False False False False
 False False False False False False False]","[False False False  True False False False  True False False False False
  True  True False False False  True False False False  True False False
 False  True  True False False False  True False False False False  True
  True False False  True  True False False False  True False False False
 False False  True  True False False  True  True False False False False
 False False False False False False False]","[0.4, 0.6, 0.0]","[1.3489755673346382, 1.9348386864218154]",0,False,True
11,11.0,1500.0,0.0,1,1,0,"[False False False False  True False False False False False False False
 False  True False False False False  True False False False  True False
 False False False  True False False False  True False False False  True
 False False False False False False False False False False False  True
 False False False False False False False False False  True False False
 False False False False False False  True]","[False False False False False False False False False False False False
 False False False False False False False False False False False False
 False False False False False False False False False False False False
 False False False False False False False False False False False False
 False False False False False False False False False False False False
 False False False False False False False]","[0.36363636363636365, 0.6363636363636364, 0.0]","[1.3489755673346382, 2.135136527393951]",0,False,True
12,12.0,3000.0,0.0,-1,-1,0,"[False False False False False False False False False False False False
 False False False False False False False False False False False False
 False False False False False False False False False False False False
 False False False False False False False False False False False False
 False False False False False False False False False False False False
 False False False False False False False]","[False  True False False False False  True False False False  True  True
 False False False  True False False False  True  True False False False
  True False False False  True False False False False False  True False
 False False False  True  True False False False  True False False False
 False False  True  True False False False  True False False False False
 False False False False False False False]","[0.4166666666666667, 0.5833333333333334, 0.0]","[1.6832381817308146, 2.135136527393951]",0,False,True
13,13.0,1500.0,0.0,1,1,0,"[False False False False False False  True False False False False False
 False False False False False False False False False False False False
 False False  True  True False False False  True False False False False
  True False False False  True False False False False  True False False
 False  True False False False False False False False False False False
 False False  True False False False False]","[False False False False False False False False False False False False
 False False False False False False False False False False False False
 False False False False False False False False False False False False
 False False False False False False False False False False False False
 False False False False False False False False False False False False
 False False False False False False False]","[0.38461538461538464, 0.6153846153846154, 0.0]","[1.6832381817308146, 2.300694208940575]",0,False,True
14,14.0,750.0,0.0,1,0,0,"[False False False False False False False False False False False False
 False False False False False False False False False False False False
 False False False False False False False False False False False False
 False False False False False False False False False False False False
 False False False False False False False False False False False False
 False False False False False False False]","[False False False False False False False False False False False False
 False False False False False False False False False False False False
 False False False False False False False False False False False False
 False False False False False False False False False False False False
 False False False False False False False False False False False False
 False False False False False False False]","[0.42857142857142855, 0.5714285714285714, 0.0]","[1.9348386864218154, 2.300694208940575]",0,False,True
15,15.0,1500.0,0.0,1,1,0,"[False False False False False False False False  True False False False
 False False False False False False False False False  True False False
 False False  True False False False False  True False False False  True
 False False False False False False False False  True False False False
 False False False False False False False False False False False False
 False False False False  True False False]","[False False False False False False False False False False False False
 False False False False False False False False False False False False
 False False False False False False False False False False False False
 False False False False False False False False False False False False
 False False False False False False False False False False False False
 False False False False False False False]","[0.4, 0.5333333333333333, 0.06666666666666667]","[1.9348386864218154, 2.300694208940575]",0,False,True
16,16.0,750.0,0.0,1,1,0,"[False False False False False False False False False False  True False
 False False False  True False False False False  True False False False
  True  True False False False  True False False False  True False False
 False False  True False False False False False False False False False
 False False False False False False  True False False False False False
 False False False False False False False]","[False False False False False False False False False False False False
 False False False False False False False False False False False False
 False False False False False False False False False False False False
 False False False False False False False False False False False False
 False False False False False False False False False False False False
 False False False False False False False]","[0.4375, 0.5, 0.0625]","[2.135136527393951, 2.300694208940575]",0,False,True
17,17.0,6000.0,0.0,-1,-1,0,"[False False False False False False False False False False False False
 False False False False False False False False False False False False
 False False False False False False False False False False False False
 False False False False False False False False False False False False
 False False False False False False False False False False False False
 False False False False False False False]","[False  True False False False False False False False False False False
 False False False False  True False False False False  True False False
 False False False False False False  True False False False False False
  True False False  True  True False False  True  True False False False
 False  True  True False False False False False False False  True  True
 False False False False False False False]","[0.47058823529411764, 0.47058823529411764, 0.058823529411764705]","[2.300694208940575, 2.300694208940575]",0,False,True
18,18.0,3000.0,0.0,-1,-1,0,"[False False False False False False False False False False False False
 False False False False False False False False False False False False
 False False False False False False False False False False False False
 False False False False False False False False False False False False
 False False False False False False False False False False False False
 False False False False False False False]","[False False  True False False False False  True False False False False
 False False False False False  True False False False False False False
 False False  True False False False  True False False False False False
  True False False False  True False False False False False False  True
 False False False  True False False False False False False False False
 False False False False False False False]","[0.4444444444444444, 0.5, 0.05555555555555555]","[2.300694208940575, 2.4412761378064363]",0,False,True
19,19.0,750.0,0.0,1,1,0,"[ True False False False False False False False False False False False
 False  True False False False False  True False False False False  True
 False False False  True False False False  True  True False False False
 False False  True False False False False False False False False False
 False False False False  True False False False  True  True False False
 False False False False False False False]","[False False False False False False False False False False False False
 False False False False False False False False False False False False
 False False False False False False False False False False False False
 False False False False False False False False False False False False
 False False False False False False False False False False False False
 False False False False False False False]","[0.42105263157894735, 0.5263157894736842, 0.05263157894736842]","[2.300694208940575, 2.5630985764077403]",0,False,True
20,20.0,3000.0,0.0,-1,-1,0,"[False False False False False False False False False False False False
 False False False False False False False False False False False False
 False False False False False False False False False False False False
 False False False False False False False False False False False False
 False False False False False False False False False False False False
 False False False False False False False]","[False  True False False False False  True False False False False  True
 False False False False  True False False False  True False False False
  True False False False False False  True False False False False False
  True False False False  True False False False False False  True  True
 False False False False False False False False False False False False
 False False False False False False False]","[0.45, 0.5, 0.05]","[2.4412761378064363, 2.5630985764077403]",0,False,True
21,21.0,1500.0,0.0,1,1,0,"[False False  True False False False  True False False False False  True
  True False False False  True False False False  True False False False
 False  True False False False  True False False False False False False
 False False False False False False False False False  True False False
 False  True False False False False False  True False False False False
  True False False False False False False]","[False False False False False False False False False False False False
 False False False False False False False False False False False False
 False False False False False False False False False False False False
 False False False False False False False False False False False False
 False False False False False False False False False False False False
 False False False False False False False]","[0.42857142857142855, 0.5238095238095238, 0.047619047619047616]","[2.4412761378064363, 2.670350930522295]",0,False,True
22,22.0,750.0,0.0,1,0,0,"[False False False False False False False False False False False False
 False False False False False False False False False False False False
 False False False False False False False False False False False False
 False False False False False False False False False False False False
 False False False False False False False False False False False False
 False False False False False False False]","[False False False False False False False False False False False False
 False False False False False False False False False False False False
 False False False False False False False False False False False False
 False False False False False False False False False False False False
 False False False False False False False False False False False False
 False False False False False False False]","[0.45454545454545453, 0.5, 0.045454545454545456]","[2.5630985764077403, 2.670350930522295]",0,False,True
23,22.0,750.0,0.0,1,1,0,"[False False False False False False False False False False False False
 False False False False False False False False False False False False
 False False False False False False False False  True False False False
 False  True False False False  True  True False False False  True False
 False False False  True False False False  True False False False False
 False False False False False False False]","[False False False False False False False False False False False False
 False False False False False False False False False False False False
 False False False False False False False False False False False False
 False False False False False False False False False False False False
 False False False False False False False False False False False False
 False False False False False False False]","[0.43478260869565216, 0.4782608695652174, 0.08695652173913043]","[2.5630985764077403, 2.670350930522295]",0,False,True
24,23.0,3000.0,0.0,-1,-1,0,"[False False False False False False False False False False False False
 False False False False False False False False False False False False
 False False False False False False False False False False False False
 False False False False False False False False False False False False
 False False False False False False False False False False False False
 False False False False False False False]","[False False  True  True False False False  True False False False False
 False False False  True False False False  True  True False False False
 False False  True False False  True  True False False False False  True
  True False False False  True False False False False  True False False
 False False False False False False False False False False False False
 False False False False False False False]","[0.4583333333333333, 0.4583333333333333, 0.08333333333333333]","[2.670350930522295, 2.670350930522295]",0,False,True
25,24.0,1500.0,0.0,1,1,0,"[False False False False False False False False False False False False
 False False False False False False False False False  True  True False
 False False  True  True False False False  True False False False  True
 False False False False False False False False False False  True False
 False False  True False False False False False False False False False
 False False False False False  True False]","[False False False False False False False False False False False False
 False False False False False False False False False False False False
 False False False False False False False False False False False False
 False False False False False False False False False False False False
 False False False False False False False False False False False False
 False False False False False False False]","[0.44, 0.48, 0.08]","[2.670350930522295, 2.765983730024195]",0,False,True
26,25.0,6000.0,0.0,-1,-1,0,"[False False False False False False False False False False False False
 False False False False False False False False False False False False
 False False False False False False False False False False False False
 False False False False False False False False False False False False
 False False False False False False False False False False False False
 False False False False False False False]","[False False False  True False False False  True  True False False False
 False  True False False False  True False False False  True False False
 False False False  True False False False  True False False False  True
  True False False False False False  True False False False  True False
 False False False False False False False False False False False False
 False False False False False False False]","[0.44, 0.48, 0.08]","[2.670350930522295, 2.765983730024195]",0,False,True
27,26.0,750.0,0.0,1,1,0,"[False  True False False False False False False False False  True False
 False False False  True False False False False  True False False False
  True False False False  True  True False False False  True False False
 False False False  True False False False False False False False False
 False  True False False False  True False False False False False False
 False False False False  True False False]","[False False False False False False False False False False False False
 False False False False False False False False False False False False
 False False False False False False False False False False False False
 False False False False False False False False False False False False
 False False False False False False False False False False False False
 False False False False False False False]","[0.44, 0.48, 0.08]","[2.670350930522295, nan]",0,False,True
28,27.0,1500.0,0.0,1,1,0,"[False False False False False False False False False False False False
 False False False False False False False False False False False False
 False False False False False False False False  True False False False
 False  True False False False False False False False False False  True
 False False  True  True False False False False False False False  True
 False False False False False False  True]","[False False False False False False False False False False False False
 False False False False False False False False False False False False
 False False False False False False False False False False False False
 False False False False False False False False False False False False
 False False False False False False False False False False False False
 False False False False False False False]","[0.44, 0.48, 0.08]","[2.670350930522295, nan]",0,False,True
29,28.0,6000.0,0.0,-1,-1,0,"[False False False False False False False False False False False False
 False False False False False False False False False False False False
 False False False False False False False False False False False False
 False False False False False False False False False False False False
 False False False False False False False False False False False False
 False False False False False False False]","[False False  True  True False False False  True  True False False False
  True False False False  True False False False False  True False False
  True  True False False False  True False False False False False  True
 False False False  True False False False False  True False False False
 False  True  True False False False False False False False False False
 False False False False False False False]","[0.48, 0.44, 0.08]","[2.765983730024195, nan]",0,False,True
30,29.0,1500.0,0.0,1,1,0,"[False  True False False False False  True False False False False  True
 False False False False  True False False False  True False False False
  True False False False False  True False False False False False False
 False False False False False  True False False False  True False False
 False False  True False False False False False False False False False
 False  True False False False  True  True]","[False False False False False False False False False False False False
 False False False False False False False False False False False False
 False False False False False False False False False False False False
 False False False False False False False False False False False False
 False False False False False False False False False False False False
 False False False False False False False]","[0.48, 0.44, 0.08]","[2.765983730024195, nan]",0,False,True
31,30.0,3000.0,0.0,-1,-1,0,"[False False False False False False False False False False False False
 False False False False False False False False False False False False
 False False False False False False False False False False False False
 False False False False False False False False False False False False
 False False False False False False False False False False False False
 False False False False False False False]","[False False False  True False False False  True  True False False False
  True  True False False False  True False False False  True False False
 False  True  True False False False False  True  True False False False
  True False False False False False  True False False False False False
 False False False False False False False False False False False False
 False False False False False False False]","[0.52, 0.4, 0.08]","[2.8521492405688016, nan]",0,False,True
32,31.0,6000.0,0.0,-1,-1,0,"[False False False False False False False False False False False False
 False False False False False False False False False False False False
 False False False False False False False False False False False False
 False False False False False False False False False False False False
 False False False False False False False False False False False False
 False False False False False False False]","[False False False False  True False False False  True  True False False
 False  True  True False False  True  True False False  True  True False
 False False  True False False False False  True False False False  True
 False False False False  True  True False False False  True  True False
 False False  True False False False False False False False False False
 False  True False False False False False]","[0.52, 0.4, 0.08]","[2.8521492405688016, nan]",0,False,True
33,32.0,6000.0,0.0,-1,-1,0,"[False False False False False False False False False False False False
 False False False False False False False False False False False False
 False False False False False False False False False False False False
 False False False False False False False False False False False False
 False False False False False False False False False False False False
 False False False False False False False]","[False False False  True False False False  True False False False False
  True  True False False False  True False False False  True False False
 False False  True False False False False False  True False False False
  True False False False False False  True  True False False False False
 False False False False False False False False False False  True False
 False False False False False False False]","[0.48, 0.44, 0.08]","[2.765983730024195, nan]",0,False,True
34,33.0,6000.0,0.0,-1,1,0,"[False  True False False False False False False False False False  True
 False False False False False False False False False False False False
 False False False False False False False False False False False False
 False False False False False False False False False False False False
 False False False False False False False False False False False False
 False False False False False False False]","[False False False False False False False False False False False False
 False False False False False False False False False False False False
 False False False False False False False False False False False False
 False False False False False False False False False False False False
 False False False False False False False False False False False False
 False False False False False False False]","[0.44, 0.48, 0.08]","[nan, nan]",0,False,False
35,34.0,6000.0,0.0,-1,-1,0,"[False False False False False False False False False False False False
 False False False False False False False False False False False False
 False False False False False False False False False False False False
 False False False False False False False False False False False False
 False False False False False False False False False False False False
 False False False False False False False]","[False  True  True False False False  True False False False False  True
 False False False  True False False False  True  True False False False
  True False False False  True False False False False  True  True False
 False False  True  True False False  True  True False False False False
 False  True False False False  True False False False False False False
 False False False False False False False]","[0.48, 0.44, 0.08]","[2.765983730024195, nan]",0,False,False
36,35.0,3000.0,0.0,-1,-1,0,"[False False False False False False False False False False False False
 False False False False False False False False False False False False
 False False False False False False False False False False False False
 False False False False False False False False False False False False
 False False False False False False False False False False False False
 False False False False False False False]","[ True False False False  True False False False False  True False False
 False  True False False False  True  True False False False  True False
 False False False False  True False False False  True False False False
 False False  True  True False False False False False False False False
 False False False False False False False  True False False False  True
 False False False False False False False]","[0.48, 0.44, 0.08]","[2.765983730024195, nan]",0,False,False
37,36.0,750.0,0.0,1,1,0,"[ True  True False False False  True  True False False False  True False
 False False False  True False False False  True False False False  True
 False False False False False False  True False False  True False False
 False False False False False False False False  True False False False
  True False False False False False False False False False False False
 False False False False False False False]","[False False False False False False False False False False  True False
 False False  True False False False False  True False False False  True
 False False False False False False False False False False  True False
 False False False False False False False False False False False False
 False False False False False False False False False False False False
 False False False False False False False]","[0.44, 0.48, 0.08]","[2.670350930522295, nan]",0,False,False
38,37.0,1500.0,0.0,1,-1,0,"[False False False False False False False False False False False False
 False False False False False False False False False False False False
 False False False False False False False False False False False False
 False False False False False False False False False False False False
 False False False False False False False False False False False False
 False False False False False False False]","[False False False  True  True False False False False False False False
 False False False False False False False False False False False False
 False False False False False False False False False False False False
 False False False False False False False False False False False False
 False False False False False False False False False False False False
 False False False False False False False]","[0.48, 0.44, 0.08]","[2.765983730024195, nan]",0,False,False
39,38.0,3000.0,0.0,-1,1,0,"[False False False False False False False False  True False False False
  True False False False False False False False False False False False
 False False False False False False False False False False False False
 False False False False False False False False False False False False
 False False False False False False False False False False False False
 False False False False False False False]","[False False False False False False False False False False False False
 False  True False False False False False False False False False False
 False False False False False False False False False False False False
 False False False False False False False False False False False False
 False False False False False False False False False False False False
 False False False False False False False]","[0.44, 0.48, 0.08]","[2.670350930522295, 2.765983730024195]",0,False,False
40,38.0,3000.0,0.0,-1,-1,0,"[False False False False False False False False False False False False
 False False False False False False False False False False False False
 False False False False False False False False False False False False
 False False False False False False False False False False False False
 False False False False False False False False False False False False
 False False False False False False False]","[ True False False False  True False False False False False False False
 False  True False False False False  True False False  True  True False
 False  True  True False False False  True False False False False False
  True False False False False  True False False  True  True False False
 False False False False False False False False False False  True False
 False False False False False False False]","[0.48, 0.48, 0.04]","[1.9348409100817299, 2.765983730024195]",0,False,False
41,39.0,750.0,0.0,1,1,0,"[ True  True False False  True False False False False False  True False
 False False False False False False False  True False False  True  True
 False False False  True False False False  True False False False False
 False False False False False False False False False  True  True False
 False False  True False False False False False False False False False
 False False  True False False False False]","[ True False False False False False False False False False False False
 False False False False False False False False False False  True  True
 False False False  True False False False  True False False False False
 False False False False False False False False False False  True False
 False False False False False False False False False False False False
 False False False False False False False]","[0.44, 0.52, 0.04]","[1.8169135474117328, 2.8521492405688016]",0,False,False
42,40.0,750.0,0.0,1,-1,0,"[False False False False False False False False False False False False
 False False False False False False False False False False False False
 False False False False False False False False False False False False
 False False False False False False False False False False False False
 False False False False False False False False False False False False
 False False False False False False False]","[False  True  True False False False False False False False False False
 False False False False False False False False False False False False
 False False False False False False False False False False False False
 False False False False False False False False False False False False
 False False False False False False False False False False False False
 False False False False False False False]","[0.44, 0.52, 0.04]","[1.8169135474117328, 2.8521492405688016]",0,False,False
43,40.0,750.0,0.0,1,1,0,"[False False False False  True False False False  True False False False
 False  True False False False  True  True False False  True  True False
 False  True  True False False False  True False False False False False
 False False False False False False  True  True False False False False
 False False False False  True False False False False  True False False
 False  True False False False False False]","[False False False False False False False False False False False False
 False False False False False False False False False  True  True False
 False False  True False False False  True False False False False False
  True False False False False False False False False False False False
 False False False False False False False False False False False False
 False False False False False False False]","[0.44, 0.52, 0.04]","[1.8169135474117328, 2.0401502213058973]",0,False,False
44,41.0,750.0,0.0,1,1,0,"[False False  True False False False False False False False False False
 False False False False  True False False False  True False False False
 False  True False False False  True  True False False  True  True False
 False False  True False False False False False False False False False
  True False False False False False False False False False False False
 False False False  True False False False]","[False False False False False False False False False False False False
 False False False False False False False False False False False False
 False  True False False False  True  True False False  True  True False
 False False  True False False False False False False False False False
 False False False False False False False False False False False False
 False False False False False False False]","[0.48, 0.48, 0.04]","[1.9348409100817299, 1.9348409100817299]",0,False,False
45,42.0,1500.0,0.0,1,1,0,"[False False False False  True False False False False False False False
 False  True False False False False  True False False False False  True
 False False False  True False False False  True False False False False
  True False False False False False  True False False False  True False
 False False False False False False False False False  True False False
 False  True False False False False False]","[ True False False False  True False False False False False False False
 False False False False False False False False False False False False
 False False False  True False False False  True False False False False
  True False False False False False  True False False False  True False
 False False False False False False False False False False False False
 False False False False False False False]","[0.48, 0.48, 0.04]","[1.9348409100817299, 1.9348409100817299]",0,False,False
46,43.0,3000.0,0.0,-1,-1,0,"[False False False False False False False False False False False False
 False False False False False False False False False False False False
 False False False False False False False False False False False False
 False False False False False False False False False False False False
 False False False False False False False False False False False False
 False False False False False False False]","[ True False False False  True False False False False False False False
  True False False False  True  True False False False  True False False
 False  True  True False False False False  True  True False False False
  True False False False  True  True False False False False False False
 False False False  True False False False False False False False False
 False False False False False False False]","[0.52, 0.44, 0.04]","[2.0401502213058973, 1.8169135474117328]",0,False,False
47,44.0,1500.0,0.0,1,1,0,"[False False False False False False False False False  True  True False
 False False False False False False False  True False False False  True
 False False False  True  True False False False  True False False False
 False False  True  True False False False False False False False False
 False  True False False False  True False False False False False False
 False False False False False False False]","[False False False False False False False False False False False False
 False False False False False False False  True False False False  True
 False False False  True  True False False False  True False False False
 False False  True False False False False  True False False False False
 False False False False False False False False False False False False
 False False False False False False False]","[0.48, 0.48, 0.04]","[1.9348409100817299, 1.9348409100817299]",0,False,False
48,45.0,3000.0,0.0,-1,-1,0,"[False False False False False False False False False False False False
 False False False False False False False False False False False False
 False False False False False False False False False False False False
 False False False False False False False False False False False False
 False False False False False False False False False False False False
 False False False False False False False]","[False False False False False False False False  True False False False
  True False False False False  True False False False  True False False
 False False  True False False False  True False False False  True  True
 False False False False  True  True False False False False False False
 False False False  True  True False False  True  True False False False
 False False False False False False False]","[0.52, 0.48, 0.0]","[2.0401502213058973, 1.9348409100817299]",0,False,False
49,46.0,6000.0,0.0,-1,1,0,"[False  True False False False  True False False False False False False
 False False False False False False False False False False False False
 False False False False False False False False False False False False
 False False False False False False False False False False False False
 False False False False False False False False False False False False
 False False False False False False False]","[False False False False False False False False False False False False
 False False False False False False False False False False False False
 False False False False False False False False False False False False
 False False False False False False False False False False False False
 False False False False False False False False False False False False
 False False False False False False False]","[0.48, 0.52, 0.0]","[1.9348409100817299, 2.0401502213058973]",0,False,False
50,46.0,6000.0,0.0,-1,1,0,"[False  True False False False  True False False False False False False
 False False False False False False False False False False False False
 False False False False False False False False False False False False
 False False False False False False False False False False False False
 False False False False False False False False False False False False
 False False False False False False False]","[False False False False False False False False False False False False
 False False False False False False False False False False False False
 False False False False False False False False False False False False
 False False False False False False False False False False False False
 False False False False False False False False False False False False
 False False False False False False False]","[0.52, 0.48, 0.0]","[1.472630473950306, 1.9348409100817299]",0,False,False
51,46.0,6000.0,0.0,-1,-1,0,"[False False False False False False False False False False False False
 False False False False False False False False False False False False
 False False False False False False False False False False False False
 False False False False False False False False False False False False
 False False False False False False False False False False False False
 False False False False False False False]","[False False False  True False False False  True False False False  True
  True False False False False False False False False  True False False
 False  True False False False False False False False False  True False
 False False False  True  True False False False  True False False False
 False False  True  True False False False  True False False False False
 False False False False False False False]","[0.52, 0.48, 0.0]","[1.0048036057610192, 1.9348409100817299]",0,False,False
52,47.0,1500.0,0.0,1,1,0,"[False False False False False False False  True False False False False
 False False False  True  True False False False  True False False False
 False  True False False False  True  True False False False  True False
 False False  True False False False False  True False False False False
 False  True False False False False False False False False False  True
  True False False False  True False False]","[False False False False False False False False False False False False
 False False False False False False False False False False False False
 False  True False False False  True False False False False  True False
 False False  True False False False False  True False False False False
 False  True False False False False False False False False False False
  True False False False False False False]","[0.52, 0.48, 0.0]","[1.0048036057610192, 1.9348409100817299]",0,False,False
53,48.0,1500.0,0.0,1,1,0,"[ True  True False False False False False False False False  True False
 False False  True False False False  True False False False False False
 False False False False False False False  True  True False False False
 False False False False False False False False False  True False False
 False False  True False False False False False False False False False
 False False False False False False False]","[False False False False False False False False False False False False
 False False False False False False  True False False False  True  True
 False False False False False False False False False False False False
 False False False False False False False False False False False False
 False False False False False False False False False False False False
 False False False False False False False]","[0.52, 0.48, 0.0]","[1.0048036057610192, 1.9348409100817299]",0,False,False
54,49.0,6000.0,0.0,-1,-1,0,"[False False False False False False False False False False False False
 False False False False False False False False False False False False
 False False False False False False False False False False False False
 False False False False False False False False False False False False
 False False False False False False False False False False False False
 False False False False False False False]","[False  True False False False False  True False False False  True False
 False False  True False False False  True  True False False False  True
 False False False  True  True False False  True  True False False False
 False  True  True False False False  True False False False False False
 False False False False False False False False False  True  True False
 False False False False False False False]","[0.52, 0.48, 0.0]","[1.0048036057610192, 1.9348409100817299]",0,False,False
55,50.0,6000.0,0.0,-1,-1,0,"[False False False False False False False False False False False False
 False False False False False False False False False False False False
 False False False False False False False False False False False False
 False False False False False False False False False False False False
 False False False False False False False False False False False False
 False False False False False False False]","[False False  True  True False False False False False False False False
 False False False  True  True False False  True  True False False False
  True  True False False False False  True  True False False False  True
 False False False False False  True  True False False False  True False
 False False False False False False False False False False False False
 False False False False False False False]","[0.52, 0.48, 0.0]","[1.0048036057610192, 1.9348409100817299]",0,False,False
56,51.0,6000.0,0.0,-1,1,0,"[ True False False False False False False False False  True False False
 False False False False False False False False False False False False
 False False False False False False False False False False False False
 False False False False False False False False False False False False
 False False False False False False False False False False False False
 False False False False False False False]","[False False False False False False False False False False False False
 False False False False False False False False False False False False
 False False False False False False False False False False False False
 False False False False False False False False False False False False
 False False False False False False False False False False False False
 False False False False False False False]","[0.48, 0.52, 0.0]","[0.8614538349250738, 2.0401502213058973]",0,False,False
57,52.0,750.0,0.0,1,-1,0,"[False False False False False False False False False False False False
 False False False False False False False False False False False False
 False False False False False False False False False False False False
 False False False False False False False False False False False False
 False False False False False False False False False False False False
 False False False False False False False]","[ True False False False  True  True False False False False False False
 False False False False False False False False False False False False
 False False False False False False False False False False False False
 False False False False False False False False False False False False
 False False False False False False False False False False False False
 False False False False False False False]","[0.52, 0.48, 0.0]","[0.5867619998972957, 1.9348409100817299]",0,False,False
58,53.0,1500.0,0.0,1,1,0,"[False False False  True False False False  True False False False False
  True  True False False False  True False False False False False False
 False  True False False False False  True False False False  True False
 False False False False False False False False False  True False False
 False False False False False False  True False False False False False
 False False False False False  True False]","[False False False False False False False False  True False False False
 False False False False False  True False False False  True False False
 False False False False False False False False False False False False
 False False False False False False False False False False False False
 False False False False False False False False False False False False
 False False False False False False False]","[0.52, 0.48, 0.0]","[0.5867619998972957, 1.348978189813191]",0,False,False
59,54.0,3000.0,0.0,-1,-1,0,"[False False False False False False False False False False False False
 False False False False False False False False False False False False
 False False False False False False False False False False False False
 False False False False False False False False False False False False
 False False False False False False False False False False False False
 False False False False False False False]","[False False False  True False False False  True  True False False False
 False  True False False False  True False False  True  True False False
 False  True False False False False  True False False False False False
  True False False False  True False False False False False  True False
 False False  True False False False False False False False False False
 False False False False False False False]","[0.56, 0.44, 0.0]","[0.7322121668315051, 1.2091694501633]",0,False,False
60,55.0,750.0,0.0,1,1,0,"[False False False False False False False False False False False False
 False False  True False False False False  True False False False False
  True False False False  True  True False False False False False False
 False  True False False False  True False False False False False False
 False False False False  True False False False  True False False False
  True False False False False False  True]","[False False False False False False False False False False False False
 False False False False False False False False False False False False
 False False False False  True False False False  True  True False False
 False False False False False False False False False False False False
 False False False False False False False False False False False False
 False False False False False False False]","[0.52, 0.48, 0.0]","[1.0048036057610192, 1.348978189813191]",0,False,False
61,56.0,750.0,0.0,1,1,0,"[ True False False False False  True False False False False False False
 False False False False False False False False False False False False
 False False False  True False False False  True  True False False False
  True False False False False False False False False False  True False
 False False  True False False False False  True False False False  True
 False False False False False False False]","[False False False False False False False False False False False False
 False False False False False False False False False False False False
 False False False  True False False False  True  True False False False
  True False False False  True False False False False False False False
 False False False False False False False False False False False False
 False False False False False False False]","[0.56, 0.44, 0.0]","[1.1318967437115721, 1.2091694501633]",0,False,False
62,57.0,3000.0,0.0,-1,-1,0,"[False False False False False False False False False False False False
 False False False False False False False False False False False False
 False False False False False False False False False False False False
 False False False False False False False False False False False False
 False False False False False False False False False False False False
 False False False False False False False]","[False  True False False False False  True False False False False  True
 False False  True  True False False False  True False False False  True
 False False False  True  True False False False False  True  True False
 False False  True False False False False False  True False False False
  True False False False False False False False False False False False
 False False False False False False False]","[0.6, 0.4, 0.0]","[1.2458505001420814, 1.04879987536743]",0,False,False
63,58.0,1500.0,0.0,1,1,0,"[False False  True False False False False False False False False False
 False False False  True False False False  True  True False False False
  True  True False False False False False False False  True  True False
 False  True  True False False False False False  True False False  True
  True False False False False False  True False False False False  True
 False False False  True False False False]","[False False False False False False False False False False False False
 False False False False False False False False False False False False
  True  True False False False  True False False False  True False False
 False False  True False False False False False  True False False False
  True False False False False False False False False False False False
 False False False False False False False]","[0.56, 0.44, 0.0]","[1.1318967437115721, 1.2091694501633]",0,False,False
64,59.0,3000.0,0.0,-1,-1,0,"[False False False False False False False False False False False False
 False False False False False False False False False False False False
 False False False False False False False False False False False False
 False False False False False False False False False False False False
 False False False False False False False False False False False False
 False False False False False False False]","[ True  True False False False  True  True False False  True  True False
 False  True  True False False False  True  True False False False  True
 False False False False  True  True False False False  True  True False
 False False  True False False False False False  True  True False False
 False  True  True False False False False False False False False False
 False False False False False False False]","[0.6, 0.4, 0.0]","[1.2458505001420814, 1.6832403249694212]",0,False,False
65,60.0,3000.0,0.0,-1,-1,0,"[False False False False False False False False False False False False
 False False False False False False False False False False False False
 False False False False False False False False False False False False
 False False False False False False False False False False False False
 False False False False False False False False False False False False
 False False False False False False False]","[False False False  True  True False False False  True False False False
  True  True False False  True  True False False False  True  True False
 False  True  True False False False False False  True False False False
  True  True False False False  True False False False False False False
 False False False False  True False False False False False False False
 False False False False False False False]","[0.56, 0.44, 0.0]","[1.583275816739861, 1.8169135474117328]",0,False,False
66,61.0,1500.0,0.0,1,1,0,"[ True False False False  True False False False False  True False False
 False  True  True False False  True  True False False False  True False
 False False False  True False False False False False False False False
 False False False False False False False False False False False False
 False False False False  True False False False False  True False False
 False False False False False False False]","[False False False False False  True False False False False False False
 False False False False False False False False False False  True False
 False False False  True False False False  True False False False False
 False False False False False False False False False False False False
 False False False False False False False False False False False False
 False False False False False False False]","[0.56, 0.44, 0.0]","[1.583275816739861, 1.8169135474117328]",0,False,False
67,62.0,750.0,0.0,1,1,0,"[ True False False False False False False False False  True False False
 False False False False False False  True False False False  True False
 False False  True  True False False False  True False False False False
 False  True False False False False  True False False False  True False
 False False False False False False False False False  True False False
 False False False False False False False]","[False False False False False False False False False False False False
 False False False False False False  True False False False  True False
 False False  True  True False False False False False False False False
 False  True False False False False  True False False False  True False
 False False False False False False False False False False False False
 False False False False False False False]","[0.56, 0.44, 0.0]","[1.583275816739861, 1.8169135474117328]",0,False,False
68,63.0,6000.0,0.0,-1,-1,0,"[False False False False False False False False False False False False
 False False False False False False False False False False False False
 False False False False False False False False False False False False
 False False False False False False False False False False False False
 False False False False False False False False False False False False
 False False False False False False False]","[False False False  True  True False False False  True False False False
  True False False False  True  True False False False  True False False
 False  True  True False False False  True False False False False False
  True False False False  True  True False False False False False False
 False False False False False False False False False False False False
 False False False False False False False]","[0.6, 0.4, 0.0]","[1.6832410393848654, 2.5630985764077403]",0,False,False
69,64.0,3000.0,0.0,-1,-1,0,"[False False False False False False False False False False False False
 False False False False False False False False False False False False
 False False False False False False False False False False False False
 False False False False False False False False False False False False
 False False False False False False False False False False False False
 False False False False False False False]","[False False  True False False False False  True False False False  True
  True False False False  True  True False False  True  True False False
 False  True False False False False False  True False False False  True
  True False False False False  True  True False False False False False
 False False False False False False False False False False False False
 False False False False False False False]","[0.56, 0.44, 0.0]","[1.583275816739861, 2.670350930522295]",0,False,False
70,65.0,1500.0,0.0,1,1,0,"[False False  True False False False False False False False False  True
 False False False False False False False False  True False False False
  True False False False  True  True False False False False False False
 False False False  True False False False False False  True False False
 False False False  True False False False False  True False False False
 False False False False False False False]","[False False False False False False False False False False False False
 False False False False False False False False  True False False False
  True False False False  True  True False False False False False False
 False False False False False False False False False  True False False
 False False False False False False False False False False False False
 False False False False False False False]","[0.52, 0.48, 0.0]","[1.472630473950306, 2.765983730024195]",0,False,False
71,66.0,1500.0,0.0,1,-1,0,"[False False False False False False False False False False False False
 False False False False False False False False False False False False
 False False False False False False False False False False False False
 False False False False False False False False False False False False
 False False False False False False False False False False False False
 False False False False False False False]","[ True  True False False False False False False False False False False
 False False False False False False False False False False False False
 False False False False False False False False False False False False
 False False False False False False False False False False False False
 False False False False False False False False False False False False
 False False False False False False False]","[0.52, 0.48, 0.0]","[1.472630473950306, 2.765983730024195]",0,False,False
72,66.0,1500.0,0.0,1,1,0,"[False False False False False False  True False False False  True False
 False False False  True  True False False  True  True False False  True
  True False False False False False False False False False False  True
 False False False False False False False False False  True False False
 False  True False False False  True False False False False False False
 False False False False  True False False]","[False False False False False False False False False False False False
 False False False False False False False  True  True False False False
  True False False False  True False False False False False False False
 False False False  True False False False False False False False False
 False False False False False False False False False False False False
 False False False False False False False]","[0.52, 0.48, 0.0]","[1.472630473950306, 1.9348409100817299]",0,False,False
73,67.0,3000.0,0.0,-1,-1,0,"[False False False False False False False False False False False False
 False False False False False False False False False False False False
 False False False False False False False False False False False False
 False False False False False False False False False False False False
 False False False False False False False False False False False False
 False False False False False False False]","[ True False False  True  True False False False  True  True False False
  True  True False False False  True False False False  True  True False
 False False False  True  True False False False  True False False False
 False False  True  True False False  True  True False False False False
 False False False False False False False False False False False  True
 False False False False False False False]","[0.52, 0.48, 0.0]","[1.472630473950306, 1.9348409100817299]",0,False,False
74,68.0,6000.0,0.0,-1,-1,0,"[False False False False False False False False False False False False
 False False False False False False False False False False False False
 False False False False False False False False False False False False
 False False False False False False False False False False False False
 False False False False False False False False False False False False
 False False False False False False False]","[False False False  True False False False  True False False False False
  True  True False False  True  True False False False  True False False
 False  True  True False False False  True False False False False False
  True  True False False  True  True False False False False False  True
  True False False False  True  True False False False False False False
 False False False False False False False]","[0.52, 0.48, 0.0]","[1.472630473950306, 1.9348409100817299]",0,False,False
75,69.0,750.0,0.0,1,1,0,"[False False  True False False False False  True False False False False
 False False False False  True False False False  True  True False False
 False  True False False False False False  True False False False  True
  True False False False False False False False False False False False
 False False False False False False False  True False False False  True
 False False False False False False False]","[False False False False False False False False False False False False
 False False False False  True False False False  True False False False
 False  True False False False False False False False False False  True
 False False False False  True False False False False False  True False
 False False False False False False False False False False False False
 False False False False False False False]","[0.48, 0.52, 0.0]","[1.9348409100817299, 2.0401502213058973]",0,False,False
76,70.0,6000.0,0.0,-1,-1,0,"[False False False False False False False False False False False False
 False False False False False False False False False False False False
 False False False False False False False False False False False False
 False False False False False False False False False False False False
 False False False False False False False False False False False False
 False False False False False False False]","[False False  True  True False False False  True  True False False False
  True False False False  True  True False False False  True False False
 False  True  True False False False False  True  True False False False
  True False False False False False  True  True False False False False
 False False False False False False False False False False False False
 False False False  True False False False]","[0.48, 0.52, 0.0]","[2.765983730024195, 2.0401502213058973]",0,False,False
77,71.0,750.0,0.0,1,1,0,"[False  True False False False False False False False False  True False
 False False  True  True False False False  True  True False False False
  True False False False  True False False False  True  True False False
 False False False  True False False False  True  True False False False
 False False False False False False  True False False False False  True
 False False False False False False False]","[False False False False False False False False False False False False
 False False False False False False False  True False False False  True
  True False False False  True False False False False  True False False
 False False False  True False False False  True False False False False
 False False False False False False False  True False False False False
 False False False False False False False]","[0.48, 0.52, 0.0]","[2.765983730024195, 2.0401502213058973]",0,False,False
78,72.0,750.0,0.0,1,-1,0,"[False False False False False False False False False False False False
 False False False False False False False False False False False False
 False False False False False False False False False False False False
 False False False False False False False False False False False False
 False False False False False False False False False False False False
 False False False False False False False]","[False  True  True False False False False False False False False False
 False False False False False False False False False False False False
 False False False False False False False False False False False False
 False False False False False False False False False False False False
 False False False False False False False False False False False False
 False False False False False False False]","[0.48, 0.52, 0.0]","[2.765983730024195, 2.0401502213058973]",0,False,False
79,73.0,750.0,0.0,1,1,0,"[False False False  True False False False False False False False False
 False  True False False False False False False False False  True False
 False False False  True False False False False False False False False
 False False False False False False False False False  True False False
 False False False False False False  True False False False  True False
 False False False  True False False False]","[False False False False  True False False False False False False False
 False False False False False False False False False False  True False
 False False  True False False False False False False False False False
 False False False False False False False False False False False False
 False False False False False False False False False False False False
 False False False False False False False]","[0.44, 0.56, 0.0]","[2.670350930522295, 1.583275816739861]",0,False,False
80,74.0,1500.0,0.0,1,-1,0,"[False  True False False False False False False False False False False
 False False False False False False False False False False False False
 False False False False False False False False False False False False
 False False False False False False False False False False False False
 False False False False False False False False False False False False
 False False False False False False False]","[False False  True False False False False  True False False False False
 False False False False False False False False False False False False
 False False False False False False False False False False False False
 False False False False False False False False False False False False
 False False False False False False False False False False False False
 False False False False False False False]","[0.48, 0.52, 0.0]","[2.765983730024195, 1.472630473950306]",0,False,False
81,75.0,6000.0,0.0,-1,-1,0,"[False False False False False False False False False False False False
 False False False False False False False False False False False False
 False False False False False False False False False False False False
 False False False False False False False False False False False False
 False False False False False False False False False False False False
 False False False False False False False]","[ True False False False False  True False False False  True False False
 False  True False False False  True  True False False  True  True False
 False  True  True False False False  True False False False False  True
  True False False False  True  True False False False False False False
 False False False False False False False False  True  True False False
 False False False False False False False]","[0.48, 0.52, 0.0]","[2.765983730024195, 1.0048036057610192]",0,False,False
82,76.0,6000.0,0.0,-1,-1,0,"[False False False False False False False False False False False False
 False False False False False False False False False False False False
 False False False False False False False False False False False False
 False False False False False False False False False False False False
 False False False False False False False False False False False False
 False False False False False False False]","[False  True  True False False False False  True False False False  True
 False False False  True False False False  True  True False False  True
  True False False False  True False False False False False  True False
 False False  True  True False False False  True False False False False
 False False False False False False  True False False False False False
 False False False False False False False]","[0.44, 0.56, 0.0]","[nan, 1.1318967437115721]",0,False,False
83,77.0,3000.0,0.0,-1,1,0,"[False False  True  True False False False False False False False False
 False False False False False False False False False False False False
 False False False False False False False False False False False False
 False False False False False False False False False False False False
 False False False False False False False False False False False False
 False False False False False False False]","[False False False False False False False False False False False False
 False False False False False False False False False False False False
 False False False False False False False False False False False False
 False False False False False False False False False False False False
 False False False False False False False False False False False False
 False False False False False False False]","[0.44, 0.56, 0.0]","[nan, 1.583275816739861]",0,False,False
84,78.0,1500.0,0.0,1,-1,0,"[False False False False False False False False False False False False
 False False False False False False False False False False False False
 False False False False False False False False False False False False
 False False False False False False False False False False False False
 False False False False False False False False False False False False
 False False False False False False False]","[ True False False  True  True False False False False False False False
 False False False False False False False False False False False False
 False False False False False False False False False False False False
 False False False False False False False False False False False False
 False False False False False False False False False False False False
 False False False False False False False]","[0.44, 0.56, 0.0]","[2.670350930522295, 1.583275816739861]",0,False,False
85,78.0,1500.0,0.0,1,1,0,"[False False  True False False  True  True False False False  True  True
 False False  True  True False False False  True False False False False
  True False False False  True False False False  True  True False False
 False False  True False False False  True  True False False False  True
 False False False False False False False False False False False False
 False False False False False False False]","[False False False False False False False False False False  True  True
 False False  True  True False False False  True False False False  True
 False False False False  True False False False  True False False False
 False False  True False False False False False False False False False
 False False False False False False False False False False False  True
 False False False False False False False]","[0.44, 0.56, 0.0]","[2.670350930522295, 1.1318967437115721]",0,False,False
86,79.0,3000.0,0.0,-1,-1,0,"[False False False False False False False False False False False False
 False False False False False False False False False False False False
 False False False False False False False False False False False False
 False False False False False False False False False False False False
 False False False False False False False False False False False False
 False False False False False False False]","[False  True False False  True  True False False False  True  True False
 False  True  True False False  True  True False False False False  True
 False False False  True  True False False False False  True False False
 False  True  True False False False False False False False False False
 False False False False False  True  True False False False False False
 False False False False False False False]","[0.44, 0.56, 0.0]","[2.670350930522295, 1.1318967437115721]",0,False,False
87,80.0,6000.0,0.0,-1,1,0,"[False False  True  True False False False False False False False False
 False False False False False False False False False False False False
 False False False False False False False False False False False False
 False False False False False False False False False False False False
 False False False False False False False False False False False False
 False False False False False False False]","[False False False False False False False False False False False False
 False False False False False False False False False False False False
 False False False False False False False False False False False False
 False False False False False False False False False False False False
 False False False False False False False False False False False False
 False False False False False False False]","[0.4, 0.6, 0.0]","[2.5630985764077403, 1.2458505001420814]",0,False,False
88,80.0,6000.0,0.0,-1,-1,0,"[False False False False False False False False False False False False
 False False False False False False False False False False False False
 False False False False False False False False False False False False
 False False False False False False False False False False False False
 False False False False False False False False False False False False
 False False False False False False False]","[False  True False False False False  True False False False  True  True
 False False  True  True False False  True  True False False False  True
 False False False  True  True False False False False  True  True False
 False False  True False False False False False  True False False False
  True  True False False False False False False False False False False
 False False False False False  True False]","[0.44, 0.56, 0.0]","[1.8169135474117328, 1.1318967437115721]",0,False,False
89,81.0,750.0,0.0,1,1,0,"[ True  True False False False  True  True False False False  True False
 False False  True False False False  True  True False False False  True
 False False False False False  True False False False  True False False
 False False  True False False False False False  True False False False
 False  True False False False False False False False False False False
 False False False False False False False]","[False False False False False False False False False False False False
 False False  True False False False  True  True False False False  True
 False False False False False  True False False False  True  True False
 False False False False False False False False False False False False
 False False False False False False False False False False False False
 False False False False False False False]","[0.4, 0.6, 0.0]","[1.6832403249694212, 1.2458505001420814]",0,False,False
90,82.0,750.0,0.0,1,1,0,"[False False False False False False False False False False False  True
 False False False False False False False False  True False False False
 False False False False False  True  True False False  True  True False
 False False False False False False  True  True False False False False
 False False False False False  True False False False False False False
 False False  True False False False False]","[False False False False False False False False False False False False
 False False False False False False False False False False False False
 False False False False False  True False False False  True False False
 False False  True False False False  True False False False False  True
 False False False False False False False False False False False False
 False False False False False False False]","[0.44, 0.56, 0.0]","[1.8169135474117328, 1.1318967437115721]",0,False,False
91,83.0,750.0,0.0,1,-1,0,"[False False False False False False False False False False False False
 False False False False False False False False False False False False
 False False False False False False False False False False False False
 False False False False False False False False False False False False
 False False False False False False False False False False False False
 False False False False False False False]","[False  True False False False  True False False False False False False
 False False False False False False False False False False False False
 False False False False False False False False False False False False
 False False False False False False False False False False False False
 False False False False False False False False False False False False
 False False False False False False False]","[0.48, 0.52, 0.0]","[1.9348409100817299, 1.0048036057610192]",0,False,False
92,84.0,6000.0,0.0,-1,1,0,"[False  True False False False False False False False False  True False
 False False False False False False False False False False False False
 False False False False False False False False False False False False
 False False False False False False False False False False False False
 False False False False False False False False False False False False
 False False False False False False False]","[False False False False False False False False False False False False
 False False False False False False False False False False False False
 False False False False False False False False False False False False
 False False False False False False False False False False False False
 False False False False False False False False False False False False
 False False False False False False False]","[0.44, 0.56, 0.0]","[1.8169135474117328, 0.7322121668315051]",0,False,False
93,85.0,6000.0,0.0,-1,-1,0,"[False False False False False False False False False False False False
 False False False False False False False False False False False False
 False False False False False False False False False False False False
 False False False False False False False False False False False False
 False False False False False False False False False False False False
 False False False False False False False]","[ True False False False  True False False False  True  True False False
 False  True False False False  True False False False  True  True False
 False  True  True False False  True  True False False False False False
  True False False False  True  True False False False  True False False
 False False False False False False False False False False False False
 False False False False False False False]","[0.44, 0.56, 0.0]","[1.2091694501633, 0.7322121668315051]",0,False,False
94,86.0,3000.0,0.0,-1,-1,0,"[False False False False False False False False False False False False
 False False False False False False False False False False False False
 False False False False False False False False False False False False
 False False False False False False False False False False False False
 False False False False False False False False False False False False
 False False False False False False False]","[ True False False  True  True False False False  True  True False False
  True  True False False  True  True False False False  True False False
 False False False  True  True False False  True  True False False False
  True False False False False False False  True False False False False
  True False False False False False False False False False False False
 False False False False False False False]","[0.44, 0.56, 0.0]","[1.2091694501633, 0.7322121668315051]",0,False,False
95,87.0,1500.0,0.0,1,1,0,"[ True False False False  True False False False  True False False False
 False  True False False False  True False False False  True  True False
 False False False False  True False False False  True False False False
 False False  True False False False  True False False False False  True
 False False False False False False False False False False False False
 False False False False False False False]","[False False False False False False False False False False False False
 False  True False False False  True False False False  True False False
 False False False False False False False False  True False False False
 False False  True False False False False False False False False False
 False False False False False False False False False False False False
 False False False False False False False]","[0.44, 0.56, 0.0]","[1.2091694501633, 0.7322121668315051]",0,False,False
96,88.0,3000.0,0.0,-1,-1,0,"[False False False False False False False False False False False False
 False False False False False False False False False False False False
 False False False False False False False False False False False False
 False False False False False False False False False False False False
 False False False False False False False False False False False False
 False False False False False False False]","[False  True False False False  True False False False  True False False
 False False  True False False False  True  True False False False  True
 False False False  True  True False False False False  True  True False
 False False  True False False False False False False False False False
 False False False False False False False False False False False False
 False False False False False False False]","[0.44, 0.56, 0.0]","[1.2091694501633, 0.7322121668315051]",0,False,False
97,89.0,6000.0,0.0,-1,-1,0,"[False False False False False False False False False False False False
 False False False False False False False False False False False False
 False False False False False False False False False False False False
 False False False False False False False False False False False False
 False False False False False False False False False False False False
 False False False False False False False]","[False  True  True False False False  True False False False  True  True
 False False  True  True False False False  True False False False  True
  True False False False False  True  True False False False  True False
 False False False False False  True False False False  True False False
 False False False False False False False False False False False False
 False False False False False False False]","[0.44, 0.56, 0.0]","[1.2091694501633, 1.1318967437115721]",0,False,False
98,90.0,1500.0,0.0,1,1,0,"[ True False False False  True  True False False  True False False False
 False  True False False False  True  True False False False  True False
 False False False False  True False False False False False False False
 False False  True False False False False  True False False False  True
 False False False False False False False False False False False False
 False False False False False False False]","[ True False False False  True False False False False  True False False
 False  True False False False  True  True False False False  True False
 False False False False  True False False False  True  True False False
 False False False False False False False False False False False False
 False False False False False False False False False False False False
 False False False False False False False]","[0.4, 0.6, 0.0]","[1.04879987536743, 1.2458505001420814]",0,False,False
99,91.0,750.0,0.0,1,-1,0,"[False False False False False False False False False False False False
 False False False False False False False False False False False False
 False False False False False False False False False False False False
 False False False False False False False False False False False False
 False False False False False False False False False False False False
 False False False False False False False]","[False  True  True False False False False False False False False False
 False False False False False False False False False False False False
 False False False False False False False False False False False False
 False False False False False False False False False False False False
 False False False False False False False False False False False False
 False False False False False False False]","[0.44, 0.56, 0.0]","[1.2091694501633, 1.1318967437115721]",0,False,False
100,91.0,750.0,0.0,1,1,0,"[ True  True False False False  True  True False False False False False
 False False  True False False False False  True False False False False
 False False False False False False  True False False False False False
 False False False False False False False  True  True False False False
 False False False False False  True False False False False False False
 False False False False False False False]","[False  True False False False  True False False False False  True False
 False False  True False False False  True  True False False False False
 False False False False False False False False False False False False
 False False False False False False False False False False False False
 False False False False False False False False False False False False
 False False False False False False False]","[0.44, 0.56, 0.0]","[1.2091694501633, 0.7322121668315051]",0,False,False
101,92.0,1500.0,0.0,1,1,0,"[ True False False False False False False False False False False False
 False False False False False  True False False False  True  True False
 False False  True False False False  True  True False False False  True
 False False False False  True False False False False False  True False
 False False False False False False False False  True False False False
  True False False False False  True False]","[ True False False False False False False False False False False False
 False False False False False False False False False False  True False
 False False  True False False False  True  True False False False  True
 False False False  True  True False False False False False  True False
 False False  True False False False False False False False False False
 False False False False False False False]","[0.44, 0.56, 0.0]","[1.2091694501633, 0.7322121668315051]",0,False,False
102,93.0,3000.0,0.0,-1,-1,0,"[False False False False False False False False False False False False
 False False False False False False False False False False False False
 False False False False False False False False False False False False
 False False False False False False False False False False False False
 False False False False False False False False False False False False
 False False False False False False False]","[False False  True False False False  True False False False False  True
 False False False  True False False False  True  True False False False
  True False False False  True False False False False False  True False
 False False  True  True False False False False False False False False
 False False  True False False False False  True False False False False
 False False False False False False False]","[0.48, 0.52, 0.0]","[1.348978189813191, 0.5867619998972957]",0,False,False
103,94.0,1500.0,0.0,1,1,0,"[ True False False False  True False False False  True  True False False
 False  True  True False False  True  True False False False  True False
 False False False  True False False False False False  True False False
 False False False False False False False False False False False False
  True False False False  True False False False False False False False
 False False False False False False False]","[False False False False False False False False False  True False False
 False  True False False False  True False False False False  True False
 False False  True  True False False False False False  True False False
 False  True False False False False False False False False False False
 False False False False False False False False False False False False
 False False False False False False False]","[0.44, 0.56, 0.0]","[1.2091694501633, 0.7322121668315051]",0,False,False
104,95.0,3000.0,0.0,-1,-1,0,"[False False False False False False False False False False False False
 False False False False False False False False False False False False
 False False False False False False False False False False False False
 False False False False False False False False False False False False
 False False False False False False False False False False False False
 False False False False False False False]","[ True  True False False False  True False False False  True  True False
 False  True  True  True False False False  True False False False  True
  True False False False False  True  True False False False  True False
 False False False False False False False False False False False False
 False  True  True False False False False False False False False False
 False False False False False False False]","[0.48, 0.52, 0.0]","[1.348978189813191, 1.0048036057610192]",0,False,False
105,96.0,6000.0,0.0,-1,-1,0,"[False False False False False False False False False False False False
 False False False False False False False False False False False False
 False False False False False False False False False False False False
 False False False False False False False False False False False False
 False False False False False False False False False False False False
 False False False False False False False]","[False False  True  True False False False  True False False False  True
  True False False  True  True False False False  True False False False
 False False  True  True False False  True  True False False False False
  True  True False False False False False False False False False False
 False False False False False  True False False False False False False
 False False False False False False False]","[0.44, 0.56, 0.0]","[1.2091694501633, 1.1318967437115721]",0,False,False
106,97.0,1500.0,0.0,1,1,0,"[False False  True False False False False  True False False False False
  True False False False  True  True False False False  True False False
 False  True False False False False  True False False False False False
  True False False False  True False False False False False  True False
 False False False  True False False False False False False False False
 False False False False False False False]","[False False False False False False False False False False False False
  True False False False  True False False False  True False False False
 False  True False False False False False False False False False False
  True False False False  True False False False False False False False
 False False False False False False False False False False False False
 False False False False False False False]","[0.44, 0.56, 0.0]","[1.2091694501633, 1.583275816739861]",0,False,False
107,98.0,6000.0,0.0,-1,-1,0,"[False False False False False False False False False False False False
 False False False False False False False False False False False False
 False False False False False False False False False False False False
 False False False False False False False False False False False False
 False False False False False False False False False False False False
 False False False False False False False]","[False False  True False False False  True False False False  True  True
 False False  True  True False False  True  True False False False  True
  True False False  True  True False False False False  True  True False
 False False False False False False False False False False False False
 False False False False False False False False False False False False
 False False False False False False False]","[0.48, 0.52, 0.0]","[1.348978189813191, 1.472630473950306]",0,False,False
108,99.0,750.0,0.0,1,1,0,"[False False  True False False False  True False False False False  True
 False False False  True False False False  True  True False False False
  True False False False  True  True False False False False  True  True
 False False False  True False False False False  True False False False
 False False  True False False False False False False False False False
 False False False False False False False]","[False False  True False False False False False False False False False
 False False False  True False False False  True False False False False
  True False False False  True False False False False False False  True
 False False False  True  True False False False False False False False
 False False False False False False False False False False False False
 False False False False False False False]","[0.48, 0.52, 0.0]","[1.348978189813191, 1.472630473950306]",0,False,False
109,100.0,750.0,0.0,1,1,0,"[False  True False False False False  True False False False False  True
 False False False  True False False False False  True False False False
  True False False False  True  True False False False False False  True
 False False False False False False False False False False False False
 False  True False False False False  True False False False False False
 False False False False False False False]","[False False False False False False False False False False False  True
 False False False  True False False False  True  True False False False
  True False False False  True False False False False False False  True
 False False False  True False False False False False False False False
 False False False False False False False False False False False False
 False False False False False False False]","[0.48, 0.52, 0.0]","[1.9348409100817299, 1.472630473950306]",0,False,False
110,101.0,3000.0,0.0,-1,-1,0,"[False False False False False False False False False False False False
 False False False False False False False False False False False False
 False False False False False False False False False False False False
 False False False False False False False False False False False False
 False False False False False False False False False False False False
 False False False False False False False]","[ True  True False False  True  True False False False  True  True False
 False  True  True False False False  True False False False  True  True
 False False False False  True  True False False False False False False
 False False False False False False False False False False False False
 False False False False False False False False False False False False
 False False False False False False False]","[0.52, 0.48, 0.0]","[2.0401502213058973, 1.9348409100817299]",0,False,False
111,102.0,1500.0,0.0,1,1,0,"[False False False  True False False False False False False False False
 False False False False  True False False False  True  True False False
 False  True False False False  True  True False False False  True False
 False False  True  True False False False  True False False False False
 False  True False False False  True  True False False False  True False
 False False False False False False False]","[False False False False False False False False False False False False
  True False False False False False False False False  True False False
 False  True False False False  True  True False False False  True False
 False False  True  True False False False  True False False False False
 False  True False False False  True  True False False False  True False
 False False False False False False False]","[0.48, 0.52, 0.0]","[1.9348409100817299, 2.0401502213058973]",0,False,False
112,103.0,6000.0,0.0,-1,-1,0,"[False False False False False False False False False False False False
 False False False False False False False False False False False False
 False False False False False False False False False False False False
 False False False False False False False False False False False False
 False False False False False False False False False False False False
 False False False False False False False]","[False  True False False  True  True False False  True  True False False
 False  True False False False  True  True False False False  True False
 False False  True  True False False False False  True  True False False
 False  True False False False False False False False False False False
  True False False False False False False False False False False False
 False False False False False False False]","[0.52, 0.48, 0.0]","[2.0401502213058973, 1.9348409100817299]",0,False,False
113,104.0,6000.0,0.0,-1,-1,0,"[False False False False False False False False False False False False
 False False False False False False False False False False False False
 False False False False False False False False False False False False
 False False False False False False False False False False False False
 False False False False False False False False False False False False
 False False False False False False False]","[False False  True False False False  True False False False False  True
 False False  True  True False False False  True  True False False False
  True False False False False False  True False False False  True  True
 False False False False False  True False False False False  True False
 False False False False False False False False False  True False False
 False False False False False False False]","[0.48, 0.52, 0.0]","[2.765983730024195, 2.0401502213058973]",0,False,False
114,105.0,3000.0,0.0,-1,-1,0,"[False False False False False False False False False False False False
 False False False False False False False False False False False False
 False False False False False False False False False False False False
 False False False False False False False False False False False False
 False False False False False False False False False False False False
 False False False False False False False]","[False  True  True False False False  True False False False  True False
 False False  True  True False False  True  True False False False  True
 False False False  True  True False False False False  True  True False
 False False  True False False False False False False False False False
 False False False False False False False False False False False False
 False False False False False False False]","[0.48, 0.52, 0.0]","[2.765983730024195, 2.0401502213058973]",0,False,False
115,106.0,750.0,0.0,1,-1,0,"[ True False False False False False False False False False False False
 False False False False False False False False False False False False
 False False False False False False False False False False False False
 False False False False False False False False False False False False
 False False False False False False False False False False False False
 False False False False False False False]","[False False False False False False False False False False False False
 False False False False False False False  True False False False  True
  True False False False False False False False False False False False
 False False False False False False False False False False False False
 False False False False False False False False False False False False
 False False False False False False False]","[0.44, 0.56, 0.0]","[2.670350930522295, 2.135138788617833]",0,False,False
116,107.0,3000.0,0.0,-1,-1,0,"[False False False False False False False False False False False False
 False False False False False False False False False False False False
 False False False False False False False False False False False False
 False False False False False False False False False False False False
 False False False False False False False False False False False False
 False False False False False False False]","[False False False  True False False False  True  True False False False
  True False False False  True  True False False  True  True False False
 False  True False False False False  True False False False False  True
  True False False False  True False False False False False  True  True
 False False False False False False False False False False False False
 False False False False False False False]","[0.4, 0.6, 0.0]","[2.5630985764077403, 1.6832410393848654]",0,False,False
117,108.0,1500.0,0.0,1,1,0,"[ True False False False  True False False False False False False False
 False  True False False False  True False False False  True  True False
 False False  True False False False False  True False False False False
 False False False False False False False False False False False False
 False False False  True False False False False  True False False False
 False False False False False False False]","[False False False False False False False False  True False False False
 False  True False False False  True False False False  True  True False
 False False  True False False False  True  True False False False False
 False False False False False False False False False False False False
 False False False False False False False False False False False False
 False False False False False False False]","[0.4, 0.6, 0.0]","[2.5630985764077403, 2.2215409645048307]",0,False,False
118,109.0,1500.0,0.0,1,-1,0,"[False False False False False False False False False False False False
 False False False False False False False False False False False False
 False False False False False False False False False False False False
 False False False False False False False False False False False False
 False False False False False False False False False False False False
 False False False False False False False]","[False False  True False False False  True False False False False False
 False False False False False False False False False False False False
 False False False False False False False False False False False False
 False False False False False False False False False False False False
 False False False False False False False False False False False False
 False False False False False False False]","[0.4, 0.6, 0.0]","[nan, 2.2215409645048307]",0,False,False
119,110.0,3000.0,0.0,-1,-1,0,"[False False False False False False False False False False False False
 False False False False False  True  True False False False False False
 False False False False False False False False False False False False
 False False False False False False False False False False False False
 False False False False False False False False False False False False
 False False False False False False False]","[ True False False False False False False False False False False False
 False  True False False False False  True False False False  True False
 False False  True  True False False False False False False False  True
 False False False False  True  True False False False  True  True False
 False False  True False False False False False False  True False False
 False False False False False False False]","[0.4, 0.6, 0.0]","[nan, 1.6832410393848654]",0,False,False
120,111.0,750.0,0.0,1,1,0,"[False False False False False False False  True False False False  True
 False False False False False False False False  True  True False False
 False  True False False False  True  True False False False  True False
 False False False False False False False False False  True False False
 False False False False False False False False False False False False
 False False False False False False False]","[False False False  True False False False False False False False False
  True False False False False False False False False False False False
 False False False False False False False False False False False False
 False False False False False False False False False False False False
 False False False False False False False False False False False False
 False False False False False False False]","[0.4, 0.6, 0.0]","[nan, 1.6832410393848654]",0,False,False
121,112.0,3000.0,0.0,-1,-1,0,"[False False False False False False False False False False False False
 False False False False False False False False False False False False
 False False False False False False False False False False False False
 False False False False False False False False False False False False
 False False False False False False False False False False False False
 False False False False False False False]","[False False False  True  True False False False  True False False False
  True False False False  True  True False False  True  True False False
 False  True False False False False False  True  True False False  True
  True False False False False False False False False False False False
 False False False False False False False False False False False False
 False False False False False False False]","[0.4, 0.6, 0.0]","[nan, 1.6832410393848654]",0,False,False
122,113.0,6000.0,0.0,-1,-1,0,"[False False False False False False False False False False False False
 False False False False False False False False False False False False
 False False False False False False False False False False False False
 False False False False False False False False False False False False
 False False False False False False False False False False False False
 False False False False False False False]","[False False False  True  True False False  True  True False False False
  True False False False  True  True False False False  True False False
 False  True  True False False False False False  True False False False
  True  True False False False False False False False False False False
 False False False False False False False False False False False False
 False False False False False False False]","[0.4, 0.6, 0.0]","[nan, 1.6832410393848654]",0,False,False
123,114.0,3000.0,0.0,-1,-1,0,"[False False False False False False False False False False False False
 False False False False False False False False False False False False
 False False False False False False False False False False False False
 False False False False False False False False False False False False
 False False False False False False False False False False False False
 False False False False False False False]","[False False  True False False False  True False False False  True  True
 False False False  True False False False  True  True False False False
  True False False False  True  True False False False False  True  True
 False False False  True False False False False False False False False
 False False  True  True False False False False False False False False
 False False False False False False False]","[0.4, 0.6, 0.0]","[nan, 1.6832410393848654]",0,False,False
124,115.0,1500.0,0.0,1,1,0,"[ True False False False False  True False False False False  True  True
 False False False  True False False False  True False False False  True
  True False False False  True False False False False False False  True
 False False False  True False False False  True False False False False
 False False False False False False False False False False False False
 False False False False False False False]","[False False False False False False False False False False False False
 False False False  True False False False  True False False False  True
  True False False False  True False False False False False  True False
 False False False False False False False  True False False False False
 False False False False False False False False False False False False
 False False False False False False False]","[0.36, 0.64, 0.0]","[nan, 1.7742916679085448]",0,False,False
125,116.0,750.0,0.0,1,-1,0,"[False False False False False False False False False False False False
 False False False False False False False False False False False False
 False False False False False False False False False False False False
 False False False False False False False False False False False False
 False False False False False False False False False False False False
 False False False False False False False]","[False False False False False False False  True False False False  True
 False False False False False False False False False False False False
 False False False False False False False False False False False False
 False False False False False False False False False False False False
 False False False False False False False False False False False False
 False False False False False False False]","[0.4, 0.6, 0.0]","[nan, 2.2215409645048307]",0,False,False
126,117.0,6000.0,0.0,-1,1,0,"[False  True False False False  True False False False False False False
 False False False False False False False False False False False False
 False False False False False False False False False False False False
 False False False False False False False False False False False False
 False False False False False False False False False False False False
 False False False False False False False]","[False False False False False  True False False False False False False
 False False False False False False False False False False False False
 False False False False False False False False False False False False
 False False False False False False False False False False False False
 False False False False False False False False False False False False
 False False False False False False False]","[0.36, 0.64, 0.0]","[nan, 1.7742916679085448]",0,False,False
127,117.0,6000.0,0.0,-1,-1,0,"[False False False False False False False False False False False False
 False False False False False False False False False False False False
 False False False False False False False False False False False False
 False False False False False False False False False False False False
 False False False False False False False False False False False False
 False False False False False False False]","[False False False False  True False False False  True  True False False
  True  True False False False  True False False False  True  True False
 False  True  True False False False  True False False False False False
  True False False False False False  True False False False False False
 False False False False False False False False False False False False
 False False False False False False False]","[0.36, 0.64, 0.0]","[2.4412761378064363, 1.7742916679085448]",0,False,False
128,118.0,750.0,0.0,1,1,0,"[False  True False False False False False False False  True False False
 False False  True False False False  True  True False False  True  True
 False False False  True False False False False  True False False False
 False False  True False False False False  True False False False False
 False False False False False False False False False False  True False
 False False False False False False False]","[False False False False False False False False False False  True False
 False False False False False False  True  True False False False  True
 False False False  True False False False False  True False False False
 False False  True False False False  True  True False False False False
 False False False False False False False False False False False False
 False False False False False False False]","[0.36, 0.64, 0.0]","[2.4412761378064363, 1.7742916679085448]",0,False,False
129,119.0,1500.0,0.0,1,-1,0,"[False False False False False False False False False False False False
 False False False False False False False False False False False False
 False False False False False False False False False False False False
 False False False False False False False False False False False False
 False False False False False False False False False False False False
 False False False False False False False]","[ True  True False False False False False False False False False False
 False False False False False False False False False False False False
 False False False False False False False False False False False False
 False False False False False False False False False False False False
 False False False False False False False False False False False False
 False False False False False False False]","[0.36, 0.64, 0.0]","[2.4412761378064363, 1.7742916679085448]",0,False,False
130,120.0,6000.0,0.0,-1,1,0,"[ True  True False False False False False False False False False False
 False False False False False False False False False False False False
 False False False False False False False False False False False False
 False False False False False False False False False False False False
 False False False False False False False False False False False False
 False False False False False False False]","[ True False False False False False False False False False False False
 False False False False False False False False False False False False
 False False False False False False False False False False False False
 False False False False False False False False False False False False
 False False False False False False False False False False False False
 False False False False False False False]","[0.36, 0.64, 0.0]","[2.4412761378064363, 1.34897851762444]",0,False,False
131,121.0,1500.0,0.0,1,1,0,"[False False False  True False False False False  True False False False
 False False False False False  True False False False  True False False
 False  True  True False False False  True False False False False False
  True  True False False False False False False False False False False
 False False  True False False False False False False False False False
 False False False False False False  True]","[False False False False False False False False  True False False False
 False False False False False  True False False False  True False False
 False  True  True False False False  True False False False False False
  True False False False False False False False False False  True  True
 False False False False False False False False False False False False
 False False False False False False False]","[0.4, 0.6, 0.0]","[1.6832403249694212, 1.2458505001420814]",0,False,False
132,122.0,3000.0,0.0,-1,-1,0,"[False False False False False False False False False False False False
 False False False False False False False False False False False False
 False False False False False False False False False False False False
 False False False False False False False False False False False False
 False False False False False False False False False False False False
 False False False False False False False]","[False False  True  True False False  True  True False False False  True
 False False False  True False False False  True  True False False False
  True False False False False  True  True False False False  True  True
 False False False  True False False False False False False False False
 False False  True  True False False False False False False False False
 False False False False False False False]","[0.4, 0.6, 0.0]","[1.6832403249694212, 1.2458505001420814]",0,False,False
133,123.0,6000.0,0.0,-1,-1,0,"[False False False False False False False False False False False False
 False False False False False False False False False False False False
 False False False False False False False False False False False False
 False False False False False False False False False False False False
 False False False False False False False False False False False False
 False False False False False False False]","[False  True  True False False False  True False False False  True False
 False False  True False False False  True  True False False False  True
 False False False False False  True  True False False  True  True False
 False False False False  True False False False False False False False
 False False False False False False False False False False False False
 False False False False False False False]","[0.4, 0.6, 0.0]","[1.6832403249694212, 1.2458505001420814]",0,False,False
134,124.0,3000.0,0.0,-1,-1,0,"[False False False False False False False False False False False False
 False False False False False False False False False False False False
 False False False False False False False False False False False False
 False False False False False False False False False False False False
 False False False False False False False False False False False False
 False False False False False False False]","[False False False False False False False False False False False False
 False False False False False  True  True False False  True  True False
 False False  True False False False  True  True False False  True  True
 False False False False False  True False False False  True  True False
 False False False False  True False False False False  True False False
 False False False False False False False]","[0.36, 0.64, 0.0]","[1.5294172755398876, 1.34897851762444]",0,False,False
135,125.0,750.0,0.0,1,1,0,"[False False  True False False False  True False False False False False
 False False False  True False False False  True  True False False  True
  True False False False  True False False False False False False  True
 False False False False False False False  True False False False False
 False False False False False False False False False False False  True
 False False False False False False False]","[False False False False False False False False False False False  True
 False False False  True False False False  True False False False False
  True False False False  True False False False False False  True False
 False False False False False False False False False False False False
 False False False False False False False False False False False False
 False False False False False False False]","[0.32, 0.68, 0.0]","[1.348977534191646, 1.4430435559855672]",0,False,False
136,126.0,1500.0,0.0,1,-1,0,"[False False False False False False False False False False False False
 False False False False False False False False False False False False
 False False False False False False False False False False False False
 False False False False False False False False False False False False
 False False False False False False False False False False False False
 False False False False False False False]","[ True False False  True  True False False False False False False False
 False False False False False False False False False False False False
 False False False False False False False False False False False False
 False False False False False False False False False False False False
 False False False False False False False False False False False False
 False False False False False False False]","[0.36, 0.64, 0.0]","[1.5294172755398876, 1.34897851762444]",0,False,False
137,127.0,750.0,0.0,1,1,0,"[False  True False False False  True False False False False  True False
 False False False  True False False False  True False False False  True
  True False False False False False False False False False False False
 False False False  True False False False False False False False False
 False False False False False  True False False False False  True False
 False False False False False False False]","[False  True  True False False False  True False False False False False
 False False False False False False False False False False False False
 False False False False False False False False False False False False
 False False False False False False False False False False False False
 False False False False False False False False False False False False
 False False False False False False False]","[0.32, 0.68, 0.0]","[1.348977534191646, 1.0827894677165155]",0,False,False
138,128.0,3000.0,0.0,-1,-1,0,"[False False False False False False False False False False False False
 False False False False False False False False False False False False
 False False False False False False False False False False False False
 False False False False False False False False False False False False
 False False False False False False False False False False False False
 False False False False False False False]","[False False  True  True False False  True  True False False False  True
 False False False False  True False False  True  True False False False
  True  True False False False False False  True False False  True  True
 False False False False False False False False False False False False
 False False False False False False False False False False False False
 False False False False False False False]","[0.36, 0.64, 0.0]","[1.5294172755398876, 0.9775521605649683]",0,False,False
139,129.0,6000.0,0.0,-1,-1,0,"[False False False False False False False False False False False False
 False False False False False False False False False False False False
 False False False False False False False False False False False False
 False False False False False False False False False False False False
 False False False False False False False False False False False False
 False False False False False False False]","[False False False  True  True False False False  True False False False
  True False False False  True  True False False  True  True False False
 False  True  True False False False False  True  True False False False
  True False False False False False False False False False False False
 False False False False False False False False False False False False
 False False False False False False False]","[0.36, 0.64, 0.0]","[1.5294172755398876, 0.9775521605649683]",0,False,False
140,130.0,750.0,0.0,1,1,0,"[False False False  True False False False False  True False False False
  True False False False False  True False False False  True False False
 False  True  True False False False  True False False False False False
  True  True False False False  True False False False False False False
 False False False False False False False False False  True False False
 False False False False False False False]","[False False False False False False False False  True False False False
  True False False False False  True False False False  True False False
 False  True  True False False False  True False False False False False
  True False False False False  True False False False False  True False
 False False False False False False False False False False False False
 False False False False False False False]","[0.36, 0.64, 0.0]","[1.5294172755398876, 0.9775521605649683]",0,False,False
141,131.0,750.0,0.0,1,-1,0,"[False  True False False False False False False False False False False
 False False False False False False False False False False False False
 False False False False False False False False False False False False
 False False False False False False False False False False False False
 False False False False False False False False False False False False
 False False False False False False False]","[ True  True False False  True  True False False False False False False
 False False False False False False False False False False False False
 False False False False False False False False False False False False
 False False False False False False False False False False False False
 False False False False False False False False False False False False
 False False False False False False False]","[0.4, 0.6, 0.0]","[1.6832403249694212, 1.2458505001420814]",0,False,False
142,132.0,750.0,0.0,1,1,0,"[ True  True False False False False False False False  True False False
 False  True  True False False  True  True False False False  True False
 False False False False False False False False  True  True False False
 False False False False False  True False False False False  True False
 False False False False  True False False False False False False False
 False False False False False False False]","[ True False False False False  True False False False  True False False
 False  True False False False  True  True False False False  True False
 False False  True  True False False False False False False False False
 False False False False False False False False False False False False
 False False False False False False False False False False False False
 False False False False False False False]","[0.4, 0.6, 0.0]","[1.6832403249694212, 0.8614539877232001]",0,False,False
143,133.0,1500.0,0.0,1,-1,0,"[False False False False False False False False False False False False
 False False False False False False False False False False False False
 False False False False False False False False False False False False
 False False False False False False False False False False False False
 False False False False False False False False False False False False
 False False False False False False False]","[False False  True  True False False False False False False False False
 False False False False False False False False False False False False
 False False False False False False False False False False False False
 False False False False False False False False False False False False
 False False False False False False False False False False False False
 False False False False False False False]","[0.4, 0.6, 0.0]","[1.6832403249694212, 0.8614539877232001]",0,False,False
144,133.0,1500.0,0.0,1,1,0,"[False False False  True False False  True  True False False False  True
 False False False  True  True False False  True  True False False False
  True False False False  True  True False False False False False  True
 False False False False False False False  True  True False False False
 False False False False False False False  True False False False False
  True False False False False False False]","[False False  True False False False False False False False False False
 False False False  True  True False False  True  True False False False
  True False False False  True False False False False False False  True
 False False False  True False False False False False False False False
 False False False False False False False False False False False False
 False False False False False False False]","[0.4, 0.6, 0.0]","[1.6832403249694212, 0.8614539877232001]",0,False,False
145,134.0,3000.0,0.0,-1,-1,0,"[False False False False False False False False False False False False
 False False False False False False False False False False False False
 False False False False False False False False False False False False
 False False False False False False False False False False False False
 False False False False False False False False False False False False
 False False False False False False False]","[ True  True False False False  True False False False  True False False
 False  True  True False False  True  True False False False  True  True
 False False False False  True False False False  True  True False False
 False False False False False False False False False False False False
 False False False False False False False False False False False False
 False False False False False False False]","[0.44, 0.56, 0.0]","[1.8169135474117328, 0.7322121668315051]",0,False,False
146,135.0,1500.0,0.0,1,-1,0,"[False False False False False False False False False False False False
 False False False False False False False False False False False False
 False False False False False False False False False False False False
 False False False False False False False False False False False False
 False False False False False False False False False False False False
 False False False False False False False]","[False  True False False False  True  True False False False False False
 False False False False False False False False False False False False
 False False False False False False False False False False False False
 False False False False False False False False False False False False
 False False False False False False False False False False False False
 False False False False False False False]","[0.4, 0.6, 0.0]","[1.6832403249694212, 0.8614539877232001]",0,False,False
147,136.0,6000.0,0.0,-1,1,0,"[ True False False  True  True False False False False False False False
 False False False False False False False False False False False False
 False False False False False False False False False False False False
 False False False False False False False False False False False False
 False False False False False False False False False False False False
 False False False False False False False]","[False False False False  True False False False False False False False
 False False False False False False False False False False False False
 False False False False False False False False False False False False
 False False False False False False False False False False False False
 False False False False False False False False False False False False
 False False False False False False False]","[0.4, 0.6, 0.0]","[1.6832403249694212, 0.5066938613135554]",0,False,False
148,137.0,3000.0,0.0,-1,-1,0,"[False False False False False False False False False False False False
 False False False False False False False False False False False False
 False False False False False False False False False False False False
 False False  True False False False False False False False False False
 False False False False False False False False False False False False
 False False False False False False False]","[False False  True False False False  True False False False  True  True
 False False  True  True False False False  True False False False  True
  True False False False  True False False False  True False False False
 False  True  True False False False  True False False False False False
 False False False False False  True False False False  True  True False
 False False False False False False False]","[0.44, 0.56, 0.0]","[1.2091694501633, 0.3600244797379033]",0,False,False
149,138.0,1500.0,0.0,1,1,0,"[False False  True  True False False False False  True False False  True
  True False False  True  True False False False  True False False False
  True  True False False False False False False False False False  True
 False False False False False  True False False False  True False False
 False False False False False False False False False False False False
 False False False False False False False]","[False False False False False False False False False False False  True
  True False False  True  True False False False  True False False False
  True False False False False False False False False False False  True
 False False False False False False False False False False False False
 False False False False False False False False False False False False
 False False False False False False False]","[0.44, 0.56, 0.0]","[1.2091694501633, 0.3600244797379033]",0,False,False
150,139.0,6000.0,0.0,-1,-1,0,"[False False False False False False False False False False False False
 False False False False False False False False False False False False
 False False False False False False False False False False False False
 False False False False False False False False False False False False
 False False False False False False False False False False False False
 False False False False False False False]","[False  True False False False  True  True False False False  True False
 False False  True  True False False  True  True False False False  True
 False False False False False False  True False False  True  True False
 False False False False  True False False False False False False False
 False False False False False False False False False False False False
 False False False False False False False]","[0.44, 0.56, 0.0]","[1.2091694501633, 0.3600244797379033]",0,False,False
151,140.0,6000.0,0.0,-1,1,0,"[False False  True False False False False  True False False False False
 False False False False False False False False False False False False
 False False False False False False False False False False False False
 False False False False False False False False False False False False
 False False False False False False False False False False False False
 False False False False False False False]","[False False False  True False False False  True False False False False
 False False False False False False False False False False False False
 False False False False False False False False False False False False
 False False False False False False False False False False False False
 False False False False False False False False False False False False
 False False False False False False False]","[0.44, 0.56, 0.0]","[1.2091694501633, 0.7322121668315051]",0,False,False
152,140.0,6000.0,0.0,-1,-1,0,"[False False False False False False False False False False False False
 False False False False False False False False False False False False
 False False False False False False False False False False False False
 False False False False False False False False False False False False
 False False False False False False False False False False False False
 False False False False False False False]","[False False  True  True False False False False  True False False  True
  True False False  True  True False False False  True  True False False
 False  True False False False False False  True False False False  True
  True False False False  True False False False False False  True  True
 False False False  True  True False False False False False False False
 False False False False False False False]","[0.44, 0.56, 0.0]","[1.2091694501633, 0.7322121668315051]",0,False,False
153,141.0,1500.0,0.0,1,1,0,"[ True False False False  True False False False False  True  True False
 False  True  True False False  True  True False False False  True False
 False False  True  True False False False False  True  True False False
 False  True False False False False False  True  True False False False
  True False False False False False False False False False False False
 False False False False False False False]","[False False False False False False False False False  True False False
 False  True  True False False False  True False False False  True False
 False False  True  True False False False False False  True False False
 False  True False False False False False False False False False False
 False False False False False False False False False False False False
 False False False False False False False]","[0.44, 0.56, 0.0]","[1.2091694501633, 0.7322121668315051]",0,False,False
154,142.0,3000.0,0.0,-1,-1,0,"[False False False False False False False False False False False False
 False False False False False False False False False False False False
 False False False False False False False False False False False False
 False False False False False False False False False False False False
 False False False False False False False False False False False False
 False False False False False False False]","[False False  True  True False False False  True False False False  True
 False False False  True  True False False  True  True False False False
  True  True False False False False  True  True False False False False
 False False False False False False False False False False False False
 False False False False False False False False False False False False
 False False False False False False False]","[0.44, 0.56, 0.0]","[1.2091694501633, 0.7322121668315051]",0,False,False
155,143.0,750.0,0.0,1,1,0,"[ True  True False False False  True False False False  True  True False
 False  True  True False False False  True  True False False False  True
 False False False False False False False False False  True False False
 False  True  True False False False False False False False False False
  True False False False  True False False False False False False False
 False False False False False False False]","[False False False False False False False False False  True False False
 False  True  True False False False  True False False False  True  True
 False False False  True False False False False False False False False
 False False False False False False False False False False False False
 False False False False False False False False False False False False
 False False False False False False False]","[0.44, 0.56, 0.0]","[1.2091694501633, 1.1318967437115721]",0,False,False
156,144.0,750.0,0.0,1,-1,0,"[False False False False False False False False False False False False
 False False False False False False False False False False False False
 False False False False False False False False False False False False
 False False False False False False False False False False False False
 False False False False False False False False False False False False
 False False False False False False False]","[False False False False False False  True  True False False False False
 False False False False False False False False False False False False
 False False False False False False False False False False False False
 False False False False False False False False False False False False
 False False False False False False False False False False False False
 False False False False False False False]","[0.44, 0.56, 0.0]","[1.8169135474117328, 1.1318967437115721]",0,False,False
157,145.0,6000.0,0.0,-1,1,0,"[ True False False False False False False False  True False False False
 False False False False False False False False False False False False
 False False False False False False False False False False False False
 False False False False False False False False False False False False
 False False False False False False False False False False False False
 False False False False False False False]","[False False False False False False False False False False False False
 False False False False False False False False False False False False
 False False False False False False False False False False False False
 False False False False False False False False False False False False
 False False False False False False False False False False False False
 False False False False False False False]","[0.4, 0.6, 0.0]","[1.6832403249694212, 0.8614539877232001]",0,False,False
158,146.0,1500.0,0.0,1,-1,0,"[False False False False False False False False False False False False
 False False False False False False False False False False False False
 False False False False False False False False False False False False
 False False False False False False False False False False False False
 False False False False False False False False False False False False
 False False False False False False False]","[ True False False False False  True False False False False False False
 False False False False False False False False False False False False
 False False False False False False False False False False False False
 False False False False False False False False False False False False
 False False False False False False False False False False False False
 False False False False False False False]","[0.44, 0.56, 0.0]","[1.2091694501633, 0.7322121668315051]",0,False,False
159,147.0,750.0,0.0,1,1,0,"[False  True False False False  True False False False False  True False
 False False  True  True False False False  True False False False  True
 False False False  True False False False False  True False False False
 False False  True False False  True  True False False  True  True False
 False False False False False False False False False False False False
 False False False False False False False]","[False False False False False False False False False False False False
 False False  True False False False  True  True False False False  True
 False False False  True False False False  True False False False False
 False False False False False False False False False False False False
 False False False False False False False False False False False False
 False False False False False False False]","[0.44, 0.56, 0.0]","[1.2091694501633, 0.3600244797379033]",0,False,False
160,148.0,1500.0,0.0,1,-1,0,"[False False False False False False False False False False False False
 False False False False False False False False False False False False
 False False False False False False False False False False False False
 False False False False False False False False False False False False
 False False False False False False False False False False False False
 False False False False False False False]","[False False  True False False False  True  True False False False False
 False False False False False False False False False False False False
 False False False False False False False False False False False False
 False False False False False False False False False False False False
 False False False False False False False False False False False False
 False False False False False False False]","[0.48, 0.52, 0.0]","[1.348978189813191, 0.1931170816217559]",0,False,False
161,149.0,6000.0,0.0,-1,1,0,"[False False  True False False False  True False False False False False
 False False False False False False False False False False False False
 False False False False False False False False False False False False
 False False False False False False False False False False False False
 False False False False False False False False False False False False
 False False False False False False False]","[False False  True False False False False False False False False False
 False False False False False False False False False False False False
 False False False False False False False False False False False False
 False False False False False False False False False False False False
 False False False False False False False False False False False False
 False False False False False False False]","[0.44, 0.56, 0.0]","[1.2091694501633, 0.0]",0,False,False
162,150.0,3000.0,0.0,-1,-1,0,"[False False False False False False False False False False False False
 False False False False False False False False False False False False
 False False False False False False False False False False  True False
 False False False False False False False False False False False False
 False False False False False False False False False False False False
 False False False False False False False]","[ True  True False False  True  True False False  True  True False False
  True  True False False False  True False False False  True  True False
 False False False  True  True False False False False  True  True False
 False False  True False False False False False  True False False False
  True  True False False False False False False False False False False
 False False False False False False  True]","[0.48, 0.52, 0.0]","[0.8614538349250738, 0.1931170816217559]",0,False,False
163,151.0,3000.0,0.0,-1,1,0,"[False  True  True False False False False False False False False False
 False False False False False False False False False False False False
 False False False False False False False False False False False False
 False False False False False False False False False False False False
 False False False False False False False False False False False False
 False False False False False False False]","[False False False False False False False False False False False False
 False False False False False False False False False False False False
 False False False False False False False False False False False False
 False False False False False False False False False False False False
 False False False False False False False False False False False False
 False False False False False False False]","[0.44, 0.56, 0.0]","[0.6975107308138484, 0.3600244797379033]",0,False,False
164,152.0,6000.0,0.0,-1,-1,0,"[False False False False False False False False False False False False
 False False False False False False False False False False False False
 False False False False False False False False False False False False
 False False False False False False False False False False False False
 False False False False False False False False False False False False
 False False False False False False False]","[False False False  True False False False  True  True False False  True
  True False False  True  True False False False  True False False False
  True  True False False False False  True  True False False False  True
 False False False  True False False False False False  True False False
 False  True  True False False False False False False False False False
 False False False False False False False]","[0.48, 0.52, 0.0]","[0.42085643268640105, 0.1931170816217559]",0,False,False
165,153.0,1500.0,0.0,1,1,0,"[False False False  True False False False  True False False False False
  True False False False False  True False False False  True False False
 False  True False False False False False False False False False False
  True False False False  True False False False False False False False
 False False False  True False False False  True False False False False
 False False False False False False False]","[False False False False False False False False  True False False False
 False False False False  True False False False False False False False
 False False False False False False False False False False False False
 False False False False False False False False False False False False
 False False False False False False False False False False False False
 False False False False False False False]","[0.48, 0.52, 0.0]","[0.42085643268640105, 0.1931170816217559]",0,False,False
166,154.0,750.0,0.0,1,-1,0,"[False False False False False False False False False False False False
 False False False False False False False False False False False False
 False False False False False False False False False False False False
 False False False False False False False False False False False False
 False False False False False False False False False False False False
 False False False False False False False]","[ True False False False False  True False False False False False False
 False False False False False False False False False False False False
 False False False False False False False False False False False False
 False False False False False False False False False False False False
 False False False False False False False False False False False False
 False False False False False False False]","[0.48, 0.52, 0.0]","[0.42085643268640105, 0.1931170816217559]",0,False,False
167,154.0,750.0,0.0,1,1,0,"[ True  True False False  True  True False False  True  True False False
 False  True  True False False False False False False False  True False
 False False  True False False False False False False False False False
  True  True False False  True False False False False False False  True
 False False False False  True False False False False False False False
 False False False False False False False]","[False False False False False False False False  True  True False False
 False  True False False False  True False False False  True  True False
 False False False False False False False False False False False False
 False False False False False False False False False False False False
 False False False False False False False False False False False False
 False False False False False False False]","[0.48, 0.52, 0.0]","[0.42085643268640105, 0.1931170816217559]",0,False,False
168,155.0,6000.0,0.0,-1,-1,0,"[False False False False False False False False False False False False
 False False False False False False False False False False False False
 False False False False False False False False False False False False
 False False False False False False False False False False False False
 False False False False False False False False False False False False
 False False False False False False False]","[False False  True  True False False  True  True False False False  True
 False False False  True False False False  True  True False False  True
  True False False False False  True  True False False False  True False
 False False False False False False False False False False False False
 False False False False False False False False False False False False
 False False False False False False False]","[0.48, 0.52, 0.0]","[0.42085643268640105, 0.1931170816217559]",0,False,False
169,156.0,3000.0,0.0,-1,1,0,"[False  True  True False False False False False False False False False
 False False False False False False False False False False False False
 False False False False False False False False False False False False
 False False False False False False False False False False False False
 False False False False False False False False False False False False
 False False False False False False False]","[False False False False False False False False False False False False
 False False False False False False False False False False False False
 False False False False False False False False False False False False
 False False False False False False False False False False False False
 False False False False False False False False False False False False
 False False False False False False False]","[0.48, 0.52, 0.0]","[0.42085643268640105, 0.5867619998972957]",0,False,False
170,156.0,3000.0,0.0,-1,-1,0,"[False False False False False False False False False False False False
 False False False False False False False False False False False False
 False False False False False False False False False False False False
 False False False False False False False False False False False False
 False False False False False False False False False False False False
 False False False False False False False]","[False  True False False False  True False False False False  True False
 False False  True False False False  True  True False False  True  True
 False False False  True  True False False False False  True  True False
 False  True  True False False False False False False False False False
 False False False False False False False False False False False False
 False False False False False False False]","[0.48, 0.52, 0.0]","[0.0, 0.5867619998972957]",0,False,False
171,157.0,1500.0,0.0,1,1,0,"[ True  True False False  True  True False False False  True False False
 False  True False False False  True False False False False  True False
 False False False False  True False False False False False False False
  True False False False False False  True False False False False  True
 False False False False False False False False False False False False
 False False False False False False False]","[False False False False False False False False False  True False False
 False  True False False False  True False False False  True False False
 False False False  True  True False False False False False False False
 False False False False False False False False False False False False
 False False False False False False False False False False False False
 False False False False False False False]","[0.48, 0.52, 0.0]","[0.0, 0.5867619998972957]",0,False,False
172,158.0,3000.0,0.0,-1,-1,0,"[False False False False False False False False False False False False
 False False False False False False False False False False False False
 False False False False False False False False False False False False
 False False False False False False False False False False False False
 False False False False False False False False False False False False
 False False False False False False False]","[False  True False False False  True  True False False  True  True False
 False False  True False False False  True  True False False  True  True
 False False False False False False False False False  True False False
 False False  True False False False False  True  True False False False
 False False False False False False False False False False False False
 False False False False False False False]","[0.52, 0.48, 0.0]","[0.1931170816217559, 0.8614538349250738]",0,False,False
173,159.0,750.0,0.0,1,1,0,"[False  True False False False  True False False False False  True False
 False False  True  True False False  True  True False False False  True
 False False False False  True False False False False False  True False
 False False False False False False False  True False False False False
  True  True False False False False False False False False False False
 False False False False False False False]","[False  True False False False False False False False False  True False
 False False  True False False False  True  True False False False  True
 False False False  True False False False False False False  True False
 False False  True False False False False False False False False False
 False False False False False False False False False False False False
 False False False False False False False]","[0.48, 0.52, 0.0]","[0.42085643268640105, 1.0048036057610192]",0,False,False
174,160.0,750.0,0.0,1,1,0,"[ True False False False  True False False False  True False False False
  True  True False False False  True False False False  True False False
 False False  True False False False  True False False False False False
  True False False False  True False False False  True  True False False
 False  True False False False False False False False False False False
 False False False False False False False]","[ True False False False  True False False False False False False False
  True  True False False  True  True False False False  True False False
 False  True False False False False False False False False False False
 False False False False False False False False False False False False
 False False False False False False False False False False False False
 False False False False False False False]","[0.52, 0.48, 0.0]","[0.5867619998972957, 0.8614538349250738]",0,False,False
175,161.0,1500.0,0.0,1,-1,0,"[False False False False False False False False False False False False
 False False False False False False False False False False False False
 False False False False False False False False False False False False
 False False False False False False False False False False False False
 False False False False False False False False False False False False
 False False False False False False False]","[False False  True  True False False False False False False False False
 False False False False False False False False False False False False
 False False False False False False False False False False False False
 False False False False False False False False False False False False
 False False False False False False False False False False False False
 False False False False False False False]","[0.52, 0.48, 0.0]","[0.5867619998972957, 0.8614538349250738]",0,False,False
176,162.0,3000.0,0.0,-1,1,0,"[False False False  True False False False False False False False  True
 False False False False False False False False False False False False
 False False False False False False False False False False False False
 False False False False False False False False False False False False
 False False False False False False False False False False False False
 False False False False False False False]","[False False False  True False False False  True False False False False
 False False False False False False False False False False False False
 False False False False False False False False False False False False
 False False False False False False False False False False False False
 False False False False False False False False False False False False
 False False False False False False False]","[0.52, 0.48, 0.0]","[0.5867619998972957, 0.42085643268640105]",0,False,False
177,162.0,3000.0,0.0,-1,1,0,"[False  True  True False False False False False False False False False
 False False False False False False False False False False False False
 False False False False False False False False False False False False
 False False False False False False False False False False False False
 False False False False False False False False False False False False
 False False False False False False False]","[False False False False False False False False False False False False
 False False False False False False False False False False False False
 False False False False False False False False False False False False
 False False False False False False False False False False False False
 False False False False False False False False False False False False
 False False False False False False False]","[0.52, 0.48, 0.0]","[0.5867619998972957, 0.42085643268640105]",0,False,False
178,163.0,750.0,0.0,1,-1,0,"[False False False False False False False False False False False False
 False False False False False False False False False False False False
 False False False False False False False False False False False False
 False False False False False False False False False False False False
 False False False False False False False False False False False False
 False False False False False False False]","[False False False False False False False False  True False False False
 False  True False False False False False False False False False False
 False False False False False False False False False False False False
 False False False False False False False False False False False False
 False False False False False False False False False False False False
 False False False False False False False]","[0.56, 0.44, 0.0]","[0.3600244797379033, 0.2283703801950016]",0,False,False
179,164.0,750.0,0.0,1,-1,0,"[False False False False False False False False False False False False
 False False False False False False False False False False False False
 False False False False False False False False False False False False
 False False False False False False False False False False False False
 False False False False False False False False False False False False
 False False False False False False False]","[ True  True False False False False False False False False False False
 False False False False False False False False False False False False
 False False False False False False False False False False False False
 False False False False False False False False False False False False
 False False False False False False False False False False False False
 False False False False False False False]","[0.52, 0.48, 0.0]","[0.1931170816217559, 0.0]",0,False,False
180,165.0,1500.0,0.0,1,1,0,"[False False  True False False False  True False False False  True False
 False False  True  True False False  True  True False False False  True
 False False False  True False False False False  True False False False
 False False  True False False False False False False False False  True
 False False False False  True False False False False False False False
 False False False False False False False]","[False False False False False False False False False False False False
 False False  True  True False False  True  True False False False  True
 False False False  True False False False  True  True False False False
 False  True False False False False False False False False False False
 False False False False False False False False False False False False
 False False False False False False False]","[0.52, 0.48, 0.0]","[0.1931170816217559, -0.42085643268640105]",0,False,False
181,166.0,3000.0,0.0,-1,-1,0,"[False False False False False False False False False False False False
 False  True False False False False False False False False False False
 False False False False False False False False False False False False
 False False False False False False False False False False False False
 False False False False False False False False False False False False
 False False False False False False False]","[ True  True False False False  True  True False False  True False False
 False  True  True False False  True  True False False  True  True False
 False False False  True  True False False  True  True False False False
  True  True False False False False False  True False False False False
 False False False False False False False False False False False False
 False False False False False False False]","[0.52, 0.48, 0.0]","[0.1931170816217559, -0.42085643268640105]",0,False,False
182,167.0,6000.0,0.0,-1,-1,0,"[False False False False False False False False False False False False
 False False False False False False False False False False False False
 False False False False False False False False False False False False
 False False False False False False False False False False False False
 False False False False False False False False False False False False
 False False False False False False False]","[False False False  True  True False False False  True False False False
  True False False False  True False False False False  True False False
 False  True False False False False False  True False False False  True
  True False False False False False  True False False False False False
 False False False False False False False False False False False False
 False False False False False False False]","[0.52, 0.48, 0.0]","[0.1931170816217559, 0.0]",0,False,False
183,168.0,6000.0,0.0,-1,-1,0,"[False False False False False False False False False False False False
 False False False False False False False False False False False False
 False False False False False False False False False False False False
 False False False  True False False False False False False False False
 False False False False False False False False False False False False
 False False False False False False False]","[ True False False False  True  True False False  True False False False
 False  True False False False  True False False False  True  True False
 False False False  True  True False False False  True False False False
 False False  True  True False False False False False False False False
 False False False False False False False False False False False False
 False False False False False False False]","[0.48, 0.52, 0.0]","[0.42085643268640105, 0.1931170816217559]",0,False,False
184,169.0,750.0,0.0,1,-1,0,"[False False False False False False False False False False False False
 False False False False False False False False False False False False
 False False False False False False False False False False False False
 False False False False False False False False False False False False
 False False False False False False False False False False False False
 False False False False False False False]","[False False  True False False False  True False False False False False
 False False False False False False False False False False False False
 False False False False False False False False False False False False
 False False False False False False False False False False False False
 False False False False False False False False False False False False
 False False False False False False False]","[0.48, 0.52, 0.0]","[0.42085643268640105, 0.5867619998972957]",0,False,False
185,170.0,6000.0,0.0,-1,-1,0,"[False False False False False False False False False False False False
 False False False False False False False False False False False False
 False False False False False False False False False False False False
 False False False False False False False False False False False False
 False False False False False False False False False False False False
 False False False False False False False]","[ True False False False  True  True False False False  True False False
 False  True False False False  True  True False False False  True False
 False  True  True False False False False  True  True False False False
  True False False False False False False False False False False False
 False False False False False False False False False False False False
 False False False False False False False]","[0.44, 0.56, 0.0]","[0.2283703801950016, 0.3600244797379033]",0,False,False
186,171.0,3000.0,0.0,-1,-1,0,"[False False False False False False False False False False False False
 False False False False False False False False False False False False
 False False False False False False False False False False False False
 False False False False False False False False False False False False
 False False False False False False False False False False False False
 False False False False False False False]","[False False  True False False False  True  True False False  True  True
 False False False  True False False False  True False False False False
  True False False False  True False False False False  True  True False
 False  True  True False False False False False False False False False
 False False False False False False False False False False False False
 False False False False False False False]","[0.44, 0.56, 0.0]","[0.2283703801950016, 0.7322121668315051]",0,False,False
187,172.0,6000.0,0.0,-1,1,0,"[ True False False False False False False  True  True False False False
 False False False False False False False False False False False False
 False False False False False False False False False False False False
 False False False False False False False False False False False False
 False False False False False False False False False False False False
 False False False False False False False]","[ True False False False False False False False False False False False
 False False False False False False False False False False False False
 False False False False False False False False False False False False
 False False False False False False False False False False False False
 False False False False False False False False False False False False
 False False False False False False False]","[0.4, 0.6, 0.0]","[0.5066936887499858, 0.8614539877232001]",0,False,False
188,173.0,1500.0,0.0,1,-1,0,"[False False False False False False False False False False False False
 False False False False False False False False False False False False
 False False False False False False False False False False False False
 False False False False False False False False False False False False
 False False False False False False False False False False False False
 False False False False False False False]","[False False False  True False False False False False False False  True
  True False False False False False False False False False False False
 False False False False False False False False False False False False
 False False False False False False False False False False False False
 False False False False False False False False False False False False
 False False False False False False False]","[0.44, 0.56, 0.0]","[0.2283703801950016, 0.7322121668315051]",0,False,False
189,173.0,1500.0,0.0,1,1,0,"[False False False  True  True False False  True  True False False  True
  True False False  True  True False False False False False False  True
  True False False False False False False False False False  True False
 False False False False False False  True False False False False  True
 False False False False  True False False False False False False False
 False False False False False False False]","[False False False False False False False False False False False  True
  True False False  True  True False False  True  True False False False
 False False False False False False False False False False False False
 False False False False False False False False False False False False
 False False False False False False False False False False False False
 False False False False False False False]","[0.4, 0.6, 0.0]","[0.5066936887499858, 0.5066938613135554]",0,False,False
190,174.0,1500.0,0.0,1,1,0,"[False  True False False False  True False False False  True False False
 False False  True False False False  True False False False  True False
 False False  True  True False False  True  True False False False False
 False  True False False  True False False False False False False False
 False False False  True False False False False False False False False
 False False False False False False False]","[False False False False False False False False False  True False False
 False False  True False False  True  True False False False  True False
 False False  True False False False  True  True False False False False
  True False False False False False False False False False False False
 False False False False False False False False False False False False
 False False False False False False False]","[0.44, 0.56, 0.0]","[0.6975107308138484, 0.3600244797379033]",0,False,False
191,175.0,3000.0,0.0,-1,1,0,"[False  True False False False  True False False False False False False
 False False False False False False False False False False False False
 False False False False False False False False False False False False
 False False False False False False False False False False False False
 False False False False False False False False False False False False
 False False False False False False False]","[False  True False False False False False False False False False False
 False False False False False False False False False False False False
 False False False False False False False False False False False False
 False False False False False False False False False False False False
 False False False False False False False False False False False False
 False False False False False False False]","[0.44, 0.56, 0.0]","[0.6975107308138484, 0.3600244797379033]",0,False,False
192,176.0,750.0,0.0,1,-1,0,"[False False False False False False False False False False False False
 False False False False False False False False False False False False
 False False False False False False False False False False False False
 False False False False False False False False False False False False
 False False False False False False False False False False False False
 False False False False False False False]","[False  True False False False  True  True False False False False False
 False False False False False False False False False False False False
 False False False False False False False False False False False False
 False False False False False False False False False False False False
 False False False False False False False False False False False False
 False False False False False False False]","[0.48, 0.52, 0.0]","[0.42085643268640105, 0.5867619998972957]",0,False,False
193,176.0,750.0,0.0,1,1,0,"[False False  True False False False False False False False  True False
 False False  True False False False False False False False  True  True
 False False  True  True False False  True  True False False False  True
 False False False False False  True False False False False False False
 False False False False False False False  True False False False False
  True False False False False False False]","[False False False False False False False False False False False False
 False False False False False False False False False False  True  True
 False False  True  True False False  True  True False False False  True
 False False False False False  True False False False  True False False
 False False False False False False False False False False False False
 False False False False False False False]","[0.44, 0.56, 0.0]","[0.2283703801950016, 0.3600244797379033]",0,False,False
194,177.0,6000.0,0.0,-1,-1,0,"[False False False False False False False False False False False False
 False False False False False False False False False False False False
 False False False False False False False False False False False False
 False False False False False False False False False False False False
 False False False False False False False False False False False False
 False False False False False False False]","[False False False False False False False False False False False False
 False False False  True False False False  True False False False  True
  True False False  True  True False False False  True False False  True
  True False False False  True False False False False  True  True False
 False False False False False False False False False False False False
 False False False False False False False]","[0.48, 0.52, 0.0]","[0.42085643268640105, 0.1931170816217559]",0,False,False
195,178.0,750.0,0.0,1,1,0,"[False  True False False False  True False False False  True False False
 False False  True False False False  True False False False  True False
 False False False  True False False False  True False False False False
 False  True False False False  True False False False  True False False
 False False False False False False False False False False False False
 False False False False False False False]","[False  True False False False  True False False False False False False
 False False False False False False  True False False False  True False
 False False  True False False False  True  True False False False False
 False False False False False False False False False False False False
 False False False False False False False False False False False False
 False False False False False False False]","[0.44, 0.56, 0.0]","[0.6975107308138484, 0.3600244797379033]",0,False,False
196,179.0,6000.0,0.0,-1,-1,0,"[False False False False False False False False False False False False
 False False False False False False False False False False False False
 False False False False False False False False False False False False
 False False False False False False False False False False False False
 False False False False False False False False False False False False
 False False False False False False False]","[False False False  True  True False False  True False False False False
 False False False False  True False False False  True False False False
  True  True False False False  True False False False False  True  True
 False False False  True False False False False False False False False
 False False False False False False False False False False False False
 False False False False False False False]","[0.48, 0.52, 0.0]","[0.8614538349250738, 0.1931170816217559]",0,False,False
197,180.0,3000.0,0.0,-1,-1,0,"[False False False False False False False False False False False False
 False False False False False False False False False False False False
 False False False False False False False False False False False False
 False False False False False False False False False False False False
 False False False False False False False False False False False False
 False False False False False False False]","[False False False False  True False False  True False False False False
  True False False False  True  True False False  True  True False False
 False  True False False False  True  True False False False  True False
 False False False False  True False False False  True False False False
 False False False False False False False False False False False False
 False False False False False False False]","[0.44, 0.56, 0.0]","[0.6975107308138484, 0.3600244797379033]",0,False,False
198,181.0,3000.0,0.0,-1,-1,0,"[False False False False False  True False False False False False False
 False False False False False False False False False False False False
 False False False False False False False False False False False False
 False False False False False False False False False False False False
 False False False False False False False False False False False False
 False False False False False False False]","[False False False False  True  True False False False  True False False
 False  True  True False False  True  True False False False  True False
 False False  True False False False  True False False False  True False
 False False  True  True False False False False False False False False
 False False False False False False False False False False False False
 False False False False False False False]","[0.44, 0.56, 0.0]","[0.6975107308138484, 0.3600244797379033]",0,False,False
199,182.0,6000.0,0.0,-1,-1,0,"[False False False False False False False False False False False False
 False False False False False False False False False False False False
 False False False False False False False False False False False False
 False False False False False False False False False False False False
 False False False False False False False False False False False False
 False False False False False False False]","[False  True False False False False  True False False False  True False
 False False  True False False False  True False False False  True  True
 False False False  True False False False  True False False False False
 False  True False False False  True  True False False False False False
 False False False False False False False False False False False False
 False False False False False False False]","[0.4, 0.6, 0.0]","[0.5066936887499858, 0.5066938613135554]",0,False,False
200,183.0,750.0,0.0,1,1,0,"[False False False False False False False False False False  True False
 False False  True False False False False  True False False False  True
 False False False  True False False False False  True False False False
  True False False False False False False False False  True  True False
 False False False False False False  True False False False False  True
 False False False False False False False]","[False False False False False False False False False False False False
 False False False False False False False False False False False False
 False False False  True False False False  True False False False False
  True False False False  True False False False False False False False
 False False False False False False False False False False False False
 False False False False False False False]","[0.36, 0.64, 0.0]","[0.2794202853486787, 0.6372783160801316]",0,False,False
201,184.0,750.0,0.0,1,-1,0,"[False False False False False False False False False False False False
 False False False False False False False False False False False False
 False False False False False False False False False False False False
 False False False False False False False False False False False False
 False False False False False False False False False False False False
 False False False False False False False]","[False  True  True False False False False False False False False False
 False False False False False False False False False False False False
 False False False False False False False False False False False False
 False False False False False False False False False False False False
 False False False False False False False False False False False False
 False False False False False False False]","[0.4, 0.6, 0.0]","[0.5066936887499858, 0.8614539877232001]",0,False,False
202,184.0,750.0,0.0,1,1,0,"[False  True False False False  True False False False  True False False
 False  True  True False False False  True False False False  True False
 False False  True False False False  True  True False False False False
 False False False False  True False False False False False False False
 False  True False False False False False False False False False False
 False False False False False False False]","[False  True False False False  True False False False False False False
 False False  True False False False  True False False False  True False
 False False  True False False False  True False False False  True False
 False False False False  True False False False False  True False False
 False False False False False False False False False False False False
 False False False False False False False]","[0.36, 0.64, 0.0]","[0.8614535802617546, 0.6372783160801316]",0,False,False
203,185.0,6000.0,0.0,-1,-1,0,"[False False False False False False False False False False False False
 False False False False False False False False False False False False
 False False False False False False False False False False False False
 False False False False False False False False False False False False
 False False False False False False False False False False False False
 False False False False False False False]","[False False False False False False False False  True False False False
  True False False False False False False False False  True False False
 False  True False False False  True False False False False  True False
 False False  True False False False False  True  True False False False
  True False False False False False False False False False False False
 False False False False False False False]","[0.36, 0.64, 0.0]","[1.5294172755398876, 0.6372783160801316]",0,False,False
204,186.0,1500.0,0.0,1,-1,0,"[False False False False False False False False False False False False
 False False False False False False False False False False False False
 False False False False False False False False False False False False
 False False False False False False False False False False False False
 False False False False False False False False False False False False
 False False False False False False False]","[False  True  True False False False False False False False False False
 False False False False False False False False False False False False
 False False False False False False False False False False False False
 False False False False False False False False False False False False
 False False False False False False False False False False False False
 False False False False False False False]","[0.36, 0.64, 0.0]","[1.5294172755398876, 0.9775521605649683]",0,False,False
205,186.0,1500.0,0.0,1,-1,0,"[False False False False False False False False False False False False
 False False False False False False False False False False False False
 False False False False False False False False False False False False
 False False False False False False False False False False False False
 False False False False False False False False False False False False
 False False False False False False False]","[False False  True False False False  True  True False False False False
 False False False False False False False False False False False False
 False False False False False False False False False False False False
 False False False False False False False False False False False False
 False False False False False False False False False False False False
 False False False False False False False]","[0.36, 0.64, 0.0]","[1.5294172755398876, 0.9775521605649683]",0,False,False
206,186.0,1500.0,0.0,1,-1,0,"[False False False False False False False False False False False False
 False False False False False False False False False False False False
 False False False False False False False False False False False False
 False False False False False False False False False False False False
 False False False False False False False False False False False False
 False False False False False False False]","[False False False False False False False False False False False False
 False False False False False  True False False False False  True False
 False False False False False False False False False False False False
 False False False False False False False False False False False False
 False False False False False False False False False False False False
 False False False False False False False]","[0.32, 0.68, 0.0]","[1.348977534191646, 0.7547834222332187]",0,False,False
207,186.0,1500.0,0.0,1,1,0,"[ True False False False  True False False False  True  True False False
  True  True False False  True  True False False False  True False False
 False  True False False False False False False False False  True  True
 False False False False False False  True False False False False  True
 False False False False False False False False False False False False
 False False False False False False False]","[False False False False False False False False False False False False
 False False False False  True False False False  True False False False
  True  True False False False False False False False False False False
 False False False False False False False False False False False False
 False False False False False False False False False False False False
 False False False False False False False]","[0.32, 0.68, 0.0]","[1.348977534191646, 0.4460153952645921]",0,False,False
208,187.0,1500.0,0.0,1,1,0,"[False False False False  True False False False  True False False False
 False False False False False  True False False False  True False False
 False  True False False  True  True False False False False False False
 False False False  True False False False False False False False False
 False False False False False  True False False False False False False
 False False False False False False False]","[False False False False False False False False False False False False
 False False False False False False False False  True False False False
 False  True False False  True  True False False False  True False False
 False False False False False False False False False False False False
 False False False False False False False False False False False False
 False False False False False False False]","[0.36, 0.64, 0.0]","[1.5294172755398876, 0.31462117104709175]",0,False,False
209,188.0,1500.0,0.0,1,0,0,"[False False False False False False False False False False False False
 False False False False False False False False False False False False
 False False False False False False False False False False False False
 False False False False False False False False False False False False
 False False False False False False False False False False False False
 False False False False False False False]","[False False False False False False False False False False False False
 False False False False False False False False False False False False
 False False False False False False False False False False False False
 False False False False False False False False False False False False
 False False False False False False False False False False False False
 False False False False False False False]","[0.4, 0.6, 0.0]","[1.6832403249694212, 0.16730335606762126]",0,False,False
210,189.0,1500.0,0.0,1,1,0,"[False False False  True False False False  True False False False False
 False False False False  True False False  True  True False False False
  True False False False False  True False False False False False False
 False False False  True False False False False False False False False
 False False False False False  True False False False False False False
 False False False False False False False]","[False False False False False False False False False False False False
 False False False False  True False False False  True False False False
  True False False False  True False False False  True  True False False
 False False False False False False False False False False False False
 False False False False False False False False False False False False
 False False False False False False False]","[0.4, 0.56, 0.04]","[1.6832403249694212, 0.3600244797379033]",0,False,False
211,190.0,3000.0,0.0,-1,1,0,"[ True False False False  True False False False False False False False
 False False False False False False False False False False False False
 False False False False False False False False False False False False
 False False False False False False False False False False False False
 False False False False False False False False False False False False
 False False False False False False False]","[False False False False False False False False False False False False
 False False False False False False False False False False False False
 False False False False False False False False False False False False
 False False False False False False False False False False False False
 False False False False False False False False False False False False
 False False False False False False False]","[0.44, 0.52, 0.04]","[1.8169135474117328, 0.1931170816217559]",0,False,False
212,191.0,3000.0,0.0,-1,-1,0,"[False False False False False False False False False False False False
 False False False False False False False False False False False False
 False False False False False False False False False False False False
 False False False False False False False False False False False False
 False False False False False False False False False False False False
 False False False False False False False]","[ True False False False  True  True False False  True False False False
 False  True False False  True  True False False False  True False False
 False  True False False False  True False False False False  True False
 False False False  True  True False False  True  True False False False
 False False False False False False False False False False False False
 False False False False False False False]","[0.48, 0.48, 0.04]","[1.348978189813191, 0.0]",0,False,False
213,192.0,3000.0,0.0,-1,-1,0,"[False False False False False False False False False False False False
 False False False False False False False False False False False False
 False False False False False False False False False False False False
 False False False False False False False False False False False False
 False False False False False False False False False False False False
 False False False False False False False]","[ True False False False False  True False False False  True False False
 False  True  True False False  True  True False False  True  True False
 False False  True False False False False  True  True False False False
  True False False False False False False False False False False False
 False False False False False False False False False False False False
 False False False False False False False]","[0.44, 0.52, 0.04]","[1.8169135474117328, 0.1931170816217559]",0,False,False
214,193.0,750.0,0.0,1,-1,0,"[False False False False False False False False False False False False
 False False False False False False False False False False False False
 False False False False False False False False False False False False
 False False False False False False False False False False False False
 False False False False False False False False False False False False
 False False False False False False False]","[False False False False False False False False False False  True  True
 False False False False False False False False False False False False
 False False False False False False False False False False False False
 False False False False False False False False False False False False
 False False False False False False False False False False False False
 False False False False False False False]","[0.44, 0.52, 0.04]","[1.8169135474117328, 0.5867619998972957]",0,False,False
215,194.0,750.0,0.0,1,1,0,"[ True False False False  True False False False  True False False False
  True  True False False  True  True False False False  True False False
  True  True False False False  True False False False False False False
 False False False  True False False False False False False False False
 False False False False False  True False False False False False False
 False False False False False False False]","[False False False False False False False False False False False False
 False False False False  True False False False  True False False False
 False False False False  True False False False False False False False
 False False False False False False False False False False False False
 False False False False False False False False False False False False
 False False False False False False False]","[0.4, 0.56, 0.04]","[1.6832403249694212, 0.3600244797379033]",0,False,False
216,195.0,3000.0,0.0,-1,-1,0,"[False False False False False False False False False False False False
 False False False False False False False False False False False False
 False False False False False False False False False False False False
 False False False False False False False False False False False False
 False False False False False False False False False False False False
 False False False False False False False]","[False  True False False False  True  True False False  True  True False
 False False  True False False False  True False False False  True False
 False  True  True False False False False  True  True False False False
  True False False False False False False False False False False False
 False False False False False False False False False False False False
 False False False False False False False]","[0.4, 0.56, 0.04]","[1.6832403249694212, 0.3600244797379033]",0,False,False
217,196.0,1500.0,0.0,1,1,0,"[False False False False False  True False False False  True False False
 False  True False False False  True False False False False  True False
 False  True  True False False  True  True False False False  True False
 False False False False  True False False False  True  True False False
 False False False False False False False False False False False False
 False False False False False False False]","[False False False False False False False False False False False False
 False  True False False False  True False False False  True False False
 False  True False False False False  True False False False  True False
 False False False False  True False False False False False False False
 False  True False False False False False False False False False False
 False False False False False False False]","[0.36, 0.6, 0.04]","[2.4412761378064363, 0.5066938613135554]",0,False,False
218,197.0,750.0,0.0,1,-1,0,"[False False False False False False False False False False False False
 False False False False False False False False False False False False
 False False False False False False False False False False False False
 False False False False False False False False False False False False
 False False False False False False False False False False False False
 False False False False False False False]","[False False  True  True False False False False False False False False
 False False False False False False False False False False False False
 False False False False False False False False False False False False
 False False False False False False False False False False False False
 False False False False False False False False False False False False
 False False False False False False False]","[0.4, 0.56, 0.04]","[2.5630985764077403, 0.7322121668315051]",0,False,False
219,197.0,750.0,0.0,1,1,0,"[ True False False False  True False False False  True False False False
  True  True False False  True  True False False False  True False False
 False  True False False False  True False False False  True  True False
 False False False False False False False False False False False False
 False False False False  True False False False False False False False
 False False False False False False False]","[False False False False False False False False False False False False
 False False False False  True  True False False  True  True False False
 False  True False False False False False False False  True  True False
 False  True  True False False False False False False False False False
 False False False False False False False False False False False False
 False False False False False False False]","[0.36, 0.6, 0.04]","[2.4412761378064363, 0.5066938613135554]",0,False,False
