,Trial index,Stim frequency,Stim AM rate,Category,Response,Task,Right licks,Left licks,Choice rate,dprimes,Timeline events,Flagged,Easy
0,0.0,1500.0,0.0,1,0,0,"[False False False False False False False False False False False False
 False False False False False False False False False False False False
 False False False False False False False False False False False False
 False False False False False False False False False False False False
 False False False False False False False False False False False False
 False False False False False False False]","[False False False False False False False False False False False False
 False False False False False False False False False False False False
 False False False False False False False False False False False False
 False False False False False False False False False False False False
 False False False False False False False False False False False False
 False False False False False False False]","[0, 0, 0]","[0, 0]",0,False,False
1,1.0,3000.0,0.0,-1,1,0,"[False False False False False False False False  True False False False
  True  True False False False False False False False False False False
 False False False False False False False False False False False False
 False False False False False False False False False False False False
 False False False False False False False False False False False False
 False False False False False False False]","[False False False False False False False False False False False False
 False False False False False False False False False False False False
 False False False False False False False False False False False False
 False False False False False False False False False False False False
 False False False False False False False False False False False False
 False False False False False False False]","[0.0, 0.0, 1.0]","[0.0, 0.0]",0,False,False
2,1.0,3000.0,0.0,-1,-1,0,"[False False False False False False False False False False False False
 False False False False False False False False False False False False
 False False False False False False False False False False False False
 False False False False False False False False False False False False
 False False False False False False False False False False False False
 False False False False False False False]","[False False False False False False False False False False False False
 False  True False False False  True False False False False False  True
 False False False  True False False False  True False False False  True
 False False False False False False False False False False False False
  True False False False False False False False False False False False
 False False False False False False False]","[0.5, 0.0, 0.5]","[nan, 0.0]",0,False,True
3,2.0,1500.0,0.0,1,1,0,"[False False False False False False False False False False False False
 False False False False False False False False False False False False
 False False False False False False False  True False False False False
 False False False False  True False False False False  True  True False
 False False False False False False  True False False False False False
 False False False False False False False]","[False False False False False False False False False False False False
 False False False False False False False False False False False False
 False False False False False False False False False False False False
 False False False False False False False False False False False False
 False False False False False False False False False False False False
 False False False False False False False]","[0.3333333333333333, 0.3333333333333333, 0.3333333333333333]","[nan, nan]",0,False,True
4,3.0,3000.0,0.0,-1,-1,0,"[False False False False False False False False False False False False
 False False False False False False False False False False False False
 False False False False False False False False False False False False
 False False False False False False False False False False False False
 False False False False False False False False False False False False
 False False False False False False False]","[False False False False False False False False False False False False
 False False False False False False False False False False False False
 False False False False False False False False False False False False
 False False False False False False False False False False False False
 False False False False  True False False False  True False False False
 False  True False False False False False]","[0.5, 0.25, 0.25]","[0.0, nan]",0,False,True
5,4.0,6000.0,0.0,-1,-1,0,"[False False False False False False False False False False False False
 False False False False False False False False False False False False
 False False False False False False False False False False False False
 False False False False False False False False False False False False
 False False False False False False False False False False False False
 False False False False False False False]","[False False False False False False False False False False False False
 False False False False False False  True False False False False  True
 False False False False False  True False False False False False False
 False False  True False False False False False  True False False False
  True False False False False False False False False  True  True False
 False False False False False False False]","[0.4, 0.4, 0.2]","[0.0, nan]",0,False,True
6,5.0,1500.0,0.0,1,1,0,"[False False False False False False False False False  True False False
 False False False False False False False  True False False False False
  True False False False False False False False False False False False
 False  True False False False  True False False False  True False False
 False False False False False False False False False False False False
  True False False False  True False False]","[False False False False False False False False False False False False
 False False False False False False False False False False False False
 False False False False False False False False False False False False
 False False False False False False False False False False False False
 False False False False False False False False False False False False
 False False False False False False False]","[0.3333333333333333, 0.5, 0.16666666666666666]","[0.0, nan]",0,False,True
7,6.0,3000.0,0.0,-1,-1,0,"[False False False False False False False False False False False False
 False False False False False False False False False False False False
 False False False False False False False False False False False False
 False False False False False False False False False False False False
 False False False False False False False False False False False False
 False False False False False False False]","[ True False False False  True False False False False False False False
 False False  True False False False  True False False False False  True
 False False False False False False False False False False False False
 False False False False False False False False False False False False
 False False False False  True False False False False False False False
 False False False False False False False]","[0.42857142857142855, 0.42857142857142855, 0.14285714285714285]","[0.8614515429653226, nan]",0,False,True
8,7.0,3000.0,0.0,-1,-1,0,"[False False False False False False False False False False False False
 False False False False False False False False False False False False
 False False False False False False False False False False False False
 False False False False False False False False False False False False
 False False False False False False False False False False False False
 False False False False False False False]","[False False False False False False False False False False False False
 False False False False False False False False False False False False
 False False False False False False False False False False False False
 False False False False False False False False False False False False
 False False False False False False  True False False False  True  True
 False False False False  True False False]","[0.375, 0.5, 0.125]","[0.8614515429653226, nan]",0,False,True
9,8.0,1500.0,0.0,1,0,0,"[False False False False False False False False False False False False
 False False False False False False False False False False False False
 False False False False False False False False False False False False
 False False False False False False False False False False False False
 False False False False False False False False False False False False
 False False False False False False False]","[False False False False False False False False False False False False
 False False False False False False False False False False False False
 False False False False False False False False False False False False
 False False False False False False False False False False False False
 False False False False False False False False False False False False
 False False False False False False False]","[0.3333333333333333, 0.5555555555555556, 0.1111111111111111]","[0.8614515429653226, nan]",0,False,True
10,8.0,1500.0,0.0,1,1,0,"[False False False False False False False  True False False False False
  True False False False False  True False False False False False False
 False False False False False False  True False False False False False
 False False False False False False  True  True  True  True False False
 False False False False False False False False False False False False
 False False False False  True  True  True]","[False False False False False False False False False False False False
 False False False False False False False False False False False False
 False False False False False False False False False False False False
 False False False False False False False False False False False False
 False False False False False False False False False False False False
 False False False False False False False]","[0.3, 0.5, 0.2]","[0.8614515429653226, nan]",0,False,True
11,9.0,6000.0,0.0,-1,1,0,"[False False  True  True  True  True  True False False False False False
 False False False False  True  True  True  True  True  True False False
 False False False False False False  True  True  True  True  True  True
 False False False False False False False False False  True  True  True
  True  True  True False False False False False False False False  True
  True  True  True  True  True False False]","[False False False False False False False False False False False False
 False False False False False False False False False False False False
 False False False False False False False False False False False False
 False False False False False False False False False False False False
 False False False False False False False False False False False False
 False False False False False False False]","[0.36363636363636365, 0.45454545454545453, 0.18181818181818182]","[1.3489755673346382, nan]",0,False,True
12,9.0,6000.0,0.0,-1,-1,0,"[False False False False False False False False False False False False
 False False False False False False False False False False False False
 False False False False False False False False False False False False
 False False False False False False False False False False False False
 False False False False False False False False False False False False
 False False False False False False False]","[False False False False  True False False False False False False False
 False  True False False False False False False False False False  True
 False False False  True False False False False False False False False
 False False False False False False False False False False  True False
 False False False  True False False False False  True  True False False
 False False False False False False False]","[0.4166666666666667, 0.4166666666666667, 0.16666666666666666]","[0.5066931710605553, nan]",0,False,True
13,10.0,750.0,0.0,1,1,0,"[False False False False False False False False  True False False False
  True False False False False False False False False False  True False
 False False  True False False False  True False False False False  True
 False False False False False  True False False False False False False
 False False False  True False False False  True False False False False
 False False False False False False False]","[False False False False False False False False False False False False
 False False False False False False False False False False False False
 False False False False False False False False False False False False
 False False False False False False False False False False False False
 False False False False False False False False False False False False
 False False False False False False False]","[0.38461538461538464, 0.46153846153846156, 0.15384615384615385]","[0.5066931710605553, nan]",0,False,True
14,11.0,750.0,0.0,1,1,0,"[False False False False False False False False False False False False
 False False False False False False False False False False False False
 False False False False False False False False False False False False
 False False False False False False False False  True False False False
  True False False False False False  True False False False  True False
 False False  True False False False False]","[False False False False False False False False False False False False
 False False False False False False False False False False False False
 False False False False False False False False False False False False
 False False False False False False False False False False False False
 False False False False False False False False False False False False
 False False False False False False False]","[0.42857142857142855, 0.42857142857142855, 0.14285714285714285]","[0.8614530709359598, nan]",0,False,True
15,12.0,6000.0,0.0,-1,1,0,"[False False False False False False False False False False False False
 False False False False False  True  True False False False False False
 False False False False False False False False False False False False
 False False False False False False False False False False False False
 False False False False False False False False False False False False
 False False False False False False False]","[False False False False False False False False False False False False
 False False False False False False False False False False False False
 False False False False False False False False False False False False
 False False False False False False False False False False False False
 False False False False False False False False False False False False
 False False False False False False False]","[0.4666666666666667, 0.4, 0.13333333333333333]","[1.1318958430703367, nan]",0,False,False
16,13.0,750.0,0.0,1,-1,0,"[False False False False False False False False False False False False
 False False False False False False False False False False False False
 False False False False False False False False False False False False
 False False False False False False False False False False False False
 False False False False False False False False False False False False
 False False False False False False False]","[False False False False False False False False False False False False
 False False False  True  True False False False False False False False
 False False False False False False False False False False False False
 False False False False False False False False False False False False
 False False False False False False False False False False False False
 False False False False False False False]","[0.5, 0.375, 0.125]","[0.6372779040108865, nan]",0,False,False
17,14.0,750.0,0.0,1,1,0,"[False False False False  True False False False False False False False
 False  True False False False False False  True False False False  True
 False False False  True False False False False False False False False
 False False False False False  True False False False False False False
 False False False False False False False False False False False False
 False  True False False False False False]","[False False False False False False False False False False False False
 False False False False False False False False False False False False
 False False False False False False False False False False False False
 False False False False False False False False False False False False
 False False False False False False False False False False False False
 False False False False False False False]","[0.47058823529411764, 0.4117647058823529, 0.11764705882352941]","[0.6372779040108865, 2.135136527393951]",0,False,False
18,15.0,6000.0,0.0,-1,-1,0,"[False False False False False False False False False False False False
 False False False False False False False False False False False False
 False False False False False False False False False False False False
 False False False False False False False False False False False False
 False False False False False False False False False False False False
 False False False False False False False]","[False False False False False False  True False False False  True False
 False False False False False False False False  True False False False
 False False False False False False False False False False False False
 False False False False False False False False False False False False
 False False False False  True False False False False  True False False
 False False False False False False False]","[0.5, 0.3888888888888889, 0.1111111111111111]","[0.8614535802617546, 2.135136527393951]",0,False,False
19,16.0,3000.0,0.0,-1,-1,0,"[False False False False False False False False False False False False
 False False False False False False False False False False False False
 False False False False False False False False False False False False
 False False False False False False False False False False False False
 False False False False False False False False False False False False
 False False False False False False False]","[False False False False False False False False False False False False
 False False False False False False False False False False False False
 False False  True  True False False False False  True False False False
  True False False False False False False False False False False False
 False False False  True False False  True False False False False False
 False False False False False  True False]","[0.47368421052631576, 0.42105263157894735, 0.10526315789473684]","[0.8614535802617546, 2.300694208940575]",0,False,False
20,17.0,3000.0,0.0,-1,1,0,"[False False False False False False False False False False False False
 False False False False False False False False  True False False False
 False  True False False False False False False False False False False
 False False False False False False False False False False False False
 False False False False False False False False False False False False
 False False False False False False False]","[False False False False False False False False False False False False
 False False False False False False False False False False False False
 False False False False False False False False False False False False
 False False False False False False False False False False False False
 False False False False False False False False False False False False
 False False False False False False False]","[0.45, 0.45, 0.1]","[0.8614535802617546, 2.4412761378064363]",0,False,False
21,17.0,3000.0,0.0,-1,-1,0,"[False False False False False False False False False False False False
 False False False False False False False False False False False False
 False False False False False False False False False False False False
 False False False False False False False False False False False False
 False False False False False False False False  True False False False
 False False False False False False False]","[False False False False False False False False False False  True False
 False False  True False False False False False  True False False False
  True False False False False False False False False False False False
 False False False False False False False  True False False False False
 False False False False  True False False False False False False False
 False False  True False False False False]","[0.47619047619047616, 0.42857142857142855, 0.09523809523809523]","[0.5066936887499858, 2.4412761378064363]",0,False,False
22,18.0,750.0,0.0,1,1,0,"[False False False False False False False False False False False  True
 False False False  True False False False False False False False False
  True  True False False False  True False False False  True False False
 False  True False False False False False False False False False False
 False False False False False False False False False False False False
 False False False False False False False]","[False False False False False False False False False False False False
 False False False False False False False False False False False False
 False False False False False False False False False False False False
 False False False False False False False False False False False False
 False False False False False False False False False False False False
 False False False False False False False]","[0.45454545454545453, 0.45454545454545453, 0.09090909090909091]","[0.5066936887499858, 2.5630985764077403]",0,False,False
23,19.0,1500.0,0.0,1,1,0,"[False False False False False False False False False  True False False
 False False  True False False False False  True False False False False
 False False False False  True False False  True False False False False
 False False False False False False False False False False False False
 False False False  True False False False False False False False False
 False False False False False False False]","[False False False False False False False False False False False False
 False False False False False False False False False False False False
 False False False False False False False False False False False  True
 False False False False False False False False False False False False
 False False False False False False False False False False False False
 False False False False False False False]","[0.4782608695652174, 0.43478260869565216, 0.08695652173913043]","[0.6975107308138484, 2.5630985764077403]",0,False,False
24,20.0,6000.0,0.0,-1,-1,0,"[False False False False False False False False False False False False
 False False False False False False False False  True False False False
 False False False False False False False False False False False False
 False False False False False False False False False  True False False
 False False False False False False False False False False False False
 False False False False False False False]","[False False  True False False False  True False False False False False
  True False False False  True False False False  True False False False
 False  True False False False  True False False False False False False
 False False False False False False False False False  True False False
 False False False False  True False False False False False False False
 False False False False False False False]","[0.5, 0.4166666666666667, 0.08333333333333333]","[0.8614538349250738, 2.5630985764077403]",0,False,False
25,21.0,3000.0,0.0,-1,-1,0,"[False False False False False False False False False False False False
 False False False False False False False False False False False False
 False False False False False False False False False False False False
 False False False False False False False False False False False False
 False False False False False False False False False False False False
 False False False False False False False]","[False False False False False False False False False False False False
 False False False False False  True False False False False  True False
 False False False  True False False False False  True False False False
  True False False False False False False False False False False False
 False False  True  True False False False False  True  True False False
 False False False False False False False]","[0.48, 0.44, 0.08]","[0.8614538349250738, 2.670350930522295]",0,False,False
26,22.0,6000.0,0.0,-1,1,0,"[False False False False False  True  True False False False False False
 False False False False False False False False False False False False
 False False False False False False False False False False False False
 False False False False False False False False False False False False
 False False False False False False False False False False False False
 False False False False False False False]","[False False False False False False False False False False False False
 False False False False False False False False False False False False
 False False False False False False False False False False False False
 False False False False False False False False False False False False
 False False False False False False False False False False False False
 False False False False False False False]","[0.48, 0.48, 0.04]","[0.8614538349250738, 2.765983730024195]",0,False,False
27,22.0,6000.0,0.0,-1,-1,0,"[False False False False False False False False False False False False
 False False False False False False False False False False False False
 False False False False False False False False False False False False
 False False False False False False False False False False False False
 False False False False False False False False False False False False
 False False False False False False False]","[False False False False  True False False False  True False False False
 False False  True False False False  True False False False  True False
 False False  True False False False False False False False False False
 False False  True False False False  True False False False False False
 False False False False False False False False False False False False
 False False False False False False False]","[0.48, 0.48, 0.04]","[0.8614538349250738, 2.765983730024195]",0,False,False
28,23.0,1500.0,0.0,1,1,0,"[ True False False False  True False False False False False  True False
 False False False False False False  True False False False False  True
 False False False False False False False False False False False False
 False False False False False False False False False False False  True
 False False False  True  True False False False False False False False
 False False False False False False False]","[False False False False False False False False False False False False
 False False False False False False False False False False False False
 False False False False False False False False False False False False
 False False False False False False False False False False False False
 False False False False False False False False False False False False
 False False False False False False False]","[0.48, 0.48, 0.04]","[0.8614538349250738, 2.765983730024195]",0,False,False
29,24.0,750.0,0.0,1,-1,0,"[False False False False False False False False False False False False
 False False False False False False False False False False False False
 False False False False False False False False False False False False
 False False False False False False False False False False False False
 False False False False False False False False False False False False
 False False False False False False False]","[False False False False False False False False False False False False
 False False False False False False False  True False False False  True
 False False False False False False False False False False False False
 False False False False False False False False False False False False
 False False False False False False False False False False False False
 False False False False False False False]","[0.48, 0.48, 0.04]","[0.8614538349250738, 2.765983730024195]",0,False,False
30,24.0,750.0,0.0,1,1,0,"[ True False False False  True False False False False  True  True False
 False False  True False False False  True False False False  True False
 False False False  True False False False False False  True False False
 False False False False False False False False False False False  True
 False False False  True False False False False False False False False
 False False False False False False False]","[False False False False False False False False False False False False
 False False False False False False False False False False False False
 False False False False False False False False False False False False
 False False False False False False False False False False False False
 False False False False False False False False False False False False
 False False False False False False False]","[0.48, 0.48, 0.04]","[0.8614538349250738, 1.9348409100817299]",0,False,False
31,25.0,750.0,0.0,1,-1,0,"[False False False False False False False False False False False False
 False False False False False False False False False False False False
 False False False False False False False False False False False False
 False False False False False False False False False False False False
 False False False False False False False False False False False False
 False False False False False False False]","[False False False False False False False False False False False  True
 False False False  True False False False False False False False False
 False False False False False False False False False False False False
 False False False False False False False False False False False False
 False False False False False False False False False False False False
 False False False False False False False]","[0.52, 0.44, 0.04]","[1.0048036057610192, 1.8169135474117328]",0,False,False
32,26.0,750.0,0.0,1,1,0,"[False False False False False False False False False False False False
 False False False False False  True False False False False  True False
 False False False False False False False False  True False False False
  True False False False  True False False False  True False False False
 False  True False False False False False False False False False  True
 False False  True  True False False False]","[False False False False False False False False False False False False
 False False False False False False False False False False False False
 False False False False False False False False False False False False
 False False False False False False False False False False False False
 False False False False False False False False False False False False
 False False False False False False False]","[0.48, 0.48, 0.04]","[0.8614538349250738, 1.348978189813191]",0,False,False
33,27.0,1500.0,0.0,1,1,0,"[False False False False False False False False False False False False
  True False False False  True False False False False  True False False
 False False  True False False False  True False False False  True False
 False False  True False False False False False False False False False
  True  True False False False False False False False False False False
 False False False False False False False]","[False False False False False False False False False False False False
 False False False False False False False False False False False False
 False False False False False False False False False False False False
 False False False False False False False False False False False False
 False False False False False False False False False False False False
 False False False False False False False]","[0.52, 0.44, 0.04]","[1.0048036057610192, 1.2091694501633]",0,False,False
34,28.0,3000.0,0.0,-1,-1,0,"[False False False False False False False False False False False False
 False False False False False False False False False False False False
 False False False False False False False False False False False False
 False False False False False False False False False False False False
 False False False False False False False False False False False False
 False False False False False False False]","[False False False False False False False False False False False False
 False False False False False False False False False False False False
 False  True False False  True False False False False False False False
 False False  True False False False False False False False False False
 False False False False False False False False  True  True False False
 False False False False False False False]","[0.56, 0.4, 0.04]","[1.1318967437115721, 1.04879987536743]",0,False,False
35,29.0,6000.0,0.0,-1,1,0,"[False False False False False False False False False False  True False
 False False  True False False False False False False False False False
 False False False False False False False False False False False False
 False False False False False False False False False False False False
 False False False False False False False False False False False False
 False False False False False False False]","[False False False False False False False False False False False False
 False False False False False False False False False False False False
 False False False False False False False False False False False False
 False False False False False False False False False False False False
 False False False False False False False False False False False False
 False False False False False False False]","[0.56, 0.44, 0.0]","[1.1318967437115721, 1.2091694501633]",0,False,False
36,30.0,6000.0,0.0,-1,1,0,"[False False False False False False  True False False False  True False
 False False False False False False False False False False False False
 False False False False False False False False False False False False
 False False False False False False False False False False False False
 False False False False False False False False False False False False
 False False False False False False False]","[False False False False False False False False False False False False
 False False False False False False False False False False False False
 False False False False False False False False False False False False
 False False False False False False False False False False False False
 False False False False False False False False False False False False
 False False False False False False False]","[0.56, 0.44, 0.0]","[0.7322121668315051, 1.2091694501633]",0,False,False
37,30.0,6000.0,0.0,-1,-1,0,"[False False False False False False False False False False False False
 False False False False False False False False False False False False
 False False False False False False False False False False False False
 False False False False False False False False False False False False
 False False False False False False False False False False False False
 False False False False False False False]","[ True False False False False False False False False  True False False
 False False False  True False False False False False False False False
 False False False False False False False  True False False False False
 False False  True False False False False False False False  True False
 False False False  True False False False False False False False False
 False False False False False False False]","[0.56, 0.44, 0.0]","[0.7322121668315051, 1.2091694501633]",0,False,False
38,31.0,1500.0,0.0,1,1,0,"[False False  True False False False  True  True False False False False
 False False False False False False False False False  True False False
 False  True False False False  True False False False  True False False
 False False False False False False False False False False False False
 False  True  True False False False False False False False False False
 False False False False False False False]","[False False False False False False False False False False False False
 False False False False False False False False False False False False
 False False False False False False False False False False False False
 False False False False False False False False False False False False
 False False False False False False False False False False False False
 False False False False False False False]","[0.56, 0.44, 0.0]","[0.7322121668315051, 1.2091694501633]",0,False,False
39,32.0,750.0,0.0,1,1,0,"[False False False False False False False False False False False False
 False False False  True False False False  True False False False False
 False False False False False  True False False False  True False False
 False False False False False  True False False False False  True False
 False False False False False False False False False False False False
 False False  True False False False  True]","[False False False False False False False False False False False False
 False False False False False False False False False False False False
 False False False False False False False False False False False False
 False False False False False False False False False False False False
 False False False False False False False False False False False False
 False False False False False False False]","[0.56, 0.44, 0.0]","[0.7322121668315051, 1.2091694501633]",0,False,False
40,33.0,1500.0,0.0,1,-1,0,"[False False False False False False False False False False False False
 False False False False False False False False False False False False
 False False False False False False False False False False False False
 False False False False False False False False False False False False
 False False False False False False False False False False False False
 False False False False False False False]","[False False False False False False False False False False False False
 False False False False False False False False False  True False False
 False  True False False False False False False False False False False
 False False False False False False False False False False False False
 False False False False False False False False False False False False
 False False False False False False False]","[0.56, 0.44, 0.0]","[0.7322121668315051, 1.2091694501633]",0,False,False
41,34.0,6000.0,0.0,-1,1,0,"[False False False  True False False False False  True False False False
 False False False False False False False False False False False False
 False False False False False False False False False False False False
 False False False False False False False False False False False False
 False False False False False False False False False False False False
 False False False False False False False]","[False False False False False False False False False False False False
 False False False False False False False False False False False False
 False False False False False False False False False False False False
 False False False False False False False False False False False False
 False False False False False False False False False False False False
 False False False False False False False]","[0.52, 0.48, 0.0]","[1.0048036057610192, 0.8614538349250738]",0,False,False
42,34.0,6000.0,0.0,-1,1,0,"[False False False False False False False False False False False False
 False False False False False False False False False False False False
 False False False False False False False False False  True False False
 False  True False False False False False False False False False False
 False False False False False False False False False False False False
 False False False False False False False]","[False False False False False False False False False False False False
 False False False False False False False False False False False False
 False False False False False False False False False False False False
 False False False False False False False False False False False False
 False False False False False False False False False False False False
 False False False False False False False]","[0.56, 0.44, 0.0]","[0.7322121668315051, 1.2091694501633]",0,False,False
43,35.0,6000.0,0.0,-1,1,0,"[False False False False False False False False False  True False False
 False False  True False False False False False False False False False
 False False False False False False False False False False False False
 False False False False False False False False False False False False
 False False False False False False False False False False False False
 False False False False False False False]","[False False False False False False False False False False False False
 False False False False False False False False False False False False
 False False False False False False False False False False False False
 False False False False False False False False False False False False
 False False False False False False False False False False False False
 False False False False False False False]","[0.56, 0.44, 0.0]","[0.3600244797379033, 1.2091694501633]",0,False,False
44,36.0,750.0,0.0,1,1,0,"[False False False False False False False  True False False False False
  True False False False False  True False False False  True False False
 False  True False False False  True False False False  True False False
 False False  True False False False False False False False False False
 False False False False False False False False False False  True False
 False  True False False False False False]","[False False False False False False False False False False False False
 False False False False False False False False False False False False
 False False False False False False False False False False False False
 False False False False False False False False False False False False
 False False False False False False False False False False False False
 False False False False False False False]","[0.6, 0.4, 0.0]","[0.16730335606762126, 1.04879987536743]",0,False,False
45,37.0,3000.0,0.0,-1,1,0,"[False False False False False False False False False False False False
 False False False False False False False False False False False False
 False False False False False False False False False False False False
 False False False  True False False False  True False False False False
 False False False False False False False False False False False False
 False False False False False False False]","[False False False False False False False False False False False False
 False False False False False False False False False False False False
 False False False False False False False False False False False False
 False False False False False False False False False False False False
 False False False False False False False False False False False False
 False False False False False False False]","[0.64, 0.36, 0.0]","[0.31462117104709175, 0.8614535802617546]",0,False,False
46,37.0,3000.0,0.0,-1,1,0,"[False False False False False False False False  True False False False
  True False False False False False False False False False False False
 False False False False False False False False False False False False
 False False False False False False False False False False False False
 False False False False False False False False False False False False
 False False False False False False False]","[False False False False False False False False False False False False
 False False False False False False False False False False False False
 False False False False False False False False False False False False
 False False False False False False False False False False False False
 False False False False False False False False False False False False
 False False False False False False False]","[0.64, 0.36, 0.0]","[0.31462117104709175, 0.8614535802617546]",0,False,False
47,37.0,3000.0,0.0,-1,1,0,"[False False False False False False False False False False False False
 False False False False False False False False False False False False
 False False  True False False False  True  True False False False False
 False False False False False False False False False False False False
 False False False False False False False False False False False False
 False False False False False False False]","[False False False False False False False False False False False False
 False False False False False False False False False False False False
 False False False False False False False False False False False False
 False False False False False False False False False False False False
 False False False False False False False False False False False False
 False False False False False False False]","[0.68, 0.32, 0.0]","[0.1475824606895068, 0.6372779040108865]",0,False,False
48,37.0,3000.0,0.0,-1,1,0,"[False False False False False False False False False False False False
 False  True False False False  True False False False False False False
 False False False False False False False False False False False False
 False False False False False False False False False False False False
 False False False False False False False False False False False False
 False False False False False False False]","[False False False False False False False False False False False False
 False False False False False False False False False False False False
 False False False False False False False False False False False False
 False False False False False False False False False False False False
 False False False False False False False False False False False False
 False False False False False False False]","[0.68, 0.32, 0.0]","[-0.1475824606895068, 0.6372779040108865]",0,False,False
49,37.0,3000.0,0.0,-1,-1,0,"[False False False False False False False False False False False False
 False False False False False False False False False False False False
 False False False False False False False False False False False False
 False False False False False False False False False False False False
 False False False False False False False False False False False False
 False False False False False False False]","[False False False False False False False False False False False False
 False False False False  True False False False False False False False
 False  True False False False False  True False False False False  True
 False False False  True False False False  True False False False  True
 False False False  True False False False False False  True False False
 False  True False False False False False]","[0.68, 0.32, 0.0]","[-0.4460153952645921, 0.6372779040108865]",0,False,False
50,38.0,3000.0,0.0,-1,-1,0,"[False False False False False False False False False False False False
 False False False False False False False False False False False False
 False False False False False False False False False False False False
 False False False False False False False False False False False False
 False False False False False False False False False False False False
 False False False False False False False]","[False False False False False False False False False False False False
 False False False False False False False False False False False False
 False False False False False False False False False False False False
  True False False False  True  True False False False  True False False
 False False  True False False False  True False False False False False
 False False False False  True False False]","[0.68, 0.32, 0.0]","[-0.4460153952645921, 0.6372779040108865]",0,False,False
51,39.0,6000.0,0.0,-1,1,0,"[False False False False False False False False False False False False
 False False False False False False False False False False False False
 False False False False False False False False False False  True  True
 False False False False False False False False False False False False
 False False False False False False False False False False False False
 False False False False False False False]","[False False False False False False False False False False False False
 False False False False False False False False False False False False
 False False False False False False False False False False False False
 False False False False False False False False False False False False
 False False False False False False False False False False False False
 False False False False False False False]","[0.68, 0.32, 0.0]","[-0.4460153952645921, 0.6372779040108865]",0,False,False
52,39.0,6000.0,0.0,-1,-1,0,"[False False False False False False False False False False False False
 False False False False False False False False False False False False
 False False False False False False False False False False False False
 False False False False False False False False False False False False
 False False False False False False False False False False False False
 False False False False False False False]","[False False False False False False False False  True False False False
 False  True False False False False  True False False False  True False
 False False False False False False False  True False False False  True
 False False False  True False False False False  True  True False False
 False False False False False  True False False False False False False
 False False False False False False False]","[0.68, 0.32, 0.0]","[-0.4460153952645921, 0.6372779040108865]",0,False,False
53,40.0,750.0,0.0,1,1,0,"[False False False False False False False False False False False False
 False False False False False False False False False False False False
  True False False False False False False False False  True False False
 False False False False False False  True  True False False False  True
 False False False False False False False False False False False False
 False False False False False False False]","[False False False False False False False False False False False False
 False False False False False False False False False False False False
 False False False False False False False False False False False False
 False False False False False False False False False False False  True
 False False False False False False False False False False False False
 False False False False False False False]","[0.68, 0.32, 0.0]","[-0.4460153952645921, 0.6372779040108865]",0,False,False
54,41.0,3000.0,0.0,-1,-1,0,"[False False False False False False False False False False False False
 False False False False False False False False False False False False
 False False False False False False False False False False False False
 False False False False False False False False False False False False
 False False False False False False False False False False False False
 False False False False False False False]","[False False False False False  True False False False False False False
 False False False False False False False  True False False False False
 False False False False  True False False False False False False False
 False  True False False False False False False False False False  True
 False False False False False False False False False False False False
 False False False False False False  True]","[0.68, 0.32, 0.0]","[-0.4460153952645921, 0.6372779040108865]",0,False,False
55,42.0,750.0,0.0,1,1,0,"[False False  True False False False False False False False False False
 False False False False False  True False False False False  True  True
 False False  True  True False False False  True False False False  True
 False False False False False False False False False False False False
 False False False False False False False  True False False False False
 False False False False False False False]","[False False False False False False False False False False False False
 False False False False False False False False False False False False
 False False False False False False False False False False False  True
 False False False False False False False False False False False False
 False False False False False False False False False False False False
 False False False False False False False]","[0.68, 0.32, 0.0]","[-0.4460153952645921, 1.348977534191646]",0,False,False
56,43.0,1500.0,0.0,1,1,0,"[False False False False False False False False False False False False
 False False False False False False False False False False False False
 False False False False False False False False False False False  True
 False False False  True False False False False False  True False False
 False  True False False False False  True False False False  True False
 False False False False False False False]","[False False False False False False False False False False False False
 False False False False False False False False False False False False
 False False False False False False False False False False False False
 False False False False False False False False False False False False
 False False False False False  True False False False False False False
 False False  True False False False False]","[0.68, 0.32, 0.0]","[-0.4460153952645921, 1.348977534191646]",0,False,False
57,44.0,3000.0,0.0,-1,-1,0,"[False False False False False False False False False False False False
 False False False False False False False False False False False False
 False False False False False False False False False False False False
 False False False False False False False False False False False False
 False False False False False False False False False False False False
 False False False False False False False]","[False False False False False False False False False False False False
 False False False False False False False False False False False False
 False False False False False  True  True False False False  True False
 False False False  True False False False False False False False  True
 False False False  True False False False False  True False False False
 False  True  True False False False False]","[0.72, 0.28, 0.0]","[-0.2794204416008008, 2.135136527393951]",0,False,False
58,45.0,6000.0,0.0,-1,1,0,"[False False False False False False False False False False  True False
 False False  True False False False False False False False False False
 False False False False False False False False False False False False
 False False False False False False False False False False False False
 False False False False False False False False False False False False
 False False False False False False False]","[False False False False False False False False False False False False
 False False False False False False False False False False False False
 False False False False False False False False False False False False
 False False False False False False False False False False False False
 False False False False False False False False False False False False
 False False False False False False False]","[0.68, 0.32, 0.0]","[-0.4460153952645921, 2.300694208940575]",0,False,False
59,45.0,6000.0,0.0,-1,-1,0,"[False False False False False False False False False False False False
 False False False False False False False False False False False False
 False False False False False False False False False False False False
 False False False False False False False False False False False False
 False False False False False False False False False False False False
 False False False False False False False]","[False False  True  True False False False  True False False False False
  True False False False  True False False False  True False False False
 False  True False False False False False False False  True  True False
 False False False  True  True False False False False False False False
 False  True False False False False False False False False False False
 False False False False False False False]","[0.68, 0.32, 0.0]","[-0.7547834222332187, 2.300694208940575]",0,False,False
60,46.0,1500.0,0.0,1,-1,0,"[False False False False False False False False False False False False
 False False False False False False False False False False False False
 False False False False False False False False False False False False
 False False False False False False False False False False False False
 False False False False False False False False False False False False
 False False False False False False False]","[False False False False False False False False False False False False
 False False False False False False False False  True False False False
  True  True False False False False False False False False False False
 False False False False False False False False False False False False
 False False False False False False False False False False False False
 False False False False False False False]","[0.68, 0.32, 0.0]","[-0.7547834222332187, 2.300694208940575]",0,False,False
61,47.0,1500.0,0.0,1,-1,0,"[False False False False False False False False False False False False
 False False False False False False False False False False False False
 False False False False False False False False False False False False
 False False False False False False False False False False False False
 False False False False False False False False False False False False
 False False False False False False False]","[False False False False False False False False False False False False
 False False False False False False False False False False False False
 False False False  True False False  True False False False False False
 False False False False False False False False False False False False
 False False False False False False False False False False False False
 False False False False False False False]","[0.64, 0.36, 0.0]","[-0.6372783160801316, 1.5294172755398876]",0,False,False
62,48.0,1500.0,0.0,1,1,0,"[False False False False False False False False False False False False
 False False False False False False False False False False False False
 False False False False False False False False False False False False
 False False False False False False False False False False False False
 False False False False False False False False False False False False
 False  True False False False  True False]","[False False False False False False False False False False False False
 False False False False False False False False False False False False
 False False False False False False False False False False False False
 False False False False False False False False False False False False
 False False False False False False False False False False False False
 False False False False False False False]","[0.6, 0.4, 0.0]","[-0.5066938613135554, 1.04879987536743]",0,False,False
63,49.0,1500.0,0.0,1,-1,0,"[False False False False False False False False False False False False
 False False False False False False False False False False False False
 False False False False False False False False False False False False
 False False False False False False False False False False False False
 False False False False False False False False False False False False
 False False False False False False False]","[False False False False False False False False False False False False
 False False False False False False False False  True False False False
  True  True False False False False False False False False False False
 False False False False False False False False False False False False
 False False False False False False False False False False False False
 False False False False False False False]","[0.64, 0.36, 0.0]","[-0.31462117104709175, 0.8614535802617546]",0,False,False
64,49.0,1500.0,0.0,1,1,0,"[False False False False False  True False False False  True False False
 False False False  True False False False  True False False False  True
 False False False  True False False False  True False False False False
 False False False False False False False False False False  True False
 False False False False False False False False False False False False
 False False False False False False False]","[False False False False False False False False False False False False
 False False False False False False False False False False False  True
 False False False False False False False False False False False False
  True False False False False False False False False False False False
 False False False False False False False False False False False False
 False False False False False False False]","[0.6, 0.4, 0.0]","[-0.5066938613135554, 0.5066936887499858]",0,False,False
65,50.0,750.0,0.0,1,1,0,"[False False False False False False False False False False False  True
 False False False False False False False False  True False False False
 False  True False False False False  True False False False  True False
 False False  True False False False  True False False False False False
 False False False False False False False False False False  True False
 False False False False False False False]","[False False False False False False False False False False False False
 False False False False False False False False False False False False
 False False False False False False False False False False False False
 False False False False False False False False False False False False
 False False False False False False False False False False False False
 False False False False False False False]","[0.6, 0.4, 0.0]","[-0.5066938613135554, 0.5066936887499858]",0,False,False
66,51.0,3000.0,0.0,-1,-1,0,"[False False False False False False False False False False False False
 False False False False False False False False False False False False
 False False False False False False False False False False False False
 False False False False False False False False False False False False
 False False False False False False False False False False False False
 False False False False False False False]","[False False False False False False False False False False False False
 False False False False False  True False False False False  True  True
 False False False False  True False False False  True False False False
 False False False False False False False False False  True False False
 False False False False False False  True  True False False False  True
  True False False False False False  True]","[0.64, 0.36, 0.0]","[-0.31462117104709175, 0.8614535802617546]",0,False,False
67,52.0,6000.0,0.0,-1,-1,0,"[False False False False False  True False False False False False False
 False False False False False False False False False False False False
 False False False False False False False False False False False False
 False False False False False False False False False False False False
 False False False False False False False False False False False False
 False False False False False False False]","[False False False False False False False False False False False False
 False False False False False False False  True False False False False
  True False False False False False False False False False  True False
 False False  True False False False  True False False False False  True
 False False False  True False False False False  True  True False False
 False False False False False False False]","[0.6, 0.4, 0.0]","[-0.16730335606762126, 1.04879987536743]",0,False,False
68,53.0,1500.0,0.0,1,-1,0,"[False False False False False False False False False False False False
 False False False False False False False False False False False False
 False False False False False False False False False False False False
 False False False False False False False False False False False False
 False False False False False False False False False False False False
 False False False False False False False]","[False False  True False False False False False False False False  True
 False False False False False False False False False False False False
 False False False False False False False False False False False False
 False False False False False False False False False False False False
 False False False False False False False False False False False False
 False False False False False False False]","[0.56, 0.44, 0.0]","[0.0, 1.2091694501633]",0,False,False
69,54.0,3000.0,0.0,-1,-1,0,"[False False False False False False False False False False False False
 False False False False False False False False False False False False
 False False False False False False False False False False False False
 False False False False False False False False False False False False
 False False False False False False False False False False False False
 False False False False False False False]","[False False False False False False False  True False False False  True
 False False False False False False False False False  True False False
 False False  True False False False False False False False False False
  True False False False  True False False False False False  True False
 False False  True False False False False False False False False False
 False False False False False False False]","[0.52, 0.48, 0.0]","[0.1931170816217559, 0.8614538349250738]",0,False,False
70,55.0,1500.0,0.0,1,1,0,"[False False False False False False False False False  True False False
 False False False False False False False False False False  True False
 False False False False  True False False False  True False False False
  True False False False False  True False False False  True False False
 False False False False False False False False False False False False
 False False False False  True False False]","[False False False False False False False False False False False False
 False False False False False False False False False False False False
 False False False False False False False False False False False False
  True False False False False  True False False False False False False
 False False False False False False False False False False False False
 False False False False False False False]","[0.48, 0.52, 0.0]","[0.0, 1.0048036057610192]",0,False,False
71,56.0,6000.0,0.0,-1,-1,0,"[False False False False False False False False False False False False
 False False False False False False False False False False False False
 False False False False False False False False False False False False
 False False False False False False False False False False False False
 False False False False False False False False False False False False
 False False False False False False False]","[False False False False False False  True False False False  True False
 False False False False  True False False False  True False False False
  True False False False False  True False False False  True False False
 False False False  True False False False False  True False False False
 False False  True False False False False False False False False False
 False False False False False False False]","[0.48, 0.52, 0.0]","[0.42085643268640105, 1.0048036057610192]",0,False,False
72,57.0,750.0,0.0,1,1,0,"[False False False False False False  True False False False  True False
 False False False  True  True False False False False False False False
 False False False False  True False False False False False False False
 False False False False False False False False False False False False
 False False False False False False False False False False False False
 False False False False False False False]","[False False False False False False False False False False False False
 False False False False False False False False False False False False
 False False False False  True False False False False False False False
 False False False False False False False False False False False  True
 False False False False False False False False False False False False
 False False False False False False False]","[0.44, 0.56, 0.0]","[0.6975107308138484, 1.1318967437115721]",0,False,False
73,58.0,3000.0,0.0,-1,-1,0,"[False False False False False False False False False False False False
 False False False False False False False False False False False False
 False False False False False False False False False False False False
 False False False False False False False False False False False False
 False False False False False False False False False False False False
 False False False False False False False]","[False False False False False False False False False  True False False
 False False  True False False False False  True False False False  True
 False False False False  True False False False False False False False
  True False False False False False False  True False False False  True
 False False False  True False False False False False False False False
 False False False False False False False]","[0.44, 0.56, 0.0]","[1.2091694501633, 1.1318967437115721]",0,False,False
74,59.0,750.0,0.0,1,1,0,"[False False False False False False False False False False False False
 False  True False False False  True False False False False False  True
 False False False  True False False False  True False False False False
  True False False False False False False False False False False False
 False False False False False False False False False False False False
 False False False False False False  True]","[False False False False False False False False False False False False
 False False False False False False False False False False False False
 False False False  True False False False False False False False False
 False False False False  True False False False False False False False
 False False  True False False False False False False False False False
 False False False False False False False]","[0.4, 0.6, 0.0]","[1.6832403249694212, 1.2458505001420814]",0,False,False
75,60.0,6000.0,0.0,-1,-1,0,"[False False False False False False False False False False False False
 False False False False False False False False False False False False
 False False False False False False False False False False False False
 False False False False False False False False False False False False
 False False False False False False False False False False False False
 False False False False False False False]","[False False  True False False False False  True False False False False
 False False False False False False False False  True False False False
  True  True False False False  True False False False False False  True
 False False False False False False  True False False False False False
 False False False False False False False False False False False False
 False False False False False False False]","[0.44, 0.56, 0.0]","[1.8169135474117328, 1.1318967437115721]",0,False,False
76,61.0,3000.0,0.0,-1,-1,0,"[False False False False False False False False False False False False
 False False False False False False False False False False False False
 False False False False False False False False False False False False
 False False False False False False False False False False False False
 False False False False False False False False False False False False
 False False False False False False False]","[False False False False False False  True False False False  True  True
 False False False False False False False False  True False False False
 False  True False False False  True False False False  True False False
 False False  True False False False False  True  True False False False
  True False False False False False False False False False False False
 False False False False False False False]","[0.44, 0.56, 0.0]","[1.8169135474117328, 1.1318967437115721]",0,False,False
77,62.0,750.0,0.0,1,1,0,"[False False False False False False  True False False False False False
 False False False False False False False  True False False False False
  True False False False  True  True False False False  True False False
 False  True False False False  True False False False False False False
 False False False False  True False False False False False False False
 False False False False False False False]","[False False False False False False False False False False False False
 False False False False False False False False False False False False
 False False False False False False False False False False False False
 False  True False False False False False False False False False False
 False False False False False False False False False False False False
 False False False False False False False]","[0.4, 0.6, 0.0]","[2.5630985764077403, 1.2458505001420814]",0,False,False
78,63.0,6000.0,0.0,-1,-1,0,"[False False False False False False False False False False False False
 False False False False False False False False False False False False
 False False False False False False False False False False False False
 False False False False False False False False False False False False
 False False False False False False False False False False False False
 False False False False False False False]","[False False False False False False False False False False  True False
 False False False  True False False False False  True False False False
  True False False False  True False False False False  True False False
 False  True False False False False False False  True False False False
  True False False False  True  True False False False False  True False
 False False False False False False False]","[0.44, 0.56, 0.0]","[2.670350930522295, 1.1318967437115721]",0,False,False
79,64.0,1500.0,0.0,1,1,0,"[ True False False False  True False False False False False  True False
 False False  True False False False  True False False False False  True
 False False False False False False False False False False False False
 False False False False False False False False False False False False
  True False False False False False False False False False False False
 False False False False False False False]","[False False False False False False False False False False False False
 False False False False False False False False False False False False
 False False False False False False False False False False False False
 False  True False False False False False False False False False False
 False False False False False False False False False False False False
 False False False False False False False]","[0.4, 0.6, 0.0]","[2.5630985764077403, 1.2458505001420814]",0,False,False
80,65.0,3000.0,0.0,-1,-1,0,"[False False False False False False False False False False False False
 False False False False False False False False False False False False
 False False False False False False False False False False False False
 False False False False False False False False False False False False
 False False False False False False False False False False False False
 False False False False False False False]","[False False False False False  True False False False  True False False
 False False  True False False False  True False False False False  True
 False False False  True False False False False False False False False
 False  True  True False False False False  True  True False False False
 False False False False False False False False False False False False
 False False False False False False False]","[0.44, 0.56, 0.0]","[2.670350930522295, 1.1318967437115721]",0,False,False
81,66.0,750.0,0.0,1,1,0,"[False False False False False False False  True False False False False
  True False False False False  True False False False  True False False
 False False False False False False False False False False False False
 False False False False False  True False False False False False False
 False  True False False False False False False False False False False
 False False False False False False False]","[False False False False False False False False False False False False
 False False False False False False False False False False False False
 False  True False False False False False False False False False False
 False False False False False False False False  True False False False
 False False False False False False False False False False False False
 False False False False False False False]","[0.4, 0.6, 0.0]","[2.5630985764077403, 1.2458505001420814]",0,False,False
82,67.0,6000.0,0.0,-1,-1,0,"[False False False False False False False False False False False False
 False False False False False False False False False False False False
 False False False False False False False False False False False False
 False False False False False False False False False False False False
 False False False False False False False False False False False False
 False False False False False False False]","[False False False False False False False False False False False False
 False False False False False  True  True False False False False  True
 False False False  True False False False False  True False False False
  True False False False  True False False False  True False False False
 False False  True  True False False  True  True False False False  True
 False False False False False False False]","[0.4, 0.6, 0.0]","[2.5630985764077403, 1.2458505001420814]",0,False,False
83,68.0,6000.0,0.0,-1,-1,0,"[False False False False False False False False False False False False
 False False False False False False False False False False False False
 False False False False False False False False False False False False
 False False False False False False False False False False False False
 False False False False False False False False False False False False
 False False False False False False False]","[False False False False False False False False False False False False
 False False False  True False False False False  True False False False
 False  True False False False  True False False False False  True False
 False False  True False False False False False False False False False
 False False False False  True  True False False False False False False
 False False False False False False False]","[0.4, 0.6, 0.0]","[2.5630985764077403, 1.2458505001420814]",0,False,False
84,69.0,6000.0,0.0,-1,-1,0,"[False False False False False False False False False False False False
 False False False False False False False False False False False False
 False False False False False False False False False False False False
 False False False False False False False False False False False False
 False False False False False False False False False False False False
 False False False False False False False]","[False False False False False False False False False False False  True
  True False False False  True False False False  True False False False
 False False False False False  True False False False  True False False
 False  True False False False False False  True False False False  True
  True False False False  True False False False  True  True False False
 False False False False False False False]","[0.36, 0.64, 0.0]","[nan, 1.34897851762444]",0,False,False
85,70.0,3000.0,0.0,-1,-1,0,"[False False False False False False False False False False False False
 False False False False False False False False False False False False
 False False False False False False False False False False False False
 False False False False False False False False False False False False
 False False False False False False False False False False False False
 False False False False False False False]","[False False False False False False  True False False False False  True
 False False False False  True False False False  True False False False
 False  True False False False  True False False False  True  True False
 False  True False False False False False False  True False False  True
  True False False False False False False False False False False False
 False False False False False False False]","[0.36, 0.64, 0.0]","[nan, 1.34897851762444]",0,False,False
86,71.0,1500.0,0.0,1,-1,0,"[False False False False False False False False False False False False
 False False False False False False False False False False False False
 False False False False False False False False False False False False
 False False False False False False False False False False False False
 False False False False False False False False False False False False
 False False False False False False False]","[False False False False False False False False False False False False
 False False  True False False False  True False False False False False
 False False False False False False False False False False False False
 False False False False False False False False False False False False
 False False False False False False False False False False False False
 False False False False False False False]","[0.36, 0.64, 0.0]","[nan, 1.7742916679085448]",0,False,False
87,72.0,750.0,0.0,1,1,0,"[False False False False False False False False False False False False
 False False False False False False False False False False False False
 False False False False False  True False False False  True False False
 False False False False False False False  True False False False  True
 False False False False False False False False False False False False
 False False False False False False False]","[False False False False False False False False False False False False
 False False False False False False False False False False False False
 False False False False False False False False False False False False
 False False False False False False False False False False False  True
 False False False False False False False False False False False False
  True False False False False False False]","[0.36, 0.64, 0.0]","[nan, 1.7742916679085448]",0,False,False
88,73.0,6000.0,0.0,-1,-1,0,"[False False False False False False False False False False False False
 False False False False False False False False False False False False
 False False False False False False False False False False False False
 False False False False False False False False False False False False
 False False False False False False False False False False False False
 False False False False False False False]","[False False False False False False False False False False False False
 False False False  True False False False False  True False False False
 False  True False False False False  True False False False  True False
 False False  True False False False False  True False False False False
 False  True False False False  True False False False False False  True
  True False False False False False  True]","[0.36, 0.64, 0.0]","[nan, 1.7742916679085448]",0,False,False
89,74.0,750.0,0.0,1,1,0,"[False False  True False False False False False False False False False
 False False False  True False False False False  True  True False False
 False  True False False False False False False False False  True False
 False False  True False False False False False False False False False
 False False False False False False False False False False False False
 False False False False  True False False]","[False False False False False False False False False False False False
 False False False False False False False False False False False False
 False False False False False False False False False False False False
 False False False False False False False False False False False False
 False False False False False False False False False False False False
 False False False False False False False]","[0.36, 0.64, 0.0]","[nan, 2.3006964861980523]",0,False,False
90,75.0,3000.0,0.0,-1,-1,0,"[False False False False False False False False False False False False
 False False False False False False False False False False False False
 False False False False False False False False False False False False
 False False False False False False False False False False False False
 False False False False False False False False False False False False
 False False False False False False False]","[False False False False False False  True False False False False  True
 False False False False  True False False False False  True False False
 False  True False False False False False False False False False False
 False False  True False False False False False  True False False False
 False  True False False False False False False False False False False
 False False False False False False False]","[0.36, 0.64, 0.0]","[nan, 2.3006964861980523]",0,False,False
91,76.0,3000.0,0.0,-1,-1,0,"[False False False False False False False False False False False False
 False False False False False False False False False False False False
 False False False False False False False False False False False False
 False False False False False False False False False False False False
 False False False False False False False False False False False False
 False False False False False False False]","[False False False False False False False False False False False False
 False False  True  True False False False False  True False False False
  True False False False False  True False False False False False False
 False False False False False False  True False False False False  True
  True False False False  True  True False False False False False False
 False False False False False False False]","[0.32, 0.68, 0.0]","[nan, 2.3736605880336943]",0,False,False
92,77.0,750.0,0.0,1,1,0,"[False False False False False False False False False False  True False
 False False  True False False False False False  True False False False
  True False False False  True False False False False False False False
 False False False False False False False False False False False False
 False False False False  True  True False False False False False False
 False False False False False False False]","[False False False False False False False False False False False False
 False False False False False False False False False False False False
 False False False False  True False False False False  True False False
 False False False False False False False False False False False False
 False False False False False False False False False False False False
 False False False False False False False]","[0.32, 0.68, 0.0]","[nan, 2.3736605880336943]",0,False,False
93,78.0,1500.0,0.0,1,-1,0,"[False False False False False False False False False False False False
 False False False False False False False False False False False False
 False False False False False False False False False False False False
 False False False False False False False False False False False False
 False False False False False False False False False False False False
 False False False False False False False]","[False False  True False False False False False False False False  True
  True False False False False False False False False False False False
 False False False False False False False False False False False False
 False False False False False False False False False False False False
 False False False False False False False False False False False False
 False False False False False False False]","[0.36, 0.64, 0.0]","[nan, 2.3006964861980523]",0,False,False
94,79.0,1500.0,0.0,1,-1,0,"[False False False False False False False False False False False False
 False False False False False False False False False False False False
 False False False False False False False False False False False False
 False False False False False False False False False False False False
 False False False False False False False False False False False False
 False False False False False False False]","[False False False False False False False False False False False  True
 False False False False False False False False  True False False False
 False False False False False False False False False False False False
 False False False False False False False False False False False False
 False False False False False False False False False False False False
 False False False False False False False]","[0.36, 0.64, 0.0]","[nan, 2.3006964861980523]",0,False,False
95,79.0,1500.0,0.0,1,1,0,"[ True False False False  True False False False False False  True False
 False False  True False False False False False False False False  True
 False False False False False False False  True False False False False
 False False False False False False False False False False False False
 False False  True False False False  True False False False False  True
 False False False False False False False]","[False False False False False False False False False False False False
 False False False False False False  True False False False False False
 False False  True False False False False False False False False False
 False False False False False False False False False False False False
 False False False False False False False False False False False False
 False False False False False False False]","[0.36, 0.64, 0.0]","[nan, 1.7742916679085448]",0,False,False
96,80.0,1500.0,0.0,1,-1,0,"[False False False False False False False False False False False False
 False False False False False False False False False False False False
 False False False False False False False False False False False False
 False False False False False False False False False False False False
 False False False False False False False False False False False False
 False False False False False False False]","[False False False False False False False False False False  True False
 False False  True False False False False False False False False False
 False False False False False False False False False False False False
 False False False False False False False False False False False False
 False False False False False False False False False False False False
 False False False False False False False]","[0.36, 0.64, 0.0]","[nan, 1.7742916679085448]",0,False,False
97,81.0,1500.0,0.0,1,-1,0,"[False False False False False False False False False False False False
 False False False False False False False False False False False False
 False False False False False False False False False False False False
 False False False False False False False False False False False False
 False False False False False False False False False False False False
 False False False False False False False]","[False  True False False False False False False False False False False
 False False  True  True False False False False False False False False
 False False False False False False False False False False False False
 False False False False False False False False False False False False
 False False False False False False False False False False False False
 False False False False False False False]","[0.36, 0.64, 0.0]","[nan, 1.34897851762444]",0,False,False
98,82.0,6000.0,0.0,-1,1,0,"[False False False False False False False  True False False False  True
 False False False False False False False False False False False False
 False False False False False False False False False False False False
 False False False False False False False False False False False False
 False False False False False False False False False False False False
 False False False False False False False]","[False False False False False False False False False False False False
 False False False False False False False False False False False False
 False False False False False False False False False False False False
 False False False False False False False False False False False False
 False False False False False False False False False False False False
 False False False False False False False]","[0.32, 0.68, 0.0]","[nan, 1.0827894677165155]",0,False,False
99,82.0,6000.0,0.0,-1,-1,0,"[False False False False False False False False False False False False
 False False False False False False False False False False False False
 False False False False False False False False False False False False
 False False False False False False False False False False False False
 False False False False False False False False False False False False
 False False False False False False False]","[False False False False  True False False False False False False False
 False  True False False False False False  True False False False  True
 False False False  True False False False  True False False False False
  True False False False False False False False False False False False
 False False False False  True False False False  True False False False
 False False False False False False False]","[0.36, 0.64, 0.0]","[2.4412761378064363, 0.9775521605649683]",0,False,False
100,83.0,750.0,0.0,1,1,0,"[False False False False False False False False False False False False
 False False  True False False False False  True False False False False
  True False False False  True False False False False False False False
 False False False False False False False  True False False False False
 False False False False False False False False False False False False
 False False False False False False False]","[False False False False False False False False False False False False
 False False False False False False False False False False False False
 False False False False False False False False  True False False False
 False False False False False False False False False False False  True
 False False False False False False False False False False False False
 False False False False False False False]","[0.32, 0.68, 0.0]","[2.300694208940575, 1.0827894677165155]",0,False,False
101,84.0,3000.0,0.0,-1,-1,0,"[False False False False False False False False False False False False
 False False False False False False False False False False False False
 False False False False False False False False False False False False
 False False False False False False False False False False False False
 False False False False False False False False False False False False
 False False False False False False False]","[False False False False False False False False False  True  True False
 False  True  True False False False False False False False False  True
 False False False False False False False False  True False False False
 False False  True False False  True False False False False  True False
 False False False False False False False False False False False False
 False False False False False False False]","[0.36, 0.64, 0.0]","[2.4412761378064363, 0.9775521605649683]",0,False,False
102,85.0,6000.0,0.0,-1,-1,0,"[False False False False False False False False False False False False
 False False False False False False False False False False False False
 False False False False False False False False False False False False
 False False False False False False False False False False False False
 False False False False False False False False False False False False
 False False False False False False False]","[False False False False False False False False  True  True False False
 False False  True False False False  True False False False False  True
 False False False False False False False False  True False False False
 False False False False False False  True False False False False False
 False False False False False False False False False False False False
 False False False False False False False]","[0.36, 0.64, 0.0]","[2.4412761378064363, 0.9775521605649683]",0,False,False
103,86.0,3000.0,0.0,-1,1,0,"[False False False False  True False False False False False False False
 False False  True False False False False False False False False False
 False False False False False False False False False False False False
 False False False False False False False False False False False False
 False False False False False False False False False False False False
 False False False False False False False]","[False False False False False False False False False False False False
 False False False False False False False False False False False False
 False False False False False False False False False False False False
 False False False False False False False False False False False False
 False False False False False False False False False False False False
 False False False False False False False]","[0.32, 0.68, 0.0]","[2.300694208940575, 1.0827894677165155]",0,False,False
104,87.0,1500.0,0.0,1,-1,0,"[False False False False False False False False False False False False
 False False False False False False False False False False False False
 False False False False False False False False False False False False
 False False False False False False False False False False False False
 False False False False False False False False False False False False
 False False False False False False False]","[False False  True False False False  True  True False False False False
 False False False False False False False False False False False False
 False False False False False False False False False False False False
 False False False False False False False False False False False False
 False False False False False False False False False False False False
 False False False False False False False]","[0.36, 0.64, 0.0]","[1.5294172755398876, 0.9775521605649683]",0,False,False
105,88.0,1500.0,0.0,1,1,0,"[False False False False False False False False False False  True False
 False False  True False False False False False  True False False False
  True False False False False False False False  True False False False
 False False False False False False False False False False False False
 False False False  True False False False False False False False False
 False False False False False False False]","[False False False False False False False False False False False False
 False False False False False False False False False False False False
 False False False False False False False False False False False False
  True False False False False False False False False False False  True
 False False False False False False False False False False False False
 False False False False False False False]","[0.32, 0.68, 0.0]","[1.348977534191646, 0.7547834222332187]",0,False,False
106,89.0,750.0,0.0,1,1,0,"[False False False False False False False False  True False False False
 False False False False False  True False False False False  True  True
 False False False  True False False False  True  True False False False
 False False False False False False False False False False False  True
 False False False False False False False  True False False False  True
 False False False False False False False]","[False False False False False False False False False False False False
 False False False False False False False False False False False False
 False False False False False False False  True False False False False
 False False False False False False False False False False False False
 False False False  True False False False False False False False False
 False False False False False False False]","[0.36, 0.64, 0.0]","[1.5294172755398876, 0.6372783160801316]",0,False,False
107,90.0,6000.0,0.0,-1,-1,0,"[False False False False False False False False False False False False
 False False False False False False False False False False False False
 False False False False False False False False False False False False
 False False False False False False False False False False False False
 False False False False False False False False False False False False
 False False False False False False False]","[False False False False False False False False False False False False
 False  True False False False  True  True False False False False  True
 False False False  True False False False False  True False False False
  True False False False False False False False False False  True False
 False False False False False False False False False False False False
 False False False False False False False]","[0.36, 0.64, 0.0]","[1.5294172755398876, 0.6372783160801316]",0,False,False
108,91.0,6000.0,0.0,-1,1,0,"[False False False False False False False False False False False  True
 False False False  True False False False False False False False False
 False False False False False False False False False False False False
 False False False False False False False False False False False False
 False False False False False False False False False False False False
 False False False False False False False]","[False False False False False False False False False False False False
 False False False False False False False False False False False False
 False False False False False False False False False False False False
 False False False False False False False False False False False False
 False False False False False False False False False False False False
 False False False False False False False]","[0.36, 0.64, 0.0]","[1.5294172755398876, 0.6372783160801316]",0,False,False
109,92.0,750.0,0.0,1,-1,0,"[False False False False False False False False False False False False
 False False False False False False False False False False False False
 False False False False False False False False False False False False
 False False False False False False False False False False False False
 False False False False False False False False False False False False
 False False False False False False False]","[False  True False False False  True False False False False False False
 False False False False False False False False False False False False
 False False False False False False False False False False False False
 False False False False False False False False False False False False
 False False False False False False False False False False False False
 False False False False False False False]","[0.4, 0.6, 0.0]","[1.04879987536743, 0.5066938613135554]",0,False,False
110,93.0,3000.0,0.0,-1,-1,0,"[False False False False False False False False False False False False
 False False False False False False False False False False False False
 False False False False False False False False False False False False
 False False False False False False False False False False False False
 False False False False False False False False False False False False
 False False False False False False False]","[False  True False False False False False False False False  True  True
 False False False  True False False False  True False False False  True
 False False False  True False False False False False False False False
 False False False False False  True  True False False  True  True False
 False False  True False False False False False False False False False
 False False False False False False False]","[0.4, 0.6, 0.0]","[1.04879987536743, 0.16730335606762126]",0,False,False
111,94.0,750.0,0.0,1,1,0,"[False False False False False  True False False False False False False
 False False False False False False False  True False False False  True
  True False False False  True False False False  True  True False False
  True  True False False False False False False False False False False
 False False False False False  True False False False False False False
 False False False False False False False]","[False False False False False False False False False False False False
 False False False False False False False False False False False False
 False False False False False False False False False False False False
 False False False False False  True False False False False False False
 False False False False False False False False False  True False False
 False False False False False False False]","[0.4, 0.6, 0.0]","[1.04879987536743, 0.16730335606762126]",0,False,False
112,95.0,3000.0,0.0,-1,-1,0,"[False False False False False False False False False False False False
 False False False False False False False False False False False False
 False False False False False False False False False False False False
 False False False False False False False False False False False False
 False False False False False False False False False False False False
 False False False False False False False]","[ True False False False False False False False False  True False False
 False  True  True False False False False False False False False  True
 False False False  True False False False False  True False False False
 False  True  True False False False  True False False False False False
  True  True False False False  True False False False False False False
 False False False False False False False]","[0.44, 0.56, 0.0]","[1.2091694501633, 0.3600244797379033]",0,False,False
113,96.0,3000.0,0.0,-1,1,0,"[ True False False False False False False False False  True False False
 False False False False False False False False False False False False
 False False False False False False False False False False False False
 False False False False False False False False False False False False
 False False False False False False False False False False False False
 False False False False False False False]","[False False False False False False False False False False False False
 False False False False False False False False False False False False
 False False False False False False False False False False False False
 False False False False False False False False False False False False
 False False False False False False False False False False False False
 False False False False False False False]","[0.4, 0.6, 0.0]","[1.04879987536743, 0.5066938613135554]",0,False,False
114,96.0,3000.0,0.0,-1,-1,0,"[False False False False False False False False False False False False
 False False False False False False False False False False False False
 False False False False False False False False False False False False
 False False False False False False False False False False False False
 False False False False False False False False False False False False
 False False False False False False False]","[False  True  True False False False False  True False False False  True
 False False False  True False False False  True False False False False
 False False False False False False  True False False False  True False
 False False False False  True  True False False False False False False
 False False False False False False False False False False False False
 False False False False False False False]","[0.44, 0.56, 0.0]","[0.6975107308138484, 0.3600244797379033]",0,False,False
115,97.0,6000.0,0.0,-1,-1,0,"[False False False False False False False False False False False False
 False False False False False False False False False False False False
 False False False False False False False False False False False False
 False False False False False False False False False False False False
 False False False False False False False False False False False False
 False False False False False False False]","[False False  True False False False False  True False False False False
  True False False False  True False False False  True  True False False
  True  True False False False False False  True False False False  True
 False False False False False  True False False False  True False False
 False False  True False False False False  True  True False False  True
 False False False False False False False]","[0.4, 0.6, 0.0]","[0.5066936887499858, 0.5066938613135554]",0,False,False
116,98.0,6000.0,0.0,-1,-1,0,"[False False False False False False False False False False False False
 False False False False False False False False False False False False
 False False False False False False False False False False False False
 False False False False False False False False False False False False
 False False False False False False False False False False False False
 False False False False False False False]","[False False False False False False False False False  True False False
 False False  True False False False False  True False False False False
  True False False False  True False False False  True  True False False
 False  True False False False  True False False False False False  True
 False False False  True False False False False  True False False False
 False False False False False False False]","[0.4, 0.6, 0.0]","[0.5066936887499858, 0.5066938613135554]",0,False,False
117,99.0,750.0,0.0,1,1,0,"[False False False False  True False False False  True False False False
 False  True False False False  True  True False False False  True False
 False False  True False False False  True False False False False False
 False False False False False  True False False False False False False
 False  True False False False False False False False False False False
 False False False False False False False]","[False False False False False False False False False False False False
 False False False False False False False False False False False False
 False False False False False False False False False False False False
 False False False False False False False False False False False False
 False False False False False False False False False False False False
 False False False False False False False]","[0.4, 0.6, 0.0]","[0.5066936887499858, 0.5066938613135554]",0,False,False
118,100.0,750.0,0.0,1,-1,0,"[False False False False False False False False False False False False
 False False False False False False False False False False False False
 False False False False False False False False False False False False
 False False False False False False False False False False False False
 False False False False False False False False False False False False
 False False False False False False False]","[False False False False False False False  True False False False False
 False False False False  True False False False False False False False
 False False False False False False False False False False False False
 False False False False False False False False False False False False
 False False False False False False False False False False False False
 False False False False False False False]","[0.4, 0.6, 0.0]","[0.5066936887499858, 0.5066938613135554]",0,False,False
119,101.0,1500.0,0.0,1,1,0,"[False False  True False False False False  True False False False False
  True False False False  True False False False False False False False
 False  True False False False False False False False False False False
 False False False False False False False False  True False False False
  True False False False False False False False False False False False
 False False False False False False False]","[False False False False False False False False False False False False
 False False False False False False False False False False False False
 False False False False False  True False False False False False False
 False False  True False False False False False False False False False
 False False False False False False False False False False False False
 False False False False False False False]","[0.4, 0.6, 0.0]","[0.5066936887499858, 0.5066938613135554]",0,False,False
120,102.0,1500.0,0.0,1,-1,0,"[False False False False False False False False False False False False
 False False False False False False False False False False False False
 False False False False False False False False False False False False
 False False False False False False False False False False False False
 False False False False False False False False False False False False
 False False False False False False False]","[False False False  True False False False False False False False False
  True False False False False False False False False False False False
 False False False False False False False False False False False False
 False False False False False False False False False False False False
 False False False False False False False False False False False False
 False False False False False False False]","[0.44, 0.56, 0.0]","[0.6975107308138484, 0.7322121668315051]",0,False,False
121,103.0,3000.0,0.0,-1,-1,0,"[False False False False False False False False False False False False
 False False False False False False False False False False False False
 False False False False False False False False False False False False
 False False False False False False False False False False False False
 False False False False False False False False False False False False
 False False False False False False False]","[False False False  True False False False False  True False False False
 False  True False False False False False False False  True False False
 False False  True False False False  True False False False  True False
 False False False False  True False False False  True False False False
  True  True False False False False  True  True False False False False
  True False False False False False False]","[0.4, 0.6, 0.0]","[0.5066936887499858, 0.5066938613135554]",0,False,False
122,104.0,1500.0,0.0,1,-1,0,"[False False False False False False False False False False False False
 False False False False False False False False False False False False
 False False False False False False False False False False False False
 False False False False False False False False False False False False
 False False False False False False False False False False False False
 False False False False False False False]","[False False False False False False False False False  True False False
 False False False False False False  True False False False False False
 False False False False False False False False False False False False
 False False False False False False False False False False False False
 False False False False False False False False False False False False
 False False False False False False False]","[0.4, 0.6, 0.0]","[0.5066936887499858, 0.8614539877232001]",0,False,False
123,105.0,3000.0,0.0,-1,-1,0,"[False False False False False False False False False False False False
 False False False False False False False False False False False False
 False False False False False False False False False False False False
 False False False False False False False False False False False False
 False False False False False False False False False False False False
 False False False False False False False]","[False False False False  True False False False  True False False False
 False  True False False False  True False False False False  True False
 False False  True False False False  True False False False False False
  True False False False False False  True False False False False  True
 False False False False False False False False False False False False
 False False False False False False False]","[0.4, 0.6, 0.0]","[0.5066936887499858, 0.8614539877232001]",0,False,False
124,106.0,6000.0,0.0,-1,1,0,"[False False False False False False False False False False False False
 False False False  True False False False False False False False False
  True False False False False False False False False False False False
 False False False False False False False False False False False False
 False False False False False False False False False False False False
 False False False False False False False]","[False False False False False False False False False False False False
 False False False False False False False False False False False False
 False False False False False False False False False False False False
 False False False False False False False False False False False False
 False False False False False False False False False False False False
 False False False False False False False]","[0.36, 0.64, 0.0]","[0.8614535802617546, 0.9775521605649683]",0,False,False
125,107.0,750.0,0.0,1,-1,0,"[False False False False False False False False False False False False
 False False False False False False False False False False False False
 False False False False False False False False False False False False
 False False False False False False False False False False False False
 False False False False False False False False False False False False
 False False False False False False False]","[False False False False False False False False False False  True False
 False False False  True False False False False False False False False
 False False False False False False False False False False False False
 False False False False False False False False False False False False
 False False False False False False False False False False False False
 False False False False False False False]","[0.4, 0.6, 0.0]","[0.5066936887499858, 0.8614539877232001]",0,False,False
126,107.0,750.0,0.0,1,1,0,"[False False False False False False False False False False False False
 False  True False False False  True False False False False  True False
 False False  True  True False False False  True False False False  True
 False False False False False False False False False False  True False
 False False False False False False False False False False False False
 False False False False False False False]","[False False False False False False False False False False False False
 False False False False False False False False False False False False
 False False False False False False False  True False False False  True
 False False False  True False False False False False False False False
 False  True False False False False False False False False False False
 False False False False False False False]","[0.36, 0.64, 0.0]","[0.2794202853486787, 0.6372783160801316]",0,False,False
127,108.0,3000.0,0.0,-1,-1,0,"[False False False False False False False False False False False False
 False False False False False False False False False False False False
 False False False False False False False False False False False False
 False False False False False False False False False False False False
 False False False False False False False False False False False False
 False False False False False False False]","[False False  True False False False  True False False False False  True
 False False False  True False False False False  True False False False
  True False False False False False False False False False  True False
 False False  True False False False  True  True False False False False
 False False False False False False False False False False False False
 False False False False False False False]","[0.4, 0.6, 0.0]","[0.5066936887499858, 0.5066938613135554]",0,False,False
128,109.0,6000.0,0.0,-1,-1,0,"[False False False False False False False False False False False False
 False False False False False False False False False False False False
 False False False False False False False False False False False False
 False False False False False False False False False False False False
 False False False False False False False False False False False False
 False False False False False False False]","[False False False False False False False False  True  True False False
 False  True False False False  True False False False False  True False
 False False  True False False False False  True False False  True False
 False False False False False False False False False False False False
 False False  True False False False False  True  True False False False
 False False False False False False False]","[0.4, 0.6, 0.0]","[0.5066936887499858, 0.5066938613135554]",0,False,False
129,110.0,1500.0,0.0,1,1,0,"[False False False False False False  True False False False False  True
 False False False False  True False False False  True False False False
 False  True False False False False False False False False  True False
 False False False False False False False False  True False False False
 False False False False False False False False False False False False
 False False False False False False False]","[False False False False False False False False False False False False
 False False False False False False False False False False False False
 False False False False False False False False False False False False
 False False False False False False False False False False False False
 False False False False False False False False False False False False
 False False False False False False False]","[0.36, 0.64, 0.0]","[0.8614535802617546, 0.6372783160801316]",0,False,False
130,111.0,750.0,0.0,1,1,0,"[False False False False False False False False False False False False
 False False  True False False False False  True False False False False
  True False False False  True False False False  True  True False False
 False  True False False False  True False False False False  True False
 False False False False False False False False  True False False False
 False False False False False False False]","[False False False False False False False False False False False False
 False False False False False False False False False False False False
 False False False False False False False False False False False False
  True  True False False False False False False False False False False
 False False False False False False False False False False False False
 False False False False False False False]","[0.4, 0.6, 0.0]","[1.04879987536743, 0.8614539877232001]",0,False,False
131,112.0,1500.0,0.0,1,-1,0,"[False False False False False False False False False False False False
 False False False False False False False False False False False False
 False False False False False False False False False False False False
 False False False False False False False False False False False False
 False False False False False False False False False False False False
 False False False False False False False]","[False False False  True  True False False False False False False False
 False False False False False False False False False False False False
 False False False False False False False False False False False False
 False False False False False False False False False False False False
 False False False False False False False False False False False False
 False False False False False False False]","[0.4, 0.6, 0.0]","[1.04879987536743, 0.8614539877232001]",0,False,False
132,113.0,1500.0,0.0,1,-1,0,"[False False False False False False False False False False False False
 False False False False False False False False False False False False
 False False False False False False False False False False False False
 False False False False False False False False False False False False
 False False False False False False False False False False False False
 False False False False False False False]","[False  True False False False False False False False  True False False
 False False False False False False False False False False False False
 False False False False False False False False False False False False
 False False False False False False False False False False False False
 False False False False False False False False False False False False
 False False False False False False False]","[0.36, 0.64, 0.0]","[0.8614535802617546, 0.6372783160801316]",0,False,False
133,114.0,750.0,0.0,1,1,0,"[ True False False False False  True False False False  True  True False
 False False  True False False False False False False False False  True
 False False False False False False False  True False False False False
 False False False False False False False False False False False False
 False False False False False False False False False False False False
 False False False False False False False]","[False False False False False False False False False False False False
 False False False False False False False False False False False False
 False False False  True False False False False False False False False
 False False False False False False False False False False False False
 False False False False False False False False False False False False
 False False False False False False False]","[0.36, 0.64, 0.0]","[0.8614535802617546, 0.31462117104709175]",0,False,False
134,115.0,750.0,0.0,1,1,0,"[False False False False False False  True False False False  True False
 False False False False False False False False  True False False False
  True False False False  True False False False False  True False False
 False False False False False False False  True False False False False
 False False False False False False False False False False False False
 False False False False False False False]","[False False False False False False False False False False False False
 False False False False False False False False False False False False
 False False False False  True False False False False False False False
 False False False False False False False False False False False False
 False False False False False False False False False False False False
 False False False False False False False]","[0.36, 0.64, 0.0]","[1.5294172755398876, 0.31462117104709175]",0,False,False
135,116.0,6000.0,0.0,-1,-1,0,"[False False False False False False False False False False False False
 False False False False False False False False False False False False
 False False False False False False False False False False False False
 False False False False False False False False False False False False
 False False False False False False False False False False False False
 False False False False False False False]","[False False False False False False False False False False  True False
 False False  True False False False False  True False False False False
  True False False False  True False False False False False False False
 False False False False False  True False False False  True False False
 False False False False False False False False False False False False
 False False False False False False False]","[0.4, 0.6, 0.0]","[1.6832403249694212, 0.5066938613135554]",0,False,False
136,117.0,6000.0,0.0,-1,-1,0,"[False False False False False False False False False False False False
 False False False False False False False False False False False False
 False False False False False False False False False False False False
 False False False False False False False False False False False False
 False False False False False False False False False False False False
 False False False False False False False]","[False  True False False False False False False False False False  True
 False False False  True  True False False False False False False False
  True False False False False  True False False False  True False False
 False  True False False False False  True False False False False  True
  True False False False  True False False False False False False False
 False False False False False False False]","[0.4, 0.6, 0.0]","[1.6832403249694212, 0.5066938613135554]",0,False,False
137,118.0,6000.0,0.0,-1,-1,0,"[False False False False False False False False False False False False
 False False False False False False False False False False False False
 False False False False False False False False False False False False
 False False False False False False False False False False False False
 False False False False False False False False False False False False
 False False False False False False False]","[False False False False False False  True False False False False  True
 False False False False False False False False  True False False False
 False  True False False False False False False False  True False False
 False  True False False False  True False False False False False  True
 False False False  True  True False False False False False False False
 False False False False False False False]","[0.36, 0.64, 0.0]","[1.5294172755398876, 0.6372783160801316]",0,False,False
138,119.0,1500.0,0.0,1,1,0,"[False False False False False  True False False False False  True False
 False False  True  True False False False  True False False False  True
 False False False False  True False False False False False False False
 False  True False False False False False False False False False False
 False False False False False False False False False False False False
 False False False False False False False]","[False False False False False False False False False False False False
 False False False False False False False False False False False False
 False False False False  True False False False  True False False False
 False False False False False False False False False False False False
 False False False False False False False False False False False False
 False False False False False False False]","[0.36, 0.64, 0.0]","[1.5294172755398876, 0.6372783160801316]",0,False,False
139,120.0,3000.0,0.0,-1,1,0,"[False False False False  True False False False  True False False False
 False False False False False False False False False False False False
 False False False False False False False False False False False False
 False False False False False False False False False False False False
 False False False False False False False False False False False False
 False False False False False False False]","[False False False False False False False False False False False False
 False False False False False False False False False False False False
 False False False False False False False False False False False False
 False False False False False False False False False False False False
 False False False False False False False False False False False False
 False False False False False False False]","[0.36, 0.64, 0.0]","[2.4412761378064363, 0.6372783160801316]",0,False,False
140,120.0,3000.0,0.0,-1,-1,0,"[False False False False False False False False False False False False
 False False False False False False False False False False False False
 False False False False False False False False False False False False
 False False False False False False False False False False False False
 False False False False False False False False False False False False
 False False False False False False False]","[False False False False False False False False  True  True False False
 False False False False False False False False False False  True False
 False False  True False False False  True False False False  True False
 False False  True False False False False False  True False False False
  True False False False False False False False False False False False
 False False False False False False False]","[0.4, 0.6, 0.0]","[1.6832403249694212, 0.5066938613135554]",0,False,False
141,121.0,6000.0,0.0,-1,1,0,"[False False False False False False False False False False False False
  True False False False  True False False False False False False False
 False False False False False False False False False False False False
 False False False False False False False False False False False False
 False False False False False False False False False False False False
 False False False False False False False]","[False False False False False False False False False False False False
 False False False False False False False False False False False False
 False False False False False False False False False False False False
 False False False False False False False False False False False False
 False False False False False False False False False False False False
 False False False False False False False]","[0.4, 0.6, 0.0]","[1.6832403249694212, 0.5066938613135554]",0,False,False
142,122.0,750.0,0.0,1,-1,0,"[False False False False False False False False False False False False
 False False False False False False False False False False False False
 False False False False False False False False False False False False
 False False False False False False False False False False False False
 False False False False False False False False False False False False
 False False False False False False False]","[False False False False False  True False False False False False False
 False False  True False False False False False False False False False
 False False False False False False False False False False False False
 False False False False False False False False False False False False
 False False False False False False False False False False False False
 False False False False False False False]","[0.44, 0.56, 0.0]","[1.2091694501633, 0.3600244797379033]",0,False,False
143,122.0,750.0,0.0,1,1,0,"[False False False False False False  True False False False  True False
 False False False  True False False False  True False False False  True
 False False False False False False False False  True False False False
  True False False False False False False False False False False False
 False False False False False False False False False False False False
 False False False False False False False]","[False False False False False False False False False False False False
 False False False False False False False False False False False False
 False False False False False False False False False False False False
  True False False False False False False False False False False False
 False False False False False False False False False False False False
 False False False False False False False]","[0.4, 0.6, 0.0]","[1.04879987536743, 0.16730335606762126]",0,False,False
144,123.0,750.0,0.0,1,0,0,"[False False False False False False False False False False False False
 False False False False False False False False False False False False
 False False False False False False False False False False False False
 False False False False False False False False False False False False
 False False False False False False False False False False False False
 False False False False False False False]","[False False False False False False False False False False False False
 False False False False False False False False False False False False
 False False False False False False False False False False False False
 False False False False False False False False False False False False
 False False False False False False False False False False False False
 False False False False False False False]","[0.44, 0.56, 0.0]","[1.2091694501633, 0.3600244797379033]",0,False,False
145,124.0,3000.0,0.0,-1,1,0,"[False False False False False False False  True False False False False
 False False False False  True False False False False False False False
 False False False False False False False False False False False False
 False False False False False False False False False False False False
 False False False False False False False False False False False False
 False False False False False False False]","[False False False False False False False False False False False False
 False False False False False False False False False False False False
 False False False False False False False False False False False False
 False False False False False False False False False False False False
 False False False False False False False False False False False False
 False False False False False False False]","[0.4, 0.56, 0.04]","[1.04879987536743, 0.3600244797379033]",0,False,False
146,125.0,3000.0,0.0,-1,-1,0,"[False False False False False False False False False False False False
 False False False False False False False False False False False False
 False False False False False False False False False False False False
 False False False False False False False False False False False False
 False False False False False False False False False False False False
 False False False False False False False]","[False False False False False False False False False False False False
 False False False False False False False False False False  True False
 False False False  True False False False False  True False False False
  True False False False  True False False False False False False False
 False  True False False False False False False False False  True  True
 False False False False False False False]","[0.44, 0.52, 0.04]","[0.6975107308138484, 0.5867619998972957]",0,False,False
147,126.0,1500.0,0.0,1,1,0,"[False False False False False  True False False False  True False False
 False False  True False False False  True False False False  True False
 False False False False False False False  True False False False False
 False False False False False False False False False  True False False
 False False False False False False False False False False False False
 False False False False False False False]","[False False False False False False False False False False False False
 False False False False False False False False False False False False
 False False False False False False False False False False False False
 False False False False False False False False False False False False
 False False False False False False False False False False False False
 False False False False False False False]","[0.44, 0.52, 0.04]","[0.6975107308138484, 0.5867619998972957]",0,False,False
148,127.0,3000.0,0.0,-1,1,0,"[False False False False False  True False False False  True False False
 False False False False False False False False False False False False
 False False False False False False False False False False False False
 False False False False False False False False False False False False
 False False False False False False False False False False False False
 False False False False False False False]","[False False False False False False False False False False False False
 False False False False False False False False False False False False
 False False False False False False False False False False False False
 False False False False False False False False False False False False
 False False False False False False False False False False False False
 False False False False False False False]","[0.48, 0.48, 0.04]","[0.8614538349250738, 0.8614538349250738]",0,False,False
149,127.0,3000.0,0.0,-1,-1,0,"[False False False False False False False False False False False False
 False False False False False False False False False False False False
 False False False False False False False False False False False False
 False False False False False False False False False False False False
 False False False False False False False False False False False False
 False False False False False False False]","[False False False False  True False False False False  True False False
  True  True False False False  True False False False False False False
 False False  True False False False  True False False False  True False
 False False False  True  True False False False  True False False False
 False False False False False False False False False False False False
 False False False False False False False]","[0.52, 0.44, 0.04]","[0.5867619998972957, 0.6975107308138484]",0,False,False
150,128.0,3000.0,0.0,-1,-1,0,"[False False False False False False False False False False False False
 False False False False False False False False False False False False
 False False False False False False False False False False False False
 False False False False False False False False False False False False
 False False False False False False False False False False False False
 False False False False False False False]","[False False  True False False False False False False False False False
 False False False False  True False False False False  True False False
 False  True False False False  True False False False False  True False
 False False False False False False False False  True False False False
  True False False False  True False False False False False  True False
 False False False  True False False False]","[0.48, 0.48, 0.04]","[0.8614538349250738, 0.8614538349250738]",0,False,False
151,129.0,750.0,0.0,1,1,0,"[False False False False False False False False  True False False False
 False False False False  True False False False False  True  True False
 False False  True False False False  True False False False False False
 False False False False False False False False False False False False
 False  True False False False False False False False False False False
 False False False False False False False]","[False False False False False False False False False False False False
 False False False False False False False False False False False False
 False False False False False False False False False False  True False
 False False False False False False False False False False False False
 False False False False False False False False False False False False
 False False False False False False False]","[0.48, 0.48, 0.04]","[0.8614538349250738, 1.348978189813191]",0,False,False
152,130.0,6000.0,0.0,-1,-1,0,"[False False False False False False False False False False False False
 False False False False False False False False False False False False
 False False False False False False False False False False False False
 False False False False False False False False False False False False
 False False False False False False False False False False False False
 False False False False False False False]","[False False False False False False False False False False  True False
 False False  True False False False False False False False False  True
 False False False False False False False False  True False False False
  True False False False False False  True False False False False False
 False False False False False  True False False False False False False
 False False False False False False False]","[0.48, 0.48, 0.04]","[0.8614538349250738, 1.348978189813191]",0,False,False
153,131.0,750.0,0.0,1,1,0,"[False False False False False False False False False  True False False
 False  True False False False False False False False False  True  True
 False False False  True False False False False False False False  True
  True False False False False False False False False False  True False
 False False  True False False False False False False False False False
 False False False False False False False]","[False False False False False False False False False False False False
 False False False False False False False False False False False False
 False False False False False False False  True False False False False
 False False False  True False False False False False False False False
 False False False False False False False False False False False False
 False False False False False False False]","[0.48, 0.48, 0.04]","[0.8614538349250738, 1.348978189813191]",0,False,False
154,132.0,1500.0,0.0,1,1,0,"[False  True False False False False  True False False False False False
 False False False False False False False False  True False False False
  True False False False  True False False False False False False False
 False False False False False False False False False False False False
 False False False False False False False False False False False False
 False False False False False False False]","[False False False False False False False False False False False False
 False False False False False False False False False False False False
 False False False False False False False False  True False False False
 False False False False False False False False False False False False
 False False False False False False False False False False False False
 False False False False False False False]","[0.52, 0.44, 0.04]","[1.0048036057610192, 1.2091694501633]",0,False,False
155,133.0,3000.0,0.0,-1,0,0,"[False False False False False False False False False False False False
 False False False False False False False False False False False False
 False False False False False False False False False False False False
 False False False False False False False False False False False False
 False False False False False False False False False False False False
 False False False False False False False]","[False False False False False False False False False False False False
 False False False False False False False False False False False False
 False False False False False False False False False False False False
 False False False False False False False False False False False False
 False False False False False False False False False False False False
 False False False False False False False]","[0.52, 0.44, 0.04]","[1.0048036057610192, 1.2091694501633]",0,False,False
156,134.0,750.0,0.0,1,0,0,"[False False False False False False False False False False False False
 False False False False False False False False False False False False
 False False False False False False False False False False False False
 False False False False False False False False False False False False
 False False False False False False False False False False False False
 False False False False False False False]","[False False False False False False False False False False False False
 False False False False False False False False False False False False
 False False False False False False False False False False False False
 False False False False False False False False False False False False
 False False False False False False False False False False False False
 False False False False False False False]","[0.48, 0.44, 0.08]","[0.8614538349250738, 1.2091694501633]",0,False,False
157,135.0,1500.0,0.0,1,1,0,"[False False False False False False False False False False False False
 False False False False False False False False False False False False
 False False False False False False False False False False False False
 False False False False  True False False False  True False False False
 False  True False False False  True  True False False False False False
 False False False False False False  True]","[False False False False False False  True False False False False False
 False False False False False False False False False False False False
 False False False False False False False False False False False False
 False False False False False False False False False False False False
 False False False False False False False False False False False False
 False False False False False False False]","[0.48, 0.4, 0.12]","[0.8614538349250738, 1.6832403249694212]",0,False,False
158,136.0,6000.0,0.0,-1,0,0,"[False False False False False False False False False False False False
 False False False False False False False False False False False False
 False False False False False False False False False False False False
 False False False False False False False False False False False False
 False False False False False False False False False False False False
 False False False False False False False]","[False False False False False False False False False False False False
 False False False False False False False False False False False False
 False False False False False False False False False False False False
 False False False False False False False False False False False False
 False False False False False False False False False False False False
 False False False False False False False]","[0.52, 0.36, 0.12]","[1.0048036057610192, 2.4412761378064363]",0,False,False
159,137.0,3000.0,0.0,-1,0,0,"[False False False False False False False False False False False False
 False False False False False False False False False False False False
 False False False False False False False False False False False False
 False False False False False False False False False False False False
 False False False False False False False False False False False False
  True False False False False False False]","[False False False False False False False False False False False False
 False False False False False False False False False False False False
 False False False False False False False False False False False False
 False False False False False False False False False False False False
 False False False False False False False False False False False False
 False False False False False False False]","[0.48, 0.36, 0.16]","[0.8614538349250738, 2.4412761378064363]",0,False,False
160,138.0,6000.0,0.0,-1,0,0,"[False False False False False False False False False False False False
 False False False False False False False False False False False False
 False False False False False False False False False False False False
 False False False False False False False False False False False False
 False False False False False False False False False False False False
 False False False False False False False]","[False False False False False False False False False False False False
 False False False False False False False False False False False False
 False False False False False False False False False False False False
 False False False False False False False False False False False False
 False False False False False False False False False False False False
 False False False False False False False]","[0.44, 0.36, 0.2]","[0.6975107308138484, 2.4412761378064363]",0,False,False
161,139.0,1500.0,0.0,1,0,0,"[False False False False False False False False False False False False
 False False False False False False False False False False False False
 False False False False False False False False False False False False
 False False False False False False False False False False False False
 False False False False False False False False False False False False
 False False False False False False False]","[False False False False False False False False False False False False
 False False False False False False False False False False False False
 False False False False False False False False False False False False
 False False False False False False False False False False False False
 False False False False False False False False False False False False
 False False False False False False False]","[0.44, 0.32, 0.24]","[0.6975107308138484, 2.300694208940575]",0,False,False
162,140.0,1500.0,0.0,1,0,0,"[False False False False False False False False False False False False
 False False False False False False False False False False False False
 False False False False False False False False False False False False
 False False False False False False False False False False False False
 False False False False False False False False False False False False
 False False False False False False False]","[False False False False False False False False False False False False
 False False False False False False False False False False False False
 False False False False False False False False False False False False
 False False False False False False False False False False False False
 False False False False False False False False False False False False
 False False False False False False False]","[0.44, 0.28, 0.28]","[0.6975107308138484, 2.135136527393951]",0,False,False
163,141.0,3000.0,0.0,-1,0,0,"[False False False False False False False False False False False False
 False False False False False False False False False False False False
 False False False False False False False False False False False False
 False False False False False False False False False False False False
 False False False False False False False False False False False False
 False False False False False False False]","[False False False False False False False False False False False False
 False False False False False False False False False False False False
 False False False False False False False False False False False False
 False False False False False False False False False False False False
 False False False False False False False False False False False False
 False False False False False False False]","[0.44, 0.24, 0.32]","[0.6975107308138484, 1.9348386864218154]",0,False,False
164,142.0,6000.0,0.0,-1,0,0,"[False False False False False False False False False False False False
 False False False False False False False False False False False False
 False False False False False False False False False False False False
 False False False False False False False False False False False False
 False False False False False False False False False False False False
 False False False False False False False]","[False False False False False False False False False False False False
 False False False False False False False False False False False False
 False False False False False False False False False False False False
 False False False False False False False False False False False False
 False False False False False False False False False False False False
 False False False False False False False]","[0.4, 0.24, 0.36]","[0.5066936887499858, 1.9348386864218154]",0,False,False
165,143.0,750.0,0.0,1,0,0,"[False False False False False False False False False False False False
 False False False False False False False False False False False False
 False False False False False False False False False False False False
 False False False False False False False False False False False False
 False False False False False False False False False False False False
 False False False False False False False]","[False False False False False False False False False False False False
 False False False False False False False False False False False False
 False False False False False False False False False False False False
 False False False False False False False False False False False False
 False False False False False False False False False False False False
 False False False False False False False]","[0.36, 0.24, 0.4]","[0.8614535802617546, 1.9348386864218154]",0,False,False
166,143.0,750.0,0.0,1,0,0,"[False False False False False False False False False False False False
 False False False False False False False False False False False False
 False False False False False False False False False False False False
 False False False False False False False False False False False False
 False False False False False False False False False False False False
 False False False False False False False]","[False False False False False False False False False False False False
 False False False False False False False False False False False False
 False False False False False False False False False False False False
 False False False False False False False False False False False False
 False False False False False False False False False False False False
 False False False False False False False]","[0.36, 0.2, 0.44]","[0.8614535802617546, 1.6832381817308146]",0,False,False
167,143.0,750.0,0.0,1,0,0,"[False False False False False False False False False False False False
 False False False False False False False False False False False False
 False False False False False False False False False False False False
 False False False False False False False False False False False False
 False False False False False False False False False False False False
 False False False False False False False]","[False False False False False False False False False False False False
 False False False False False False False False False False False False
 False False False False False False False False False False False False
 False False False False False False False False False False False False
 False False False False False False False False False False False False
 False False False False False False False]","[0.32, 0.2, 0.48]","[1.348977534191646, 1.6832381817308146]",0,False,False
168,144.0,750.0,0.0,1,0,0,"[False False False False False False False False False False False False
 False False False False False False False False False False False False
 False False False False False False False False False False False False
 False False False False False False False False False False False False
 False False False False False False False False False False False False
 False False False False False False False]","[False False False False False False False False False False False False
 False False False False False False False False False False False False
 False False False False False False False False False False False False
 False False False False False False False False False False False False
 False False False False False False False False False False False False
 False False False False False False False]","[0.32, 0.16, 0.52]","[1.348977534191646, nan]",0,False,False
169,145.0,750.0,0.0,1,0,0,"[False False False False False False False False False False False False
 False False False False False False False False False False False False
 False False False False False False False False False False False False
 False False False False False False False False False False False False
 False False False False False False False False False False False False
 False False False False False False False]","[False False False False False False False False False False False False
 False False False False False False False False False False False False
 False False False False False False False False False False False False
 False False False False False False False False False False False False
 False False False False False False False False False False False False
 False False False False False False False]","[0.28, 0.16, 0.56]","[1.1318958430703367, nan]",0,False,False
170,146.0,6000.0,0.0,-1,0,0,"[False False False False False False False False False False False False
 False False False False False False False False False False False False
 False False False False False False False False False False False False
 False False False False False False False False False False False False
 False False False False False False False False False False False False
 False False False False False False False]","[False False False False False False False False False False False False
 False False False False False False False False False False False False
 False False False False False False False False False False False False
 False False False False False False False False False False False False
 False False False False False False False False False False False False
 False False False False False False False]","[0.28, 0.16, 0.56]","[1.1318958430703367, nan]",0,False,False
171,147.0,3000.0,0.0,-1,0,0,"[False False False False False False False False False False False False
 False False False False False False False False False False False False
 False False False False False False False False False False False False
 False False False False False False False False False False False False
 False False False False False False False False False False False False
 False False False False False False False]","[False False False False False False False False False False False False
 False False False False False False False False False False False False
 False False False False False False False False False False False False
 False False False False False False False False False False False False
 False False False False False False False False False False False False
 False False False False False False False]","[0.24, 0.16, 0.6]","[1.9348386864218154, nan]",0,False,False
172,147.0,3000.0,0.0,-1,0,0,"[False False False False False False False False False False False False
 False False False False False False False False False False False False
 False False False False False False False False False False False False
 False False False False False False False False False False False False
 False False False False False False False False False False False False
 False False False False False False False]","[False False False False False False False False False False False False
 False False False False False False False False False False False False
 False False False False False False False False False False False False
 False False False False False False False False False False False False
 False False False False False False False False False False False False
 False False False False False False False]","[0.24, 0.12, 0.64]","[1.9348386864218154, nan]",0,False,False
173,148.0,6000.0,0.0,-1,0,0,"[False False False False False False False False False False False False
 False False False False False False False False False False False False
 False False False False False False False False False False False False
 False False False False False False False False False False False False
 False False False False False False False False False False False False
 False False False False False False False]","[False False False False False False False False False False False False
 False False False False False False False False False False False False
 False False False False False False False False False False False False
 False False False False False False False False False False False False
 False False False False False False False False False False False False
 False False False False False False False]","[0.2, 0.12, 0.68]","[1.6832381817308146, nan]",0,False,False
174,149.0,1500.0,0.0,1,0,0,"[False False False False False False False False False False False False
 False False False False False False False False False False False False
 False False False False False False False False False False False False
 False False False False False False False False False False False False
 False False False False False False False False False False False False
 False False False False False False False]","[False False False False False False False False False False False False
 False False False False False False False False False False False False
 False False False False False False False False False False False False
 False False False False False False False False False False False False
 False False False False False False False False False False False False
 False False False False False False False]","[0.16, 0.12, 0.72]","[nan, nan]",0,False,False
175,150.0,1500.0,0.0,1,0,0,"[False False False False False False False False False False False False
 False False False False False False False False False False False False
 False False False False False False False False False False False False
 False False False False False False False False False False False False
 False False False False False False False False False False False False
 False False False False False False False]","[False False False False False False False False False False False False
 False False False False False False False False False False False False
 False False False False False False False False False False False False
 False False False False False False False False False False False False
 False False False False False False False False False False False False
 False False False False False False False]","[0.16, 0.08, 0.76]","[nan, nan]",0,False,False
176,151.0,750.0,0.0,1,0,0,"[False False False False False False False False False False False False
 False False False False False False False False False False False False
 False False False False False False False False False False False False
 False False False False False False False False False False False False
 False False False False False False False False False False False False
 False False False False False False False]","[False False False False False False False False False False False False
 False False False False False False False False False False False False
 False False False False False False False False False False False False
 False False False False False False False False False False False False
 False False False False False False False False False False False False
 False False False False False False False]","[0.16, 0.04, 0.8]","[nan, nan]",0,False,False
177,151.0,750.0,0.0,1,0,0,"[False False False False False False False False False False False False
 False False False False False False False False False False False False
 False False False False False False False False False False False False
 False False False False False False False False False False False False
 False False False False False False False False False False False False
 False False False False False False False]","[False False False False False False False False False False False False
 False False False False False False False False False False False False
 False False False False False False False False False False False False
 False False False False False False False False False False False False
 False False False False False False False False False False False False
 False False False False False False False]","[0.12, 0.04, 0.84]","[nan, nan]",0,False,False
178,152.0,1500.0,0.0,1,0,0,"[False False False False False False False False False False False False
 False False False False False False False False False False False False
 False False False False False False False False False False False False
 False False False False False False False False False False False False
 False False False False False False False False False False False False
 False False False False False False False]","[False False False False False False False False False False False False
 False False False False False False False False False False False False
 False False False False False False False False False False False False
 False False False False False False False False False False False False
 False False False False False False False False False False False False
 False False False False False False False]","[0.12, 0.0, 0.88]","[nan, 0.0]",0,False,False
179,153.0,3000.0,0.0,-1,0,0,"[False False False False False False False False False False False False
 False False False False False False False False False False False False
 False False False False False False False False False False False False
 False False False False False False False False False False False False
 False False False False False False False False False False False False
 False False False False False False False]","[False False False False False False False False False False False False
 False False False False False False False False False False False False
 False False False False False False False False False False False False
 False False False False False False False False False False False False
 False False False False False False False False False False False False
 False False False False False False False]","[0.08, 0.0, 0.92]","[nan, 0.0]",0,False,False
180,154.0,6000.0,0.0,-1,0,0,"[False False False False False False False False False False False False
 False False False False False False False False False False False False
 False False False False False False False False False False False False
 False False False False False False False False False False False False
 False False False False False False False False False False False False
 False False False False False False False]","[False False False False False False False False False False False False
 False False False False False False False False False False False False
 False False False False False False False False False False False False
 False False False False False False False False False False False False
 False False False False False False False False False False False False
 False False False False False False False]","[0.04, 0.0, 0.96]","[nan, 0.0]",0,False,False
181,155.0,3000.0,0.0,-1,0,0,"[False False False False False False False False False False False False
 False False False False False False False False False False False False
 False False False False False False False False False False False False
 False False False False False False False False False False False False
 False False False False False False False False False False False False
 False False False False False False False]","[False False False False False False False False False False False False
 False False False False False False False False False False False False
 False False False False False False False False False False False False
 False False False False False False False False False False False False
 False False False False False False False False False False False False
 False False False False False False False]","[0.04, 0.0, 0.96]","[nan, 0.0]",0,False,False
182,155.0,3000.0,0.0,-1,0,0,"[False False False False False False False False False False False False
 False False False False False False False False False False False False
 False False False False False False False False False False False False
 False False False False False False False False False False False False
 False False False False False False False False False False False False
 False False False False False False False]","[False False False False False False False False False False False False
 False False False False False False False False False False False False
 False False False False False False False False False False False False
 False False False False False False False False False False False False
 False False False False False False False False False False False False
 False False False False False False False]","[0.04, 0.0, 0.96]","[nan, 0.0]",0,False,False
183,156.0,6000.0,0.0,-1,0,0,"[False False False False False False False False False False False False
 False False False False False False False False False False False False
 False False False False False False False False False False False False
 False False False False False False False False False False False False
 False False False False False False False False False False False False
 False False False False False False False]","[False False False False False False False False False False False False
 False False False False False False False False False False False False
 False False False False False False False False False False False False
 False False False False False False False False False False False False
 False False False False False False False False False False False False
 False False False False False False False]","[0.0, 0.0, 1.0]","[0.0, 0.0]",0,False,False
