,Trial index,Stim frequency,Stim AM rate,Category,Response,Task,Right licks,Left licks,Choice rate,dprimes,Timeline events,Flagged,Easy
0,0.0,1500.0,0.0,1,-1,0,"[False False False False False False False False False False False False
 False False False False False False False False False False False False
 False False False False False False False False False False False False
 False False False False False False False False False False False False
 False False False False False False False False False False False False
 False False False False False False False]","[ True False False False  True False False False False False False False
 False False False False False False False False False False False False
 False False False False False False False False False False False False
 False False False False False False False False False False False False
 False False False False False False False False False False False False
 False False False False False False False]","[0, 0, 0]","[0, 0]",0,False,False
1,0.0,1500.0,0.0,1,1,0,"[False False False False False False False False False False False False
 False False False False False False False False False False False False
 False False False False False False False False False False False False
 False False  True  True False False False False False False False False
 False False False  True False False False False False False False  True
 False False False False False False False]","[False False False False False False False False False False False False
 False False False False False False False False False False False False
 False False False False False False False False False False False False
 False False False False False False False False False False False False
 False False False False False False False False False False False False
 False False False False False False False]","[0.0, 1.0, 0.0]","[0.0, nan]",0,False,True
2,1.0,3000.0,0.0,-1,0,0,"[False False False False False False False False False False False False
 False False False False False False False False False False False False
 False False False False False False False False False False False False
 False False False False False False False False False False False False
 False False False False False False False False False False False False
 False False False False False False False]","[False False False False False False False False False False False False
 False False False False False False False False False False False False
 False False False False False False False False False False False False
 False False False False False False False False False False False False
 False False False False False False False False False False False False
 False False False False False False False]","[0.5, 0.5, 0.0]","[nan, nan]",0,False,True
3,2.0,1500.0,0.0,1,1,0,"[False False False False  True  True False False False False  True False
 False False  True False False False False False False False  True False
 False False False False False False False False False False False False
  True False False False False False  True False False  True  True False
 False False False False  True False False False False False False False
 False False False False False False False]","[False False False False False False False False False False False False
 False False False False False False False False False False False False
 False False False False False False False False False False False False
 False False False False False False False False False False False False
 False False False False False False False False False False False False
 False False False False False False False]","[0.3333333333333333, 0.3333333333333333, 0.3333333333333333]","[nan, nan]",0,False,True
4,3.0,3000.0,0.0,-1,-1,0,"[False False False False False False False False False False False False
 False False False False False False False False False False False False
 False False False False False False False False False False False False
 False False False False False False False False False False False False
 False False False False False False False False False False False False
 False False False False False False False]","[False  True False False False False False False False False False  True
 False False False False False False False False  True False False False
  True False False False False  True False False False False False  True
 False False False False False False False False False False False False
  True False False False False False  True False False False False False
 False False False False False False False]","[0.5, 0.25, 0.25]","[nan, nan]",0,False,True
5,4.0,6000.0,0.0,-1,-1,0,"[False False False False False False False False False False False False
 False False False False False False False False False False False False
 False False False False False False False False False False False False
 False False False False False False False False False False False False
 False False False False False False False False False False False False
 False False False False False False False]","[False False False False False False False False False False  True False
 False False False  True False False False False  True False False False
 False False False False  True  True False False  True  True False False
 False  True False False False False False  True False False False False
  True  True False False False  True False False False False False False
 False False False False False False False]","[0.4, 0.4, 0.2]","[nan, 0.0]",0,False,True
6,5.0,750.0,0.0,1,1,0,"[False  True False False False False False False False False  True False
 False False False False False False False False  True False False  True
 False False False False  True False False False False False  True False
 False  True False False False False False False False False False False
 False False False False False False False False False False False False
 False False False False False False False]","[False False False False False False False False False False False False
 False False False False False False False False False False False False
 False False False False False False False False False False False False
 False False False False False False False False False False False False
 False False False False False False False False False False False False
 False False False False False False False]","[0.3333333333333333, 0.5, 0.16666666666666666]","[nan, 0.8614515429653226]",0,False,True
7,6.0,6000.0,0.0,-1,0,0,"[False False False False False False False False False False False False
 False False False False False False False False False False False False
 False False False False False False False False False False False False
 False False False False False False False False False False False False
 False False False False False False False False False False False False
 False False False False False False False]","[False False False False False False False False False False False False
 False False False False False False False False False False False False
 False False False False False False False False False False False False
 False False False False False False False False False False False False
 False False False False False False False False False False False False
 False False False False False False False]","[0.42857142857142855, 0.42857142857142855, 0.14285714285714285]","[nan, 0.8614515429653226]",0,False,True
8,6.0,6000.0,0.0,-1,-1,0,"[False False False False False False False False False False False False
 False False False False False False False False False False False False
 False False False False False False False False False False False False
 False False False False False False False False False False False False
 False False False False False False False False False False False False
 False False False False False False False]","[False False False False False False False False False False False False
 False False False False False False False False False False False False
 False False False False False False False False False False False False
 False  True False False False False  True  True False False False False
 False False False False  True False False False  True False False False
 False False False False False False False]","[0.375, 0.375, 0.25]","[nan, 0.8614515429653226]",0,False,True
9,7.0,6000.0,0.0,-1,-1,0,"[False False False False False False False False False False False False
 False False False False False False False False False False False False
 False False False False False False False False False False False False
 False False False False False False False False False False False False
 False False False False False False False False False False False False
 False False False False False False False]","[False False False False False False  True False False False  True False
 False False False False  True False False False False False False False
 False False False False  True False False False  True  True False False
 False False  True False False False False  True  True False False False
 False False False False False False False False False False False False
 False False False False False False False]","[0.3333333333333333, 0.4444444444444444, 0.2222222222222222]","[nan, 1.3489755673346382]",0,False,True
10,8.0,6000.0,0.0,-1,-1,0,"[False False False False False False False False False False False False
 False False False False False False False False False False False False
 False False False False False False False False False False False False
 False False False False False False False False False False False False
 False False False False False False False False False False False False
 False False False False False False False]","[False False  True False False False False False False False False False
 False False False False False  True  True False False False False  True
 False False False False False False False  True False False False False
 False False False False False False  True False False False False False
 False False False False  True False False False False False False False
 False False False  True False False False]","[0.3, 0.5, 0.2]","[nan, 1.6832381817308146]",0,False,True
11,9.0,750.0,0.0,1,1,0,"[False False False False False False False False False False False False
 False False False False False False False False False False False False
 False False False False False False False False False False False False
 False False False False False False False False False False False False
 False False False False False False False False False False  True False
 False False  True False False False False]","[False False False False False False False False False False False False
 False False False False False False False False False False False False
 False False False False False False False False False False False False
 False False False False False False False False False False False False
 False False False False False False False False False False False False
 False False False False False False False]","[0.2727272727272727, 0.5454545454545454, 0.18181818181818182]","[nan, 1.9348386864218154]",0,False,True
12,10.0,1500.0,0.0,1,1,0,"[False False False False False False False False False False False False
 False False False False False False False False False False False False
 False False False False False False  True False False False  True False
 False False False False  True False False False  True False False False
  True False False False False False False False  True False False False
 False False False False False False False]","[False False False False False False False False False False False False
 False False False False False False False False False False False False
 False False False False False False False False False False False False
 False False False False False False False False False False False False
 False False False False False False False False False False False False
 False False False False False False False]","[0.3333333333333333, 0.5, 0.16666666666666666]","[nan, 1.9348386864218154]",0,False,True
13,11.0,3000.0,0.0,-1,-1,0,"[False False False False False False False False False False False False
 False False False False False False False False False False False False
 False False False False False False False False False False False False
 False False False False False False False False False False False False
 False False False False False False False False False False False False
 False False False False False False False]","[False False False False  True  True False False False  True  True False
 False False  True False False False  True False False False False False
 False False False  True False False False False False  True False False
 False False False False False False False False False False False False
 False False False False  True False False False  True False False False
 False False False False False False False]","[0.38461538461538464, 0.46153846153846156, 0.15384615384615385]","[nan, 1.9348386864218154]",0,False,True
14,12.0,3000.0,0.0,-1,-1,0,"[False False False False False False False False False False False False
 False False False False False False False False False False False False
 False False False False False False False False False False False False
 False False False False False False False False False False False False
 False False False False False False False False False False False False
 False False False False False False False]","[False False False  True  True False False False  True False False False
 False  True False False False  True False False False False  True False
 False False False False False False False False False False  True False
 False False False False False False False  True False False False False
 False  True False False False False False False False False False False
 False False False False False False False]","[0.35714285714285715, 0.5, 0.14285714285714285]","[nan, 2.135136527393951]",0,False,True
15,13.0,1500.0,0.0,1,1,0,"[False False  True False False False False False False False False False
 False False False False False False False False False False False False
 False  True  True False False False False False False False False  True
 False False False  True False False False False  True False False False
  True False False False False False  True False False False  True False
 False False False False False False False]","[False False False False False False False False False False False False
 False False False False False False False False False False False False
 False False False False False False False False False False False False
 False False False False False False False False False False False False
 False False False False False False False False False False False False
 False False False False False False False]","[0.3333333333333333, 0.5333333333333333, 0.13333333333333333]","[nan, 2.300694208940575]",0,False,True
16,14.0,750.0,0.0,1,1,0,"[False False False False  True False False False  True  True False False
 False False False False False False False False False False False  True
 False False False  True False False False  True False False False  True
 False False False False False False False False False False False False
 False False False False False False False False  True False False False
 False False False False False  True False]","[False False False False False False False False False False False False
 False False False False False False False False False False False False
 False False False False False False False False False False False False
 False False False False False False False False False False False False
 False False False False False False False False False False False False
 False False False False False False False]","[0.375, 0.5, 0.125]","[nan, 2.300694208940575]",0,False,True
17,15.0,750.0,0.0,1,1,0,"[False False False False  True False False False  True False False False
 False False False False False False  True False False False  True False
 False False  True False False False False False False False False  True
 False False False False False  True False False False False False False
 False False False False False False False False  True False False False
 False False False False False False False]","[False False False False False False False False False False False False
 False False False False False False False False False False False False
 False False False False False False False False False False False False
 False False False False False False False False False False False False
 False False False False False False False False False False False False
 False False False False False False False]","[0.4117647058823529, 0.47058823529411764, 0.11764705882352941]","[nan, 2.300694208940575]",0,False,True
18,16.0,3000.0,0.0,-1,0,0,"[False False False False False False False False False False False False
 False False False False False False False False False False False False
 False False False False False False False False False False False False
 False False False False False False False False False False False False
 False False False False False False False False False False False False
 False False False False False False False]","[False False False False False False False False False False False False
 False False False False False False False False False False False False
 False False False False False False False False False False False False
 False False False False False False False False False False False False
 False False False False False False False False False False False False
 False False False False False False False]","[0.4444444444444444, 0.4444444444444444, 0.1111111111111111]","[nan, 2.300694208940575]",0,False,True
19,17.0,3000.0,0.0,-1,-1,0,"[False False False False False False False False False False False False
 False False False False False False False False False False False False
 False False False False False False False False False False False False
 False False False False False False False False False False False False
 False False False False False False False False False False False False
 False False False False False False False]","[False False False False False False False  True False False False False
  True False False False False  True False False False  True False False
 False  True False False False  True False False False False False False
 False False  True False False False False False  True False False False
 False False False False False False  True False False False False False
 False False False False False False False]","[0.42105263157894735, 0.42105263157894735, 0.15789473684210525]","[nan, 2.300694208940575]",0,False,True
20,18.0,750.0,0.0,1,1,0,"[False False False  True  True False False False False False False False
  True False False False False  True False False  True  True False False
 False  True False False False False False  True False False False  True
 False False False False False  True  True False False  True False False
 False False  True False False False False False False False False False
 False False False False False False False]","[False False False False False False False False False False False False
 False False False False False False False False False False False False
 False False False False False False False  True False False False False
 False False False False False False False False False False False False
 False False False False False False False False False False False False
 False False False False False False False]","[0.4, 0.45, 0.15]","[nan, 2.4412761378064363]",0,False,False
21,19.0,3000.0,0.0,-1,1,0,"[False False False  True  True False False False False False False False
 False False False False False False False False False False False False
 False False False False False False False False False False False False
 False False False False False False False False False False False False
 False False False False False False False False False False False False
 False False False False False False False]","[False False False False False False False False False False False False
 False False False False False False False False False False False False
 False False False False False False False False False False False False
 False False False False False False False False False False False False
 False False False False False False False False False False False False
 False False False False False False False]","[0.42857142857142855, 0.42857142857142855, 0.14285714285714285]","[nan, 2.4412761378064363]",0,False,False
22,20.0,6000.0,0.0,-1,1,0,"[False False False False False False False False False False False  True
 False False False  True False False False False False False False False
 False False False False False False False False False False False False
 False False False False False False False False False False False False
 False False False False False False False False False False False False
 False False False False False False False]","[False False False False False False False False False False False False
 False False False False False False False False False False False False
 False False False False False False False False False False False False
 False False False False False False False False False False False False
 False False False False False False False False False False False False
 False False False False False False False]","[0.45454545454545453, 0.4090909090909091, 0.13636363636363635]","[2.5630985764077403, 2.4412761378064363]",0,False,False
23,21.0,3000.0,0.0,-1,1,0,"[False  True False False False False False False False False False False
 False False False False False False False False False False False False
 False False False False False False False False False False  True False
 False False False False False False False False False False False False
 False False False False False False False False False False False False
 False False False False False False False]","[False False False False False False False False False False False False
 False False False False False False False False False False False False
 False False False False False False False False False False False False
 False False False False False False False False False False False False
 False False False False False False False False False False False False
 False False False False False False False]","[0.4782608695652174, 0.391304347826087, 0.13043478260869565]","[1.8169135474117328, 2.4412761378064363]",0,False,False
24,21.0,3000.0,0.0,-1,-1,0,"[False False False False False False False False False False False False
 False False False False False False False False False False False False
 False False False False False False False False False False False False
 False False False False False False False False False False False False
 False False False False False False False False False False False  True
 False False False False False  True False]","[False False False False  True False False False False False False False
 False False False False False  True  True False False False  True False
 False False False  True False False  True  True False False False  True
 False False False  True False False False False False  True False False
 False False  True False False False  True False False False False  True
 False False False False False  True False]","[0.5, 0.375, 0.125]","[1.348978189813191, 2.4412761378064363]",0,False,False
25,22.0,6000.0,0.0,-1,1,0,"[False  True False False False  True False False False False False False
 False False False False False False False False False False False False
 False False False False False False False False False False False False
 False False False False False False False False False False False False
 False False False False False False False False False False False False
 False False False False False False False]","[False False False False False False False False False False False False
 False False False False False False False False False False False False
 False False False False False False False False False False False False
 False False False False False False False False False False False False
 False False False False False False False False False False False False
 False False False False False False False]","[0.48, 0.4, 0.12]","[1.348978189813191, 2.5630985764077403]",0,False,False
26,22.0,6000.0,0.0,-1,-1,0,"[False False False False False False False False False False False False
 False False False False False False False False False False False False
 False False False False False False False False False False False False
 False False False False False  True False False False False  True False
 False False False False False False False False False False False False
 False False False False False False False]","[False False False False False False False False False False False False
 False False  True False False False  True False False False False  True
  True False False False  True False False False  True False False False
  True False False False  True  True False False False False  True False
 False False False False  True False False False False False False False
 False False False  True False False False]","[0.52, 0.36, 0.12]","[1.0048036057610192, nan]",0,False,False
27,23.0,6000.0,0.0,-1,-1,0,"[False False False False False False False False False False False False
 False False False False False False False False False False False False
 False False  True False False False False False False False  True False
 False False False False False False False False False False False False
 False False False False False False False False False False False False
 False False False False False False False]","[False False False False False False False False  True False False False
 False  True False False False  True  True False False False False False
 False False  True False False False  True False False False False  True
 False False False False  True  True False False False False False False
 False False False False False False False False False False False False
 False False False False False False False]","[0.48, 0.4, 0.12]","[0.8614538349250738, nan]",0,False,False
28,24.0,1500.0,0.0,1,-1,0,"[False False False False False False False False False False False False
 False False False False False False False False False False False False
 False False False False False False False False False False False False
 False False False False False False False False False False False False
 False False False False False False False False False False False False
 False False False False False False False]","[False False False False False False False False False False False False
 False False False False False False False False False False  True False
 False False False  True False False False False False False False False
 False False False False False False False False False False False False
 False False False False False False False False False False False False
 False False False False False False False]","[0.48, 0.44, 0.08]","[0.8614538349250738, nan]",0,False,False
29,25.0,1500.0,0.0,1,-1,0,"[False False False False False False False False False False False False
 False False False False False False False False False False False False
 False False False False False False False False False False False False
 False False False False False False False False False False False False
 False False False False False False False False False False False False
 False False False False False False False]","[False False False False False False False False  True False False False
  True  True False False False False False False False False False False
 False False False False False False False False False False False False
 False False False False False False False False False False False False
 False False False False False False False False False False False False
 False False False False False False False]","[0.44, 0.48, 0.08]","[0.6975107308138484, 2.765983730024195]",0,False,False
30,25.0,1500.0,0.0,1,-1,0,"[False False False False False False False False False False False False
 False False False False False False False False False False False False
 False False False False False False False False False False False False
 False False False False False False False False False False False False
 False False False False False False False False False False False False
 False False False False False False False]","[False False False False False False  True False False False False  True
 False False False False False False False False False False False False
 False False False False False False False False False False False False
 False False False False False False False False False False False False
 False False False False False False False False False False False False
 False False False False False False False]","[0.44, 0.48, 0.08]","[0.6975107308138484, 1.9348409100817299]",0,False,False
31,26.0,6000.0,0.0,-1,-1,0,"[False False False False False False False False False False False False
 False False False False False False False False False False  True False
 False False False False False False False False False False False  True
 False False False False False False False False False False False False
 False False False False False False False False False False False False
 False False False False False False False]","[False False False False False False False False  True  True False False
 False False  True False False False  True False False  True  True False
 False False  True False False False  True False False False  True  True
 False False False False False  True False False False  True False False
 False False  True  True False False  True False False False False False
 False False False False False False False]","[0.44, 0.48, 0.08]","[0.6975107308138484, 1.348978189813191]",0,False,False
32,27.0,750.0,0.0,1,-1,0,"[ True False False False False False False False False False False False
 False False False False False False False False False False False False
 False False False False False False False False False False False False
 False False False False False False False False False False False False
 False False False False False False False False False False False False
 False False False False False False False]","[False False False False False False False False False False False False
 False False  True False False False  True False False False False False
 False False False False False False False False False False False False
 False False False False False False False False False False False False
 False False False False False False False False False False False False
 False False False False False False False]","[0.4, 0.52, 0.08]","[0.5066936887499858, 1.472630473950306]",0,False,False
33,28.0,750.0,0.0,1,1,0,"[ True False False False  True False False False False  True False False
 False  True False False False  True False False False False  True False
 False False  True False False False False False False False False False
  True False False False False False  True False False False False False
 False False  True False False False False False False False False False
 False  True False False False False  True]","[False False False False False False False False False False False False
 False False False False False False False False False False False False
 False False False False False False False False  True False False False
  True False False False False False False False False False False False
 False False False False False False False False False False False False
 False False False False False False False]","[0.4, 0.56, 0.04]","[0.5066936887499858, 1.1318967437115721]",0,False,False
34,29.0,1500.0,0.0,1,-1,0,"[False False False False False False False False False False False False
 False False False False False False False False False False False False
 False False False False False False False False False False False False
 False False False False False False False False False False False False
 False False False False False False False False False False False False
 False False False False False False False]","[False False False  True False False False  True False False False False
 False False False False False False False False False False False False
 False False False False False False False False False False False False
 False False False False False False False False False False False False
 False False False False False False False False False False False False
 False False False False False False False]","[0.44, 0.52, 0.04]","[0.6975107308138484, 1.0048036057610192]",0,False,False
35,29.0,1500.0,0.0,1,-1,0,"[False False False False False False False False False False False False
 False False False False False False False False False False False False
 False False False False False False False False False False False False
 False False False False False False False False False False False False
 False False False False False False False False False False False False
 False False False False False False False]","[False False False False False False False False False False False False
 False  True False False False False  True False False False False False
 False False False False False False False False False False False False
 False False False False False False False False False False False False
 False False False False False False False False False False False False
 False False False False False False False]","[0.44, 0.52, 0.04]","[0.6975107308138484, 0.5867619998972957]",0,False,False
36,29.0,1500.0,0.0,1,-1,0,"[ True False False False False False False False False False False False
 False False False False False False False False False False False False
 False False False False False False False False False False False False
 False False False False False False False False False False False False
 False False False False False False False False False False False False
 False False False False False False False]","[False False False False False False False False False  True False False
 False False  True False False False False False False False False False
 False False False False False False False False False False False False
 False False False False False False False False False False False False
 False False False False False False False False False False False False
 False False False False False False False]","[0.44, 0.52, 0.04]","[0.6975107308138484, 0.1931170816217559]",0,False,False
37,30.0,1500.0,0.0,1,1,0,"[False False False  True  True False False  True  True False False False
  True False False False  True False False False  True False False False
  True  True False False False  True False False False False  True  True
 False False  True  True False False False False False  True False False
 False  True False False False  True False False False False False False
 False False False False False False False]","[False False False False False False False False False False False False
 False False False False False False False False  True False False False
 False False False False False False False False False False False False
 False False False False False False False False False False False False
 False False False False False False False False False False False False
 False False False False False False False]","[0.4, 0.56, 0.04]","[0.5066936887499858, 0.0]",0,False,False
38,31.0,750.0,0.0,1,-1,0,"[False False False False False False False False False False False False
 False False False False False False False False False False False False
 False False False False False False False False False False False False
 False False False False False False False False False False False False
 False False False False False False False False False False False False
 False False False False False False False]","[False  True  True False False False False False False False False False
 False False False False False False False False False False False False
 False False False False False False False False False False False False
 False False False False False False False False False False False False
 False False False False False False False False False False False False
 False False False False False False False]","[0.4, 0.56, 0.04]","[0.5066936887499858, 0.0]",0,False,False
39,32.0,750.0,0.0,1,1,0,"[False  True False False False  True False False False  True  True False
 False  True  True False False  True  True False False False  True False
 False False  True  True False False False False  True False False False
 False False  True False False False  True False False False False False
  True False False False  True False False False False False False False
 False False False False False False False]","[False False False False False False False False False False False False
 False False False False False  True  True False False False False False
 False False False False False False False False False False False False
 False False  True False False False False False False False False False
 False False False False False False False False False False False False
 False False False False False False False]","[0.4, 0.56, 0.04]","[0.5066936887499858, -0.3600244797379033]",0,False,False
40,33.0,1500.0,0.0,1,-1,0,"[ True False False False False False False False False False False False
 False False False False False False False False False False False False
 False False False False False False False False False False False False
 False False False False False False False False False False False False
 False False False False False False False False False False False False
 False False False False False False False]","[False False False False False False False False False  True False False
 False False False False False False  True False False False False False
 False False False False False False False False False False False False
 False False False False False False False False False False False False
 False False False False False False False False False False False False
 False False False False False False False]","[0.44, 0.52, 0.04]","[0.6975107308138484, -0.5867619998972957]",0,False,False
41,34.0,750.0,0.0,1,1,0,"[ True False False False  True  True False False False  True False False
 False  True False False False  True  True False False  True  True False
 False False  True False False False False False  True False False False
  True False False False False False  True False False False  True False
 False False False  True False False False False False False False False
 False False False False False False False]","[False False False False False False False False False False False False
 False False False False False  True False False False False False False
 False False False False False False False False  True False False False
 False False False False False False False False False False False False
 False False False False False False False False False False False False
 False False False False False False False]","[0.4, 0.56, 0.04]","[0.5066936887499858, -0.7322121668315051]",0,False,False
42,35.0,6000.0,0.0,-1,-1,0,"[False False False False False False False False False False False False
 False False False False False False False False False False False False
 False False False False False False False False False False False False
 False False False False False False False False False False False False
 False False False False  True False False False False False False False
 False False False False False False False]","[False False False False False False False False False False False False
  True False False False False  True False False False False False False
 False False False False False False False False False False False False
 False False False False False False False False False False False False
 False False False False  True False False False False  True False False
 False  True False False False False False]","[0.4, 0.56, 0.04]","[0.5066936887499858, -0.7322121668315051]",0,False,False
43,36.0,750.0,0.0,1,1,0,"[False  True False False False  True  True False False  True  True False
 False False  True False False  True  True False False False  True  True
 False False False  True False False False False False False False False
 False  True False False False False False  True False False False False
  True False False False  True False False False False False False False
 False False False  True False False False]","[False False False False False False False False False False False False
 False False False False False False False False False False False False
 False False False False False False False False False False False False
 False False False False False False False False False False False False
 False False False False False False False False False False False False
 False False False False False False False]","[0.36, 0.6, 0.04]","[0.2794202853486787, -0.5066938613135554]",0,False,False
44,37.0,3000.0,0.0,-1,-1,0,"[False False False False False False False False False False False False
 False False False False False False False False False False False False
 False False False False False False False False False False False False
 False False False False False False False False False False False False
 False False False False False False False  True  True False False False
 False False False False False False False]","[False False False False False False False False  True False False False
 False False False False False False False False False False False False
 False False False False False False False False False False  True False
 False False False  True False False False  True False False False  True
 False False False  True  True False False False  True False False False
 False  True  True False False False False]","[0.4, 0.6, 0.0]","[0.5066936887499858, -0.5066938613135554]",0,False,False
45,38.0,750.0,0.0,1,1,0,"[ True  True False False  True  True False False False  True False False
 False False  True False False False  True False False False  True  True
 False False  True  True False False False False False  True False False
  True  True False False False  True False False False False False False
 False False False False  True False False False False  True  True False
 False False False False False False False]","[False False False False False False False False False False False False
 False False False False False False False False False False False False
 False False False False False False False False False False False False
 False False False False False False False False False False False False
 False False False False False False False False False False False False
 False False False False False False False]","[0.4, 0.6, 0.0]","[0.5066936887499858, -0.5066938613135554]",0,False,False
46,39.0,3000.0,0.0,-1,-1,0,"[False False False False False False False False False False False False
 False False False False False False False False False False False False
 False False False False  True False False False False False False False
 False  True False False False False False False False False False False
 False False False False False False False False False False False False
 False False False False False False False]","[False False False False False False  True False False False False False
 False False False  True False False False  True  True False False False
  True False False False  True False False False  True  True False False
 False  True False False False False False  True False False False False
 False  True False False False False False False False False False False
 False False False False False False False]","[0.4, 0.6, 0.0]","[0.5066936887499858, -0.5066938613135554]",0,False,False
47,40.0,6000.0,0.0,-1,1,0,"[False False False False False False False False False False False False
 False False False False False False False  True False False False  True
  True False False False False False False False False False False False
 False False False False False False False False False False False False
 False False False False False False False False False False False False
 False False False False False False False]","[False False False False False False False False False False False False
 False False False False False False False False False False False False
 False False False False False False False False False False False False
 False False False False False False False False False False False False
 False False False False False False False False False False False False
 False False False False False False False]","[0.36, 0.64, 0.0]","[0.8614535802617546, -0.31462117104709175]",0,False,False
48,41.0,3000.0,0.0,-1,-1,0,"[False False False False False False False False False False False False
 False False False False False False False False False False False False
 False False False False  True False False False False False False False
 False  True False False False False False False False False False False
 False False False False False False False False False False False False
 False False False False False False False]","[False False False False False False  True False False False False False
 False False False  True False False False False  True False False False
  True False False False  True  True False False False  True False False
 False  True False False False False False  True False False False False
 False False False False False False False False False False  True False
 False False False False False False False]","[0.36, 0.64, 0.0]","[0.8614535802617546, -0.31462117104709175]",0,False,False
49,42.0,1500.0,0.0,1,1,0,"[ True False False False  True False False False  True  True False False
 False  True False False  True  True False False False False  True False
 False False  True False False  True  True False False False False False
  True False False False  True False False False False False False False
 False False  True False False False False  True False False False False
 False False False False False False False]","[False False False False False False False False False False False False
 False False False False False False False False False  True False False
 False False False False False False False False False False False False
 False False False False False False False False False False False False
 False False False False False False False False False False False False
 False False False False False False False]","[0.32, 0.68, 0.0]","[1.348977534191646, -0.1475824606895068]",0,False,False
50,43.0,1500.0,0.0,1,1,0,"[False False False False  True  True False False False False False False
 False  True  True False False False  True False False False False  True
 False False  True  True False False False  True False False False False
  True  True False False False False False False False False False  True
 False False False  True  True False False False False False False False
 False False False False False False False]","[False False False False False False False False False False False False
 False False False False False False False False False False False False
 False False  True False False False False  True False False False False
 False False False False False False False False False False False False
 False False False False False False False False False False False False
 False False False False False False False]","[0.36, 0.64, 0.0]","[1.5294172755398876, -0.31462117104709175]",0,False,False
51,44.0,6000.0,0.0,-1,-1,0,"[False False False False False False False False False False False False
 False False False False False False False False False False False False
 False False False False False  True False False False False False False
 False False False False False False False  True  True False False False
 False False False False False False False False False False False False
 False False False False False False False]","[False False False False False False False  True False False False False
  True False False False  True False False False  True False False False
  True  True False False False  True False False False False False False
 False False False False False False False  True  True False False  True
  True False False False False False False False False False False False
 False False False False False False False]","[0.36, 0.64, 0.0]","[2.4412761378064363, -0.31462117104709175]",0,False,False
52,45.0,6000.0,0.0,-1,1,0,"[ True False False  True False False False False False False False False
 False False False False False False False False False False False False
 False False False False False False False False False False False False
 False False False False False False False False False False False False
 False False False False False False False False False False False False
 False False False False False False False]","[False False False False False False False False False False False False
 False False False False False False False False False False False False
 False False False False False False False False False False False False
 False False False False False False False False False False False False
 False False False False False False False False False False False False
 False False False False False False False]","[0.36, 0.64, 0.0]","[2.4412761378064363, -0.31462117104709175]",0,False,False
53,46.0,1500.0,0.0,1,-1,0,"[False False False False False False False False False False False False
 False False False False False False False False False False False False
 False False False False False False False False False False False False
 False False False False False False False False False False False False
 False False False False False False False False False False False False
 False False False False False False False]","[False False  True  True False False False False False False False False
 False False False False False False False False False False False False
 False False False False False False False False False False False False
 False False False False False False False False False False False False
 False False False False False False False False False False False False
 False False False False False False False]","[0.4, 0.6, 0.0]","[1.6832403249694212, -0.5066938613135554]",0,False,False
54,46.0,1500.0,0.0,1,1,0,"[False False  True False False False  True False False False False  True
 False False False  True False False False  True  True False False False
  True False False False  True False False False  True  True False False
 False False False  True False False False False False  True False False
  True  True False False False False  True  True False False False  True
  True False False False False False False]","[False False False False False False False False False False False False
 False False False False False False False  True False False False False
 False False False False False False False False False False False False
 False False False False False False False False False False False False
 False False False False False False False False False False False False
 False False False False False False False]","[0.4, 0.6, 0.0]","[1.6832403249694212, -0.5066938613135554]",0,False,False
55,47.0,3000.0,0.0,-1,-1,0,"[False False False False False False False False False False False False
 False False False False False False False False False False False False
 False False False False False False False  True False False False False
 False False False False False False False False False False False False
 False False False False False False False False False False False False
 False False False False False False False]","[ True False False False False False False False False False False False
 False False False False False False  True False False False  True  True
 False False False  True False False False  True False False False False
  True False False  True  True False False False False False False False
 False False  True False False False False False  True False False False
 False False False False False False False]","[0.44, 0.56, 0.0]","[1.8169135474117328, -0.3600244797379033]",0,False,False
56,48.0,3000.0,0.0,-1,1,0,"[ True False False False False False False False False False False False
 False False False False False False False False False  True False False
 False False False False False False False False False False False False
 False False False False False False False False False False False False
 False False False False False False False False False False False False
 False False False False False False False]","[False False False False False False False False False False False False
 False False False False False False False False False False False False
 False False False False False False False False False False False False
 False False False False False False False False False False False False
 False False False False False False False False False False False False
 False False False False False False False]","[0.44, 0.56, 0.0]","[1.8169135474117328, 0.0]",0,False,False
57,48.0,3000.0,0.0,-1,1,0,"[False False False False False False False False False False False False
 False False False False False False False  True False False False  True
 False False False False False False False False False False False False
 False False False False False False False False False False False False
 False False False False False False False False False False False False
 False False False False False False False]","[False False False False False False False False False False False False
 False False False False False False False False False False False False
 False False False False False False False False False False False False
 False False False False False False False False False False False False
 False False False False False False False False False False False False
 False False False False False False False]","[0.48, 0.52, 0.0]","[1.348978189813191, -0.1931170816217559]",0,False,False
58,49.0,6000.0,0.0,-1,-1,0,"[False False False False False False False False False False False False
 False False False False False False False False False False False False
 False False False  True False False False False False False False False
 False False False False  True False False False False False False False
 False False False False False False False False False False False False
 False False False False False False False]","[False False False False False False False False False False  True False
 False False  True False False False  True False False False False  True
 False False  True  True False False False  True False False False  True
 False False False False  True False False False False  True  True False
 False  True  True False False False False False  True  True False False
 False False False False False False False]","[0.52, 0.48, 0.0]","[1.0048036057610192, 0.0]",0,False,False
59,50.0,6000.0,0.0,-1,1,0,"[ True  True False False False False False False False False False False
 False False False False False False False False False False False False
 False False False False False False False False False False False False
 False False False False False False False False False False False False
 False False False False False False False False False False False False
 False False False False False False False]","[False False False False False False False False False False False False
 False False False False False False False False False False False False
 False False False False False False False False False False False False
 False False False False False False False False False False False False
 False False False False False False False False False False False False
 False False False False False False False]","[0.48, 0.52, 0.0]","[0.8614538349250738, 0.1931170816217559]",0,False,False
60,50.0,6000.0,0.0,-1,-1,0,"[False False False False False False False False False False False False
 False False False False False False False False False False False False
 False False False False False False False False False False False  True
 False False False False False False False  True False False False False
 False False False False False False False False False False False False
 False False False False False False False]","[False False False False False False False False False False False False
 False  True False False False False  True False False False  True False
 False False False  True False False  True  True False False  True  True
 False False False  True False False False  True False False False False
 False False  True False False False False False False False False False
 False False False False False False False]","[0.52, 0.48, 0.0]","[0.5867619998972957, 0.42085643268640105]",0,False,False
61,51.0,750.0,0.0,1,1,0,"[ True False False False  True  True False False False  True False False
 False  True  True False False  True  True False False False  True False
 False False  True False False False False False  True False False False
  True False False False  True  True False False False False  True  True
 False False False  True False False False False False False False False
 False False False False False False False]","[False False False False False False False False False False False False
 False False False False False  True  True False False False False False
 False False False False False False False False  True False False False
 False False False False False False False False False False False False
 False False False False False False False False False False False False
 False False False False False False False]","[0.52, 0.48, 0.0]","[0.5867619998972957, 0.8614538349250738]",0,False,False
62,52.0,3000.0,0.0,-1,-1,0,"[False False False False False False False False False False False False
 False False False False False False False False False False False False
 False False  True False False False False False False False False False
 False False False False False False False False False False False False
 False False False False False False False False False False False False
 False False False False False False False]","[ True False False False False False False False  True False False False
 False False False False False  True False False False  True False False
 False  True  True False False False False False False False False False
 False False False  True  True False False False  True False False False
 False False False False False False False  True False False False False
 False False False False False False False]","[0.56, 0.44, 0.0]","[0.7322121668315051, 1.2091694501633]",0,False,False
63,53.0,750.0,0.0,1,1,0,"[ True  True False False False  True False False False False False False
 False  True  True False False  True  True False False  True  True False
 False False False False  True False False False  True False False False
 False False  True False False False  True  True False False False False
 False False  True False False False  True False False False False False
 False False False False False False False]","[False False False False False False False False False False False False
 False False False False False False False False False False  True False
 False False False False  True False False False  True False False False
 False False False False False False False False False False False False
 False False False False False False False False False False False False
 False False False False False False False]","[0.52, 0.48, 0.0]","[0.5867619998972957, 1.348978189813191]",0,False,False
64,54.0,3000.0,0.0,-1,-1,0,"[False False False False False False False False False False False False
 False False False False False False False False False False False  True
 False False False False False False False  True False False False False
 False False False False False False False False False False False False
 False False False False False False False False False False False False
 False False False False False False False]","[False False False False False  True False False False False  True False
 False False False False False False False False False False  True  True
 False False False  True False False  True  True False False False False
 False False False False False  True False False False  True False False
 False False False False False False False False False False False False
 False False False False False False False]","[0.56, 0.44, 0.0]","[0.7322121668315051, 1.8169135474117328]",0,False,False
65,55.0,6000.0,0.0,-1,1,0,"[False  True False False  True  True False False False False False False
 False False False False False False False False False False False False
 False False False False False False False False False False False False
 False False False False False False False False False False False False
 False False False False False False False False False False False False
 False False False False False False False]","[False False False False False False False False False False False False
 False False False False False False False False False False False False
 False False False False False False False False False False False False
 False False False False False False False False False False False False
 False False False False False False False False False False False False
 False False False False False False False]","[0.52, 0.48, 0.0]","[0.5867619998972957, 1.9348409100817299]",0,False,False
66,55.0,6000.0,0.0,-1,-1,0,"[False False False False False False False False False False False False
 False False False False False False False False False False False False
 False False False False False False False False False False False False
  True False False False False False False False  True  True False False
 False False False False False False False False False False False False
 False False False False False False False]","[False False False False False False False False False False False False
 False False False False False False  True False False False False  True
 False False False  True  True False False False  True False False False
  True False False False  True False False False False  True False False
 False False False  True False False False False False False False False
 False  True False False False False False]","[0.56, 0.44, 0.0]","[0.3600244797379033, 2.670350930522295]",0,False,False
67,56.0,1500.0,0.0,1,1,0,"[False  True  True False False  True  True False False False  True False
 False False  True False False False  True  True False False False  True
 False False False False False  True False False False  True False False
 False False False  True False False False  True False False False False
  True False False False False False False False False False False False
 False False False False False False False]","[False False False False False False False False False False False False
 False False False False False False  True  True False False False False
 False False False False False False False False False False False False
 False False False False False False False False False False False False
 False False False False False False False False False False False False
 False False False False False False False]","[0.52, 0.48, 0.0]","[0.1931170816217559, 2.765983730024195]",0,False,False
68,57.0,750.0,0.0,1,1,0,"[ True False False False  True False False False False False False False
 False  True False False False  True  True False False  True  True False
 False False  True False False False False False  True False False False
 False False False False False False  True  True False False False  True
 False False False  True  True False False False False False False False
 False False False False False False False]","[False False False False False False False False False False False False
 False False False False False  True False False False False False False
 False False False False False False False False False False False False
  True False False False False False False False False False False False
 False False False False False False False False False False False False
 False False False False False False False]","[0.56, 0.44, 0.0]","[0.3600244797379033, 2.670350930522295]",0,False,False
69,58.0,1500.0,0.0,1,1,0,"[ True  True False False False  True False False False  True  True False
 False  True  True False False False  True False False False  True False
 False False False  True False False False False False  True False False
 False  True False False False  True False False False False False  True
 False False False False  True False False False  True  True False False
 False False False False False False False]","[False False False False False False False False False False False False
 False  True  True False False False False False False False False False
 False False False False False False False False False False False False
 False False False False False  True False False False False False False
 False False False False False False False False False False False False
 False False False False False False False]","[0.56, 0.44, 0.0]","[0.3600244797379033, 2.670350930522295]",0,False,False
70,59.0,750.0,0.0,1,1,0,"[False  True False False False  True  True False False  True  True False
 False False  True False False False False False False False  True  True
 False False False  True False False False False  True False False False
 False False  True False False False False False False False False  True
 False False False False False  True False False False False  True False
 False False  True  True False False False]","[False False False False False False False False False False False False
 False False False False False False  True  True False False False False
 False False False False False False False False False False False False
 False False False False False False False False False False False False
 False False False False False False False False False False False False
 False False False False False False False]","[0.6, 0.4, 0.0]","[0.5066938613135554, 2.5630985764077403]",0,False,False
71,60.0,1500.0,0.0,1,-1,0,"[False False False False False False False False False False False False
 False False False False False False False False False False False False
 False False False False False False False False False False False False
 False False False False False False False False False False False False
 False False False False False False False False False False False False
 False False False False False False False]","[False False False False False False False False False  True False False
 False  True False False False False False False False False False False
 False False False False False False False False False False False False
 False False False False False False False False False False False False
 False False False False False False False False False False False False
 False False False False False False False]","[0.6, 0.4, 0.0]","[0.5066938613135554, 2.5630985764077403]",0,False,False
72,60.0,1500.0,0.0,1,1,0,"[False False  True False False False False  True False False  True  True
 False False False  True False False False  True False False False False
  True False False False False False False False False False  True False
 False False  True False False False  True False False False False False
  True  True False False False False False False False  True False False
 False False False False False False False]","[False False False False False False False False False False False False
 False False False False False False False  True False False False False
 False False False False False False False False False False False False
 False False False False False False  True False False False False False
 False False False False False False False False False False False False
 False False False False False False False]","[0.6, 0.4, 0.0]","[0.5066938613135554, 1.6832403249694212]",0,False,False
73,61.0,6000.0,0.0,-1,1,0,"[False False False False False False False False False False False False
 False False False False False False False False  True  True False False
 False False False False False False False False False False False False
 False False False False False False False False False False False False
 False False False False False False False False False False False False
 False False False False False False False]","[False False False False False False False False False False False False
 False False False False False False False False False False False False
 False False False False False False False False False False False False
 False False False False False False False False False False False False
 False False False False False False False False False False False False
 False False False False False False False]","[0.6, 0.4, 0.0]","[0.8614539877232001, 1.6832403249694212]",0,False,False
74,62.0,1500.0,0.0,1,1,0,"[ True  True False False False  True False False False  True False False
 False  True False False False  True  True False False  True  True False
 False False  True False False False False False  True False False False
  True False False False  True False False False False False False  True
 False False False  True False False False  True False False False False
 False False False False False False False]","[False False False False False False False False False False False False
 False  True False False False  True  True False False False False False
 False False False False False False False False False False False False
 False False False False False False False False False False False False
 False False False False False False False False False False False False
 False False False False False False False]","[0.64, 0.36, 0.0]","[0.6372783160801316, 1.5294172755398876]",0,False,False
75,63.0,3000.0,0.0,-1,0,0,"[False False False False False False False False False False False False
 False False False False False False False False False False False False
 False False False False False False False False False False False False
 False False False False False False False False False False False False
 False False False False False False False False False False False False
 False False False False False False False]","[False False False False False False False False False False False False
 False False False False False False False False False False False False
 False False False False False False False False False False False False
 False False False False False False False  True False False False False
 False False False False False False False False False False False False
 False False False False False False False]","[0.64, 0.36, 0.0]","[0.6372783160801316, 1.5294172755398876]",0,False,False
76,64.0,6000.0,0.0,-1,1,0,"[False  True False False False  True False False False False False False
 False False False False False False False False False False False False
 False False False False False False False False False False False False
 False False False False False False False False False False False False
 False False False False False False False False False False False False
 False False False False False False False]","[False False False False False False False False False False False False
 False False False False False False False False False False False False
 False False False False False False False False False False False False
 False False False False False False False False False False False False
 False False False False False False False False False False False False
 False False False False False False False]","[0.6, 0.36, 0.04]","[0.5066938613135554, 1.5294172755398876]",0,False,False
77,65.0,3000.0,0.0,-1,-1,0,"[False False False False False False False False False False False False
 False False False False False False False False False False False False
 False False False False False False False False False False False False
 False False False False False False False False False False False False
 False False False False False False False False False False False False
 False False False False False False False]","[False False False False  True False False False  True False False False
  True  True False False False  True False False False  True False False
 False  True False False False  True False False  True  True False False
 False False False  True False False  True  True False False False  True
 False False False False False  True False False False  True False False
 False False False False False False False]","[0.64, 0.32, 0.04]","[0.31462117104709175, 1.348977534191646]",0,False,False
78,66.0,1500.0,0.0,1,1,0,"[False  True False False False False False False False False  True False
 False False  True False False False False  True False False  True  True
 False False False  True False False False  True  True False False False
 False False  True False False False False False False False  True False
 False False False False  True False False False  True False False False
 False False False False False False False]","[False False False False False False False False False False False False
 False False False False False False False  True False False False  True
 False False False  True False False False  True False False False False
 False False False False False  True False False False False  True False
 False False False False  True False False False False False False False
 False False False False False False False]","[0.6, 0.36, 0.04]","[0.5066938613135554, 1.5294172755398876]",0,False,False
79,67.0,3000.0,0.0,-1,-1,0,"[False False False False False False False False False False False False
 False False False False False False False False False False False False
 False False False False False False False False False False False False
 False False False False False False False False False False False False
 False False False False False False False False False False False False
 False False False False False False False]","[ True False False False  True False False False  True  True False False
 False  True False False  True  True False False False  True False False
 False False  True False False  True  True False False False False False
  True False False  True  True False False False False  True False False
 False False False  True False False False False  True False False False
 False False False False False False False]","[0.64, 0.32, 0.04]","[0.6372783160801316, 2.300694208940575]",0,False,False
80,68.0,750.0,0.0,1,1,0,"[False False  True  True False False False False  True False False False
  True False False  True  True False False False  True False False False
  True  True False False False  True False False False False False  True
 False False False False False False False  True  True False False False
 False False  True False False False False False False False False False
 False False False False False False False]","[False False False False False False False False False False False False
 False False False False  True False False False  True False False False
  True  True False False False  True False False False False False  True
 False False False  True False False False False  True False False False
 False False False False False False False False False False False False
 False False False False False False False]","[0.6, 0.36, 0.04]","[0.5066938613135554, 2.4412761378064363]",0,False,False
81,69.0,3000.0,0.0,-1,-1,0,"[False False False False False False False False False False False False
 False False False False False False False False False False False False
 False False False False False False False False False False False False
 False False False False False False False False False False False False
 False False False False False False False False False False False False
 False False False False False False False]","[False False False False  True False False False False False False False
  True  True False False False  True False False False False  True False
 False False False False False False  True False False False  True False
 False False False  True  True False False False  True False False False
 False  True False False False False False  True  True False False  True
  True False False False False False False]","[0.64, 0.32, 0.04]","[0.6372783160801316, 2.300694208940575]",0,False,False
82,70.0,6000.0,0.0,-1,1,0,"[ True False False False False False False False  True False False False
 False False False False False False False False False False False False
 False False False False False False False False False False False False
 False False False False False False False False False False False False
 False False False False False False False False False False False False
 False False False False False False False]","[False False False False False False False False False False False False
 False False False False False False False False False False False False
 False False False False False False False False False False False False
 False False False False False False False False False False False False
 False False False False False False False False False False False False
 False False False False False False False]","[0.6, 0.36, 0.04]","[0.8614539877232001, 2.4412761378064363]",0,False,False
83,70.0,6000.0,0.0,-1,-1,0,"[False False False False False False False False False False False False
 False False False False False False False False False False False False
 False False False False False False False False False False False False
 False False False False False False False False False False False False
 False False False False False False False False False False False False
 False False False False False False False]","[False False  True False False False False  True False False False  True
 False False False  True False False False  True False False False  True
  True False False  True  True False False False False False False False
 False False False  True  True False False  True  True False False False
 False False False False False False False False False False False False
 False False False False False False False]","[0.6, 0.36, 0.04]","[0.8614539877232001, 2.4412761378064363]",0,False,False
84,71.0,3000.0,0.0,-1,1,0,"[False False False False False False False False  True False False False
 False False False False False  True False False False False False False
 False False False False False False False False False False False False
 False False False False False False False False False False False False
 False False False False False False False False False False False False
 False False False False False False False]","[False False False False False False False False False False False False
 False False False False False False False False False False False False
 False False False False False False False False False False False False
 False False False False False False False False False False False False
 False False False False False False False False False False False False
 False False False False False False False]","[0.6, 0.36, 0.04]","[0.8614539877232001, 2.4412761378064363]",0,False,False
85,72.0,1500.0,0.0,1,-1,0,"[False False False False False False False False False False False False
 False False False False False False False False False False False False
 False False False False False False False False False False False False
 False False False False False False False False False False False False
 False False False False False False False False False False False False
 False False False False False False False]","[False False False False False False False  True False False False  True
  True False False False False False False False False False False False
 False False False False False False False False False False False False
 False False False False False False False False False False False False
 False False False False False False False False False False False False
 False False False False False False False]","[0.6, 0.36, 0.04]","[0.8614539877232001, 2.4412761378064363]",0,False,False
86,73.0,1500.0,0.0,1,1,0,"[False False False  True  True False False False False  True False False
  True  True False False  True  True False False False  True False False
 False  True False False False False False False False False False  True
 False False False  True False False False False False False False False
 False False False False False  True False False False  True False False
 False False False False False False False]","[False False False False False False False False False False False False
 False False False False  True  True False False False  True False False
 False  True False False False  True False False False False False False
 False False False  True False False False  True False False False False
 False False False False False False False False False False False False
 False False False False False False False]","[0.6, 0.36, 0.04]","[0.8614539877232001, 1.5294172755398876]",0,False,False
87,74.0,6000.0,0.0,-1,-1,0,"[False False False False False False False False False False False False
 False False False False False False False False False False False False
 False False False False False False False False False False False False
 False False False False False False False False False False False False
 False False False False False False False False False False False False
 False False False False False False False]","[False False  True  True False False False False  True False False False
 False False False  True False False False  True  True False False False
  True False False False  True False False False False False  True False
 False False  True False False False  True  True False False False False
 False False False False False False False False False False False False
 False False False False False False False]","[0.6, 0.36, 0.04]","[0.8614539877232001, 1.5294172755398876]",0,False,False
88,75.0,750.0,0.0,1,1,0,"[False False False  True False False False  True False False False  True
  True False False False  True  True False False  True  True False False
 False  True False False False  True False False False False False False
 False False False False False False False False False False  True False
 False False  True  True False False False False False False False False
 False False False False False False False]","[False False False False False False False False False False False False
 False False False False  True False False False False  True False False
 False  True False False False  True False False False False False False
 False False False False  True False False False False False  True False
 False False False False False False False False False False False False
 False False False False False False False]","[0.6, 0.36, 0.04]","[0.8614539877232001, 1.5294172755398876]",0,False,False
89,76.0,750.0,0.0,1,-1,0,"[False False False False False False False False False False False False
 False False False False False False False False False False False False
 False False False False False False False False False False False False
 False False False False False False False False False False False False
 False False False False False False False False False False False False
 False False False False False False False]","[False  True False False False False  True False False False False False
 False False False False False False False False False False False False
 False False False False False False False False False False False False
 False False False False False False False False False False False False
 False False False False False False False False False False False False
 False False False False False False False]","[0.6, 0.36, 0.04]","[0.8614539877232001, 1.5294172755398876]",0,False,False
90,77.0,6000.0,0.0,-1,-1,0,"[False False False False False False False False False False False False
 False False False False False False False False False False False False
 False False False False False False False False False False False False
 False False False False False False False False False False False False
 False False False False False False False False False False False False
 False False False False False False False]","[False False  True False False False False  True False False False  True
 False False False  True False False False False  True False False False
  True False False  True  True False False False False  True  True False
 False False  True False False False  True False False False False False
 False  True False False False  True False False False False False False
 False False False False False False False]","[0.6, 0.36, 0.04]","[0.8614539877232001, 0.8614535802617546]",0,False,False
91,78.0,1500.0,0.0,1,1,0,"[ True False False False False False False False False False False False
  True  True False False False False False False False  True  True False
 False False  True False False False  True False False False  True False
 False False False False  True False False False  True  True False False
 False False False False False False False  True False False False False
 False False False False False False False]","[False False False False False False False False False False False False
 False False False False False False False False False  True  True False
 False False  True False False False False False False False  True False
 False False False False False False False False False False False False
 False  True False False False False False  True False False False False
 False False False False False False False]","[0.56, 0.4, 0.04]","[1.1318967437115721, 1.04879987536743]",0,False,False
92,79.0,750.0,0.0,1,1,0,"[False False False False False False False False False False False  True
 False False False  True False False False  True False False False False
  True False False False  True  True False False  True  True False False
 False  True False False False False  True False False False False False
 False False False False False False False False False False  True False
 False False False False False False False]","[False False False False False False False False False False False False
 False False False False False False False False False False False False
  True False False False  True  True False False False  True False False
 False  True False False False False  True False False False False  True
 False False False False  True False False False False False False False
 False False False False False False False]","[0.6, 0.36, 0.04]","[1.2458505001420814, 0.8614535802617546]",0,False,False
93,80.0,3000.0,0.0,-1,-1,0,"[False False False False False False False False False False False False
 False False False False False False False False False False False False
 False False False False False False False False False False False False
 False False False False False False False False False False False False
 False False False False False False False False False False False False
 False False False False False False False]","[False False False False False False False False False False False  True
  True False False  True  True False False False False False False False
 False False False False  True  True False False False  True False False
 False  True False False False False  True  True False False False False
  True False False False False False False False False False False False
 False False False False False False False]","[0.6, 0.36, 0.04]","[1.2458505001420814, 0.8614535802617546]",0,False,False
94,81.0,750.0,0.0,1,1,0,"[False  True  True False False False False False False False  True  True
 False False  True  True False False False  True  True False False False
  True False False False False False  True False False False  True False
 False False  True  True False False  True  True False False False False
 False  True False False False False  True False False False False False
 False False False False False False False]","[False False False False False False False False False False  True  True
 False False False  True False False False  True False False False  True
  True False False False False False  True False False False  True False
 False False False  True False False False  True False False False False
 False False False False False False False False False False False False
 False False False False False False False]","[0.56, 0.4, 0.04]","[1.1318967437115721, 1.04879987536743]",0,False,False
95,82.0,6000.0,0.0,-1,-1,0,"[False False False False False False False False False False False False
 False False False False False False False False False False False False
 False False False False False False False False False False False False
 False False False False False False False False False False False False
 False False False False False False False False False False False False
 False False False False False False False]","[False False  True  True False False False  True False False False  True
 False False False  True False False False False  True False False False
  True False False False  True False False False False False  True  True
 False False False  True False False False False False False False False
 False False False False False False False False False False False False
 False False False False False False False]","[0.56, 0.4, 0.04]","[1.1318967437115721, 1.04879987536743]",0,False,False
96,83.0,750.0,0.0,1,1,0,"[ True False False  True False False False False  True False False False
  True  True False False  True  True False False False  True False False
 False False False False False False False  True False False False False
 False False False False  True False False False False False  True False
 False False  True False False False False False False False False False
 False False False False False False False]","[False False False False False False False False False False False False
 False False False False  True  True False False False  True False False
 False  True False False False False False False False False False  True
 False False False False False False False False False False False False
 False False False False False False False False False False False False
 False False False False False False False]","[0.52, 0.44, 0.04]","[1.0048036057610192, 1.2091694501633]",0,False,False
97,84.0,1500.0,0.0,1,-1,0,"[False False False False False False False False False False False False
 False False False False False False False False False False False False
 False False False False False False False False False False False False
 False False False False False False False False False False False False
 False False False False False False False False False False False False
 False False False False False False False]","[False False False False  True False False False False False False False
 False False False False False False False False False False False False
 False  True False False False False False False False False False False
 False False False False False False False False False False False False
 False False False False False False False False False False False False
 False False False False False False False]","[0.56, 0.4, 0.04]","[1.1318967437115721, 1.6832403249694212]",0,False,False
98,84.0,1500.0,0.0,1,-1,0,"[False False False False False False False False False False False False
 False False False False False False False False False False False False
 False False False False False False False False False False False False
 False False False False False False False False False False False False
 False False False False False False False False False False False False
 False False False False False False False]","[False False False False  True False False False False  True False False
 False False False False False False False False False False False False
 False False False False False False False False False False False False
 False False False False False False False False False False False False
 False False False False False False False False False False False False
 False False False False False False False]","[0.52, 0.44, 0.04]","[1.0048036057610192, 1.2091694501633]",0,False,False
99,85.0,6000.0,0.0,-1,-1,0,"[False False False False False False False False False False False False
 False False False False False False False False False False False False
 False False False False False False False False False False False False
 False False False False False False False False False False False False
 False False False False False False False False False False False False
 False False False False False False False]","[ True False False False False False False False False  True False False
 False  True False False False False False False False  True False False
 False  True  True False False  True  True False False  True  True False
 False False False False  True False False False  True False False False
 False  True False False False False False  True False False False False
 False False False False False False False]","[0.48, 0.48, 0.04]","[1.348978189813191, 0.8614538349250738]",0,False,False
100,86.0,3000.0,0.0,-1,1,0,"[ True  True False False False False False False False False False False
 False False False False False False False False False False False False
 False False False False False False False False False False False False
 False False False False False False False False False False False False
 False False False False False False False False False False False False
 False False False False False False False]","[False False False False False False False False False False False False
 False False False False False False False False False False False False
 False False False False False False False False False False False False
 False False False False False False False False False False False False
 False False False False False False False False False False False False
 False False False False False False False]","[0.44, 0.52, 0.04]","[1.2091694501633, 1.0048036057610192]",0,False,False
101,86.0,3000.0,0.0,-1,-1,0,"[False False False False False False False False False False False False
 False False False False False False False False False False False False
 False False False False False False False False False False False False
 False False False False False False False False False False False False
 False False False False False False False False False False False False
 False False False False False False False]","[ True  True False False False  True False False False  True False False
 False  True False False False False  True False False  True  True False
 False False False False  True False False False  True False False False
  True False False False False False False  True False False False  True
 False False False False False False False False False False False False
 False False False False False False False]","[0.48, 0.52, 0.0]","[0.8614538349250738, 1.0048036057610192]",0,False,False
102,87.0,6000.0,0.0,-1,-1,0,"[False False False False False False False False False False False False
 False False False False False False False False False False False False
 False False False False False False False False False False False False
 False False False False False  True False False False False False False
 False False False False False False False False False False False False
 False False False False False False False]","[False  True  True False False False  True False False False False  True
 False False  True  True False False False  True False False False  True
  True False False False False  True  True False False  True  True False
 False False False False False  True False False False  True False False
 False False  True False False False False False False False False False
 False False False False False False False]","[0.44, 0.56, 0.0]","[1.2091694501633, 1.1318967437115721]",0,False,False
103,88.0,750.0,0.0,1,-1,0,"[False False False False False False False False False False False False
 False False False False False False False False False False False False
 False False False False False False False False False False False False
 False False False False False False False False False False False False
 False False False False False False False False False False False False
 False False False False False False False]","[False False False False False False  True False False False  True  True
 False False False False False False False False False False False False
 False False False False False False False False False False False False
 False False False False False False False False False False False False
 False False False False False False False False False False False False
 False False False False False False False]","[0.44, 0.56, 0.0]","[1.2091694501633, 1.1318967437115721]",0,False,False
104,89.0,6000.0,0.0,-1,-1,0,"[False False False False False False False False False False False False
 False False False False False False False False False False False False
 False False False False False False False False False False False False
 False False False False False False False False False False False False
 False False False False False False False False False False False False
 False False False False False False False]","[ True  True False False False  True False False False  True False False
 False  True False False False  True  True False False  True  True False
 False False  True False False False False False  True False False  True
  True False False False  True False False False False False  True False
 False False  True  True False False False False False False False False
 False False False False False False False]","[0.4, 0.6, 0.0]","[1.04879987536743, 0.8614539877232001]",0,False,False
105,90.0,1500.0,0.0,1,-1,0,"[False False False False False False False False False False False False
 False False False False False False False False False False False False
 False False False False False False False False False False False False
 False False False False False False False False False False False False
 False False False False False False False False False False False False
 False False False False False False False]","[False  True  True False False False False False False False False False
 False False False False False False False False False False False False
 False False False False False False False False False False False False
 False False False False False False False False False False False False
 False False False False False False False False False False False False
 False False False False False False False]","[0.4, 0.6, 0.0]","[1.04879987536743, 0.8614539877232001]",0,False,False
106,91.0,750.0,0.0,1,1,0,"[ True False False False False  True False False False  True  True False
 False  True  True False False  True  True False False False  True False
 False False False  True False False False False False  True False False
 False False False False False False False  True False False False False
 False False False  True  True False False False False False False False
 False False False False False False False]","[False False False False False False False False False False False False
 False  True  True False False False  True False False False  True False
 False False  True False False False False False False False False False
 False  True False False False False False False False False False False
 False False False False False False False False False False False False
 False False False False False False False]","[0.36, 0.64, 0.0]","[0.8614535802617546, 0.6372783160801316]",0,False,False
107,92.0,1500.0,0.0,1,-1,0,"[False False False False False False False False False False False False
 False False False False False False False False False False False False
 False False False False False False False False False False False False
 False False False False False False False False False False False False
 False False False False False False False False False False False False
 False False False False False False False]","[ True False False False False False  True False False False False False
 False False False False False False False False False False False False
 False False False False False False False False False False False False
 False False False False False False False False False False False False
 False False False False False False False False False False False False
 False False False False False False False]","[0.4, 0.6, 0.0]","[1.04879987536743, 0.5066938613135554]",0,False,False
108,92.0,1500.0,0.0,1,1,0,"[ True  True False False False  True False False False False False False
 False  True  True False False  True  True False False False  True False
 False False False False  True False False False False False False False
  True False False False False False False False False False  True False
 False False False False False False False False False False False False
 False False False False False False False]","[False False False False False False False False False  True False False
 False  True False False False  True False False False False  True False
 False False False False False False False False  True False False False
 False False False False False False False False False False False False
 False False False False False False False False False False False False
 False False False False False False False]","[0.36, 0.64, 0.0]","[1.5294172755398876, 0.31462117104709175]",0,False,False
109,93.0,3000.0,0.0,-1,-1,0,"[False False False False False False False False False False False False
 False False False False False False False False False False False False
 False False False False False False False False False False False False
 False False False False False False False False False False False False
 False False False False False False False False False False False False
 False False False False False False False]","[False  True False False False False False False False  True  True False
 False  True False False False False  True False False  True  True False
 False False  True False False False  True  True False False False False
 False  True False False  True  True False False False False False  True
  True False False False False False False False False False False False
 False False False False False False False]","[0.4, 0.6, 0.0]","[1.6832403249694212, 0.16730335606762126]",0,False,False
110,94.0,1500.0,0.0,1,1,0,"[ True False False False  True False False False  True  True False False
 False  True False False False  True  True False False  True  True False
 False False  True False False False False False  True False False False
 False False False False  True  True False False False False False  True
 False False False False  True False False False  True False False False
 False False False False False False False]","[ True False False False False False False False False  True False False
 False False False False False  True False False False  True  True False
 False False  True False False False False False False False False False
  True False False False False  True False False False False False  True
 False False False False False False False False False False False False
 False False False False False False False]","[0.36, 0.64, 0.0]","[2.4412761378064363, 0.31462117104709175]",0,True,False
111,95.0,3000.0,0.0,-1,-1,0,"[False False False False False False False False False False False False
 False False False False False False False False False False False False
 False False False False False False False False False False False False
 False False False False False False False False False False False False
 False False False False False False False False False False False False
 False False False False False False False]","[ True False False False  True False False False False False False False
 False  True False False False False False False  True  True False False
 False  True False False False False False False False False False False
  True  True False False False  True False False False False  True False
 False False False False False False False False False False False False
 False False False False False False False]","[0.4, 0.6, 0.0]","[2.5630985764077403, 0.5066938613135554]",0,True,False
112,96.0,750.0,0.0,1,1,0,"[False  True False False False  True False False False False  True False
 False False  True False False False  True  True False False False  True
 False False False False False False False False False False False False
 False False False False False False False False  True False False False
 False False False False False False False False False False False False
 False False False  True  True False False]","[False False False False False False  True False False False False False
 False False  True False False False  True  True False False False  True
 False False False False False  True False False False False False False
 False False False False False False False False False False False False
 False False False False False False False False False False False False
 False False False False False False False]","[0.36, 0.64, 0.0]","[2.4412761378064363, 0.6372783160801316]",0,True,False
113,97.0,1500.0,0.0,1,-1,0,"[False False False False False False False False False False False False
 False False False False False False False False False False False False
 False False False False False False False False False False False False
 False False False False False False False False False False False False
 False False False False False False False False False False False False
 False False False False False False False]","[False  True False False False False  True False False False False False
 False False False False False False False False False False False False
 False False False False False False False False False False False False
 False False False False False False False False False False False False
 False False False False False False False False False False False False
 False False False False False False False]","[0.4, 0.6, 0.0]","[2.5630985764077403, 0.5066938613135554]",0,False,False
114,98.0,3000.0,0.0,-1,1,0,"[ True  True False False False False False False False False False False
 False False False False False False False False False False False False
 False False False False False False False False False False False False
 False False False False False False False False False False False False
 False False False False False False False False False False False False
 False False False False False False False]","[False False False False False False False False False False False False
 False False False False False False False False False False False False
 False False False False False False False False False False False False
 False False False False False False False False False False False False
 False False False False False False False False False False False False
 False False False False False False False]","[0.36, 0.64, 0.0]","[2.4412761378064363, 0.31462117104709175]",0,False,False
115,98.0,3000.0,0.0,-1,-1,0,"[False False False False False False False False False False False False
 False False False False False False False False False False False False
 False False False False False False False False False False False False
 False False False False False False False False False False False False
 False False False False False False False False False False False False
 False False False False False False False]","[ True False False False  True False False False  True  True False False
  True  True False False  True  True False False False  True False False
 False  True False False False False False False False False False False
 False  True False False False  True False False False False False False
 False False False False False False False False False False False False
 False False False False False False False]","[0.4, 0.6, 0.0]","[1.6832403249694212, 0.5066938613135554]",0,False,False
116,99.0,1500.0,0.0,1,-1,0,"[False False False False False False False False False False False False
 False False False False False False False False False False False False
 False False False False False False False False False False False False
 False False False False False False False False False False False False
 False False False False False False False False False False False False
 False False False False False False False]","[False False False False  True False False False False  True False False
 False False False False False False False False False False False False
 False False False False False False False False False False False False
 False False False False False False False False False False False False
 False False False False False False False False False False False False
 False False False False False False False]","[0.4, 0.6, 0.0]","[1.6832403249694212, 0.5066938613135554]",0,False,False
117,99.0,1500.0,0.0,1,1,0,"[False  True False False False  True False False False  True False False
 False False  True False False False  True False False False False False
 False False False False False False False False False  True False False
 False False False False  True  True False False False False False False
 False False False  True False False False  True False False False False
 False False False False False False False]","[False False False False False False False False False False False False
 False  True  True False False False  True False False False  True False
 False False False False False False False False False False False False
 False False False False False False False False False False False False
 False False False False False False False False False False False False
 False False False False False False False]","[0.36, 0.64, 0.0]","[1.5294172755398876, 0.31462117104709175]",0,False,False
118,100.0,3000.0,0.0,-1,-1,0,"[False False False False False False False False False False False False
 False False False False False False False False False False False False
 False False False False False False False False False False False False
 False False False False False False False False False False False False
 False False False False False False False False False False False False
 False False False False False False False]","[ True False False False  True False False False False  True False False
 False False False False  True  True False False  True  True False False
 False  True False False False False False  True False False False  True
  True False False False False False False False False False  True False
 False False False False False False False False False False False False
 False False False False False False False]","[0.36, 0.64, 0.0]","[1.5294172755398876, 0.31462117104709175]",0,False,False
119,101.0,6000.0,0.0,-1,-1,0,"[False False False False False False False False False False False False
 False False False False False False False False False False False False
 False False False False False False False False False False False False
 False False False False False False False False False False False False
 False False False False False False False False False False False False
 False False False False False False False]","[ True  True False False False  True  True False False False  True False
 False  True  True False False False  True  True False False False  True
 False False False False  True  True False False False  True False False
 False False False False False False False False  True  True False False
 False False False False False False False False False False False False
 False False False False False False False]","[0.36, 0.64, 0.0]","[1.5294172755398876, 0.31462117104709175]",0,False,False
120,102.0,1500.0,0.0,1,1,0,"[False False  True False False False  True False False False  True False
 False False False  True False False False  True  True False False  True
  True False False False  True False False False False False False False
 False False False False False False False  True False False False False
 False False False False False  True  True False False False  True False
 False False False False False False False]","[False False False False False False False False False False False False
 False False False  True False False False  True False False False  True
  True False False False  True False False False False False False False
 False False  True False False False False  True False False False False
 False False False False False False False False False False False False
 False False False False False False False]","[0.32, 0.68, 0.0]","[1.348977534191646, 0.4460153952645921]",0,False,False
121,103.0,3000.0,0.0,-1,-1,0,"[False False False False False False False False False False False False
 False False False False False False False False False False False False
 False False False False False False False False False False False False
 False False False False False False False False False False False False
 False False False False False False False False False False False False
 False False False False False False False]","[ True False False False  True  True False False False False False False
 False  True False False False  True  True False False  True  True False
 False False False False  True False False  True  True False False False
  True False False False False  True  True False False False  True  True
 False False False False False False False False False False False False
 False False False False False False False]","[0.36, 0.64, 0.0]","[1.5294172755398876, 0.31462117104709175]",0,False,False
122,104.0,750.0,0.0,1,1,0,"[ True False False False False False False False False  True False False
 False  True  True False False False  True False False  True  True False
 False False  True  True False False False  True False False False False
 False False False False False False  True False False False  True False
 False False  True False False False False False False False False False
 False False False False False False False]","[False False False False False False False False False False False False
 False False False False False False  True False False False  True False
 False False  True  True False False False  True False False False  True
 False False False False False False False False False  True False False
 False False False False False False False False False False False False
 False False False False False False False]","[0.32, 0.68, 0.0]","[1.348977534191646, 0.4460153952645921]",0,False,False
123,105.0,6000.0,0.0,-1,-1,0,"[False False False False False False False False False False False False
 False False False False False False False False False False False False
 False False False False False False False False False False False False
 False False False False False False False False False False False False
 False False False False False False False False False False False False
 False False False False False False False]","[False False  True False False False  True  True False False  True  True
 False False False  True False False False False  True False False False
  True False False False  True False False False False  True  True False
 False False  True False False False False False False  True False False
 False False False False False False False False False False False False
 False False False False False False False]","[0.36, 0.64, 0.0]","[1.5294172755398876, 0.6372783160801316]",0,False,False
124,106.0,3000.0,0.0,-1,-1,0,"[False False False False False False False False False False False False
 False False False False False False False False False False False False
 False False False False False False False False False False False False
 False False False False False False False False False False False False
 False False False False False False False False False False False False
 False False False False False False False]","[False False False False False False False  True False False  True  True
 False False False False  True False False  True  True False False  True
 False False False False  True False False False  True  True False False
 False False  True False False False  True  True False False False False
 False False  True False False False  True  True False False False False
 False False False False False False False]","[0.36, 0.64, 0.0]","[1.5294172755398876, 0.9775521605649683]",0,False,False
125,107.0,750.0,0.0,1,1,0,"[False False False False  True False False False  True False False False
  True  True False False False  True False False False  True False False
 False  True  True False False False  True False False False False False
  True False False False False False False False False False False False
 False False False  True False False False False False False False False
 False False False False False False False]","[False False False False  True False False False False False False False
 False  True False False False  True False False False  True False False
 False  True  True False False False  True False False False False False
  True False False False  True False False False False False  True  True
 False False False False False False False False False False False False
 False False False False False False False]","[0.36, 0.64, 0.0]","[1.5294172755398876, 0.9775521605649683]",0,False,False
126,108.0,750.0,0.0,1,-1,0,"[False False False False False False False False False False False False
 False False False False False False False False False False False False
 False False False False False False False False False False False False
 False False False False False False False False False False False False
 False False False False False False False False False False False False
 False False False False False False False]","[False False False False False False  True False False  True  True False
 False False False False False False False False False False False False
 False False False False False False False False False False False False
 False False False False False False False False False False False False
 False False False False False False False False False False False False
 False False False False False False False]","[0.36, 0.64, 0.0]","[2.4412761378064363, 0.9775521605649683]",0,False,False
127,108.0,750.0,0.0,1,1,0,"[False False False False False  True False False False False False False
 False False  True False False False  True False False False False  True
 False False False  True False False False False False False False False
 False False False False False False  True False False False False False
 False False  True False False False False False False  True False False
 False False False False False False False]","[False False False False False False False False False False False False
 False False False False False False False  True False False False  True
 False False False  True False False False  True  True False False False
 False False False False False False False False False False False False
 False False False False False False False False False False False False
 False False False False False False False]","[0.36, 0.64, 0.0]","[2.4412761378064363, 0.6372783160801316]",0,False,False
128,109.0,6000.0,0.0,-1,-1,0,"[False False False False False False False False False False False False
 False False False False False False False False False False False False
 False False False False False False False False False False False False
 False False False False False False False False False False False False
 False False False False False False False False False False False False
 False False False False False False False]","[False False False False False  True False False False  True False False
 False  True  True False False False  True False False  True  True False
 False False  True False False False False False False False False False
  True  True False False  True  True False False False False False  True
 False False False False  True False False False False False False False
 False False False False False False False]","[0.4, 0.6, 0.0]","[2.5630985764077403, 0.5066938613135554]",0,False,False
129,110.0,1500.0,0.0,1,1,0,"[False False  True False False False  True False False False False  True
 False False  True  True False False False  True False False False False
  True False False False  True False False False  True False False False
 False False  True False False False False False False False False False
 False False False False False  True False False False False False False
 False False False False False False False]","[False False False False False False False False False False False False
 False False False  True False False False  True False False False  True
  True False False False  True False False False  True False False False
 False False  True False False False  True False False False False False
 False False False False False False False False False False False False
 False False False False False False False]","[0.4, 0.6, 0.0]","[2.5630985764077403, 0.8614539877232001]",0,False,False
130,111.0,6000.0,0.0,-1,-1,0,"[False False False False False False False False False False False False
 False False False False False False False False False False False False
 False False False False False False False False False False False False
 False False False False False False False False False False False False
 False False False False False False False False False False False False
 False False False False False False False]","[ True False False False  True  True False False  True  True False False
 False  True False False False  True False False False  True  True False
 False  True  True False False False False  True  True False False False
  True  True False False False False False False False False False False
 False False False False False False False False False False False False
 False False False False False False False]","[0.44, 0.56, 0.0]","[2.670350930522295, 0.7322121668315051]",0,False,False
131,112.0,750.0,0.0,1,1,0,"[False False False False False False False False  True False False False
  True False False False  True  True False False False  True False False
 False False  True False False  True  True False False False  True False
 False False False False  True False False False False False False False
 False False False False False False False False False False False  True
 False False False False  True False False]","[False False False False False False False False False False False False
  True False False False False  True False False False  True False False
 False  True False False False  True  True False False False  True False
 False False False False  True False False False  True False False False
 False False False False False False False False False False False False
 False False False False False False False]","[0.44, 0.56, 0.0]","[2.670350930522295, 1.1318967437115721]",0,False,False
132,113.0,6000.0,0.0,-1,-1,0,"[False False False False False False False False False False False False
 False False False False False False False False False False False False
 False False False False False False False False False False False False
 False False False False False False False False False False False False
 False False False False False False False False False False False False
 False False False False False False False]","[False  True False False False  True False False False  True  True False
 False  True  True False False  True  True False False False  True False
 False False False  True False False False  True False False False False
  True  True False False False  True False False False False False False
 False False False False False False False False False False False False
 False False False False False False False]","[0.44, 0.56, 0.0]","[2.670350930522295, 1.1318967437115721]",0,False,False
133,114.0,3000.0,0.0,-1,-1,0,"[False False False False False False False False False False False False
 False False False False False False False False False False False False
 False False False False False False False False False False False False
 False False False False False False False False False False False False
 False False False False False False False False False False False False
 False False False False False False False]","[False False  True  True False False False  True False False False  True
 False False False False  True False False False  True False False False
  True False False False False  True False False False False  True  True
 False False False  True False False False False False False False False
 False False  True  True False False False False False False False False
 False False False False False False False]","[0.44, 0.56, 0.0]","[2.670350930522295, 1.583275816739861]",0,False,False
134,115.0,1500.0,0.0,1,1,0,"[False False False False  True False False False False False False False
 False False False False  True  True False False False  True False False
 False  True  True False False  True  True False False False  True False
 False False False False False False False  True False False False False
 False False False False False False False False False False False False
 False False False False False False False]","[False False False False False False False False False False False False
 False False False False False False False False False False False False
 False  True  True False False  True  True False False False  True False
 False False  True  True False False False False False False False False
 False False False False False False False False False False False False
 False False False False False False False]","[0.4, 0.6, 0.0]","[2.5630985764077403, 1.6832410393848654]",0,False,False
135,116.0,6000.0,0.0,-1,-1,0,"[False False False False False False False False False False False False
 False False False False False False False False False False False False
 False False False False False False False False False False False False
 False False False False False False False False False False False False
 False False False False False False False False False False False False
 False False False False False False False]","[False False False False  True False False False False  True False False
 False  True False False False  True False False False  True  True False
 False  True  True False False False  True False False False False False
  True False False False  True  True False False False False False False
 False False False False  True False False False False  True False False
 False False False False False False False]","[0.44, 0.56, 0.0]","[2.670350930522295, 1.583275816739861]",0,False,False
136,117.0,1500.0,0.0,1,-1,0,"[False False False False False False False False False False False False
 False False False False False False False False False False False False
 False False False False False False False False False False False False
 False False False False False False False False False False False False
 False False False False False False False False False False False False
 False False False False False False False]","[ True False False False  True False False False False False False False
 False False False False False False False False False False False False
 False False False False False False False False False False False False
 False False False False False False False False False False False False
 False False False False False False False False False False False False
 False False False False False False False]","[0.4, 0.6, 0.0]","[2.5630985764077403, 1.6832410393848654]",0,False,False
137,118.0,3000.0,0.0,-1,1,0,"[False False False  True False False False False False False False False
  True False False False False False False False False False False False
 False False False False False False False False False False False False
 False False False False False False False False False False False False
 False False False False False False False False False False False False
 False False False False False False False]","[False False False  True False False False False False False False False
  True False False False False False False False False False False False
 False False False False False False False False False False False False
 False False False False False False False False False False False False
 False False False False False False False False False False False False
 False False False False False False False]","[0.4, 0.6, 0.0]","[2.5630985764077403, 1.2458505001420814]",0,False,False
138,119.0,750.0,0.0,1,1,0,"[False  True False False False False  True False False False  True  True
 False False False  True False False False  True False False False  True
 False False False False  True False False False False False  True False
 False False False False False False False False False False False False
  True False False False False False False False False False False False
 False False False False False False False]","[False False False False False False False False False False False  True
 False False False  True False False False  True False False False  True
 False False False  True False False False False False False  True False
 False  True  True False False False False False False False False False
 False False False False False False False False False False False False
 False False False False False False False]","[0.4, 0.6, 0.0]","[1.6832403249694212, 1.2458505001420814]",0,False,False
139,120.0,750.0,0.0,1,1,0,"[ True False False False False False False False  True False False False
  True  True False False  True  True False False  True False False False
  True  True False False False  True False False False False False False
 False False False False False False False False False False False False
  True False False False False False False False False False False False
 False False False False False False False]","[False False False False False False False False False False False False
 False False False False  True  True False False  True  True False False
 False  True False False False  True False False False False  True False
 False False False False False False False False False False False False
 False False False False False False False False False False False False
 False False False False False False False]","[0.44, 0.56, 0.0]","[1.8169135474117328, 1.583275816739861]",0,False,False
140,121.0,3000.0,0.0,-1,-1,0,"[False False False False False False False False False False False False
 False False False False False False False False False False False False
 False False False False False False False False False False False False
 False False False False False False False False False False False False
 False False False False False False False False False False False False
 False False False False False False False]","[False  True False False False  True False False False  True  True False
 False  True False False False  True  True False False False  True False
 False False  True False False False False False  True  True False False
 False  True False False False  True False False False False False False
 False False False False False  True False False False False False False
 False False False False False False False]","[0.44, 0.56, 0.0]","[2.670350930522295, 1.583275816739861]",0,False,False
141,122.0,6000.0,0.0,-1,-1,0,"[False False False False False False False False False False False False
 False False False False False False False False False False False False
 False False False False False False False False False False False False
 False False False False False False False False False False False False
 False False False False False False False False False False False False
 False False False False False False False]","[False False False  True False False False  True  True False False False
  True  True False False  True  True False False  True False False False
 False False False False False False  True  True False False False  True
 False False False False False  True  True False False  True  True False
 False False False False False False False False False False False False
 False False False False False False False]","[0.44, 0.56, 0.0]","[2.670350930522295, 1.583275816739861]",0,False,False
142,123.0,6000.0,0.0,-1,-1,0,"[False False False False False False False False False False False False
 False False False False False False False False False False False False
 False False False False False False False False False False False False
 False False False False False False False False False False False False
 False False False False False False False False False False False False
 False False False False False False False]","[False False False  True False False False  True False False False  True
  True False False False False False False  True  True False False False
  True  True False False False False False False False False False  True
 False False False  True False False False False False False False False
 False False False False False False False False False False False False
 False False False False False False False]","[0.44, 0.56, 0.0]","[2.670350930522295, 2.135138788617833]",0,False,False
143,124.0,1500.0,0.0,1,1,0,"[False  True False False False False False False False  True False False
 False False  True False False False  True  True False False  True  True
 False False False False False False False False  True False False False
 False False  True False False  True  True False False False False False
 False False False False False  True False False  True  True False False
 False False False False False False False]","[False  True False False False False False False False False  True False
 False False False False False False  True False False False  True  True
 False False False  True False False False False False False False False
 False False False False False False False False False False False False
 False False False False False False False False False False False False
 False False False False False False False]","[0.4, 0.6, 0.0]","[2.5630985764077403, 2.2215409645048307]",0,True,False
144,125.0,3000.0,0.0,-1,-1,0,"[False False False False False False False False False False False False
 False False False False False False False False False False False False
 False False False False False False False False False False False False
 False False False False False False False False False False False False
 False False False False False False False False False False False False
 False False False False False False False]","[False  True  True False False False  True False False False  True False
 False False  True  True False False  True  True False False False  True
  True False False False False  True  True False False  True  True False
 False False False False False  True False False False  True  True False
 False False False False False False False False False False False False
 False False False False False False False]","[0.44, 0.56, 0.0]","[2.670350930522295, 2.135138788617833]",0,True,False
145,126.0,750.0,0.0,1,1,0,"[False False  True False False False False False False False  True False
 False False False  True False False False  True  True False False False
  True False False False  True False False False False False False False
 False False  True  True False False False False False False False False
 False False False False False  True False False False False False False
 False False  True False False False False]","[False False False False False False False False False False False False
 False False False  True False False False  True False False False False
  True False False False  True False False False  True False False False
 False False False  True False False  True  True False False False False
 False False False False False False False False False False False False
 False False False False False False False]","[0.44, 0.56, 0.0]","[2.670350930522295, 2.135138788617833]",0,True,False
146,127.0,1500.0,0.0,1,-1,0,"[False False False False False False False False False False False False
 False False False False False False False False False False False False
 False False False False False False False False False False False False
 False False False False False False False False False False False False
 False False False False False False False False False False False False
 False False False False False False False]","[ True  True False False False False False False False False False False
 False False False False False False False False False False False False
 False False False False False False False False False False False False
 False False False False False False False False False False False False
 False False False False False False False False False False False False
 False False False False False False False]","[0.44, 0.56, 0.0]","[2.670350930522295, 2.135138788617833]",0,True,False
147,127.0,1500.0,0.0,1,-1,0,"[ True False False False False False False False False False False False
 False False False False False False False False False False False False
 False False False False False False False False False False False False
 False False False False False False False False False False False False
 False False False False False False False False False False False False
 False False False False False False False]","[ True False False False False False False False False False  True False
 False False  True False False False False False False False False False
 False False False False False False False False False False False False
 False False False False False False False False False False False False
 False False False False False False False False False False False False
 False False False False False False False]","[0.44, 0.56, 0.0]","[2.670350930522295, 1.583275816739861]",0,False,False
148,127.0,1500.0,0.0,1,-1,0,"[False False False False False False False False False False False False
 False False False False False False False False False False False False
 False False False False False False False False False False False False
 False False False False False False False False False False False False
 False False False False False False False False False False False False
 False False False False False False False]","[False False False  True False False  True  True False False False False
 False False False False False False False False False False False False
 False False False False False False False False False False False False
 False False False False False False False False False False False False
 False False False False False False False False False False False False
 False False False False False False False]","[0.4, 0.6, 0.0]","[2.5630985764077403, 1.2458505001420814]",0,False,False
149,127.0,1500.0,0.0,1,1,0,"[False False False False False False  True False False False  True False
 False False False  True False False False  True False False False  True
 False False False  True  True False False False  True False False False
 False False False False False False  True False False False False False
 False False  True  True False False False False False False False False
 False False False False False False False]","[False False False False False False False False False False False False
 False False False False False False False  True False False False  True
 False False False  True False False False False  True False False False
  True False False False False False  True False False False  True False
 False False False False False False False False False False False False
 False False False False False False False]","[0.4, 0.6, 0.0]","[2.5630985764077403, 0.8614539877232001]",0,False,False
150,128.0,750.0,0.0,1,-1,0,"[ True False False False False False False False False False False False
 False False False False False False False False False False False False
 False False False False False False False False False False False False
 False False False False False False False False False False False False
 False False False False False False False False False False False False
 False False False False False False False]","[False False False False False  True False False False  True False False
 False False False False False False False False False False False False
 False False False False False False False False False False False False
 False False False False False False False False False False False False
 False False False False False False False False False False False False
 False False False False False False False]","[0.44, 0.56, 0.0]","[2.670350930522295, 0.7322121668315051]",0,False,False
151,129.0,6000.0,0.0,-1,1,0,"[False  True False False  True  True False False False False False False
 False False False False False False False False False False False False
 False False False False False False False False False False False False
 False False False False False False False False False False False False
 False False False False False False False False False False False False
 False False False False False False False]","[False  True False False False  True False False False False False False
 False False False False False False False False False False False False
 False False False False False False False False False False False False
 False False False False False False False False False False False False
 False False False False False False False False False False False False
 False False False False False False False]","[0.4, 0.6, 0.0]","[2.5630985764077403, 0.5066938613135554]",0,False,False
152,129.0,6000.0,0.0,-1,1,0,"[False False False False False  True False False False  True False False
 False False False False False False False False False False False False
 False False False False False False False False False False False False
 False False False False False False False False False False False False
 False False False False False False False False False False False False
 False False False False False False False]","[False False False False False  True False False False False False False
 False False False False False False False False False False False False
 False False False False False False False False False False False False
 False False False False False False False False False False False False
 False False False False False False False False False False False False
 False False False False False False False]","[0.44, 0.56, 0.0]","[1.8169135474117328, 0.7322121668315051]",0,False,False
153,130.0,1500.0,0.0,1,-1,0,"[False False False False False False False False False False False False
 False False False False False False False False False False False False
 False False False False False False False False False False False False
 False False False False False False False False False False False False
 False False False False False False False False False False False False
 False False False False False False False]","[False False False  True False False False  True  True False False False
 False False False False False False False False False False False False
 False False False False False False False False False False False False
 False False False False False False False False False False False False
 False False False False False False False False False False False False
 False False False False False False False]","[0.44, 0.56, 0.0]","[1.2091694501633, 0.7322121668315051]",0,False,False
154,131.0,3000.0,0.0,-1,-1,0,"[False False False False False False False False False False False False
 False False False False False False False False  True False False False
 False False False False False False False False False False False False
 False False False False False False False False False False False False
 False False False False False False False False False False False False
 False False False False False False False]","[False False  True False False False False  True False False False False
 False False False False False False False False False False False False
 False  True False False False  True False False False  True False False
  True  True False False False  True False False False  True False False
 False  True  True False False False False False  True False False  True
  True False False False  True False False]","[0.44, 0.56, 0.0]","[1.2091694501633, 0.3600244797379033]",0,False,False
155,132.0,1500.0,0.0,1,-1,0,"[False False False False False False False False False False False False
 False False False False False False False False False False False False
 False False False False False False False False False False False False
 False False False False False False False False False False False False
 False False False False False False False False False False False False
 False False False False False False False]","[ True False False False False  True False False False False False False
 False False False False False False False False False False False False
 False False False False False False False False False False False False
 False False False False False False False False False False False False
 False False False False False False False False False False False False
 False False False False False False False]","[0.4, 0.6, 0.0]","[1.04879987536743, 0.5066938613135554]",0,False,False
156,132.0,1500.0,0.0,1,1,0,"[ True False False False  True False False False  True False False False
 False  True False False False  True  True False False  True  True False
 False False  True False False False False False False False False False
 False False False False False  True  True False False False False False
 False False False False False False False False  True False False False
 False False False False False False False]","[False False False False False False False False False False False False
 False  True False False False  True False False False  True False False
 False  True  True False False False False  True  True False False False
 False False False False False False False False False False False False
 False False False False False False False False False False False False
 False False False False False False False]","[0.4, 0.6, 0.0]","[1.04879987536743, 0.16730335606762126]",0,False,False
157,133.0,750.0,0.0,1,1,0,"[False  True False False False  True False False False False False False
 False  True  True False False  True  True False False  True  True False
 False False  True  True False False False False False False False False
 False False False False False False  True  True False False False False
 False False False False False False False False False  True False False
 False False False False False False False]","[False False False False False False False False False False False False
 False False  True False False False  True False False False  True False
 False False  True False False False False False  True  True False False
 False False False False False False False False False False False False
 False False False False False False False False False False False False
 False False False False False False False]","[0.4, 0.6, 0.0]","[1.04879987536743, 0.16730335606762126]",0,False,False
158,134.0,1500.0,0.0,1,1,0,"[ True False False False  True False False False  True False False False
 False  True False False False  True False False False  True  True False
 False False False False False False False False  True False False False
 False False False False False False False False False False  True False
 False False False False False False False False False False False False
 False False False False False False False]","[False False False False False  True False False False False False False
 False  True False False False  True False False False  True False False
 False False  True False False False False False False False False False
 False False False False False False False False False False False False
 False False False False False False False False False False False False
 False False False False False False False]","[0.44, 0.56, 0.0]","[1.2091694501633, 0.0]",0,False,False
159,135.0,750.0,0.0,1,1,0,"[False False False False  True False False False False False False False
  True False False False False False False False False False False False
 False False False  True False False  True  True False False  True  True
 False False False  True False False False  True False False False False
 False False False False False  True  True False False False False False
 False False False False False False False]","[False False False False  True False False False False False False False
 False  True False False False False False False False False False False
 False False False False False False  True False False False  True  True
 False False False  True False False False  True False False False False
 False False False False False False  True False False False False False
 False False False False False False False]","[0.48, 0.52, 0.0]","[1.348978189813191, -0.1931170816217559]",0,False,False
160,136.0,6000.0,0.0,-1,-1,0,"[False False False False False False False False False False False False
 False False False False False False False False False False False False
 False False False False False False False False False False False False
 False False False False False False False False False False False False
 False False False False False False False False False False False False
 False False False False False False False]","[False False False False False False False  True False False False  True
 False False False False False False False False  True False False  True
  True False False  True  True False False False False False  True False
 False False  True False False False False False  True False False False
 False  True False False False False False False False False False False
 False False False False False False False]","[0.48, 0.52, 0.0]","[1.348978189813191, -0.1931170816217559]",0,False,False
161,137.0,1500.0,0.0,1,-1,0,"[False False False False False False False False False False False False
 False False False False False False False False False False False False
 False False False False False False False False False False False False
 False False False False False False False False False False False False
 False False False False False False False False False False False False
 False False False False False False False]","[False False False  True False False False  True False False False False
 False False False False False False False False False False False False
 False False False False False False False False False False False False
 False False False False False False False False False False False False
 False False False False False False False False False False False False
 False False False False False False False]","[0.48, 0.52, 0.0]","[1.348978189813191, -0.1931170816217559]",0,False,False
162,137.0,1500.0,0.0,1,1,0,"[False  True False False False  True False False False False  True False
 False False False False False False False  True False False False  True
 False False False  True  True False False False False False False False
 False False  True False False False False False False False False False
 False False False False False False False False False  True False False
 False False  True False False False False]","[False False  True False False False  True False False False False False
 False False False False False False False False False False False False
 False False False False False False False False False False False False
 False False False False False False False False False False False False
 False False False False False False False False False False False False
 False False False False False False False]","[0.48, 0.52, 0.0]","[1.348978189813191, -0.1931170816217559]",0,False,False
163,138.0,3000.0,0.0,-1,-1,0,"[False False False False False False False False False False False False
 False False False False False False False False False False False False
 False False False False False False False False False False False False
 False False False False False False False False False False False False
 False False False False False False False False False False False False
 False False False False False False False]","[ True False False False  True False False False False False False False
 False False False False  True False False False  True  True False False
  True  True False False False False False  True False False False  True
 False False False  True  True False False False False False  True False
 False False False False False False False False False False False False
 False False False False False False False]","[0.48, 0.52, 0.0]","[1.9348409100817299, -0.1931170816217559]",0,False,False
164,139.0,6000.0,0.0,-1,-1,0,"[False False False False False False False False False False False False
 False False False False False False False False False False False False
 False False False False False False False False False False False False
 False False False False False False False False False False False False
 False False False False False False False False False False False False
 False False False False False False False]","[False  True False False False False False False False  True False False
 False  True  True False False  True  True False False  True  True False
 False False  True False False False False False False False False False
 False  True False False  True  True False False False False False  True
 False False False False False False False False False False False False
 False False False False False False False]","[0.44, 0.56, 0.0]","[1.8169135474117328, 0.0]",0,False,False
165,140.0,750.0,0.0,1,1,0,"[False False False  True False False False False False False False  True
 False False False False  True False False False  True False False False
  True False False False  True  True False False False False False False
 False False False False False False False  True  True False False False
 False False False False False False False False False False False False
 False False False  True False False False]","[False False False False False False False False False False False False
 False False False False False False False False  True False False False
  True  True False False False  True False False False  True False False
 False False False False False False False False False False False False
 False False False False False False False False False False False False
 False False False False False False False]","[0.4, 0.6, 0.0]","[1.6832403249694212, 0.16730335606762126]",0,False,False
166,141.0,6000.0,0.0,-1,-1,0,"[False False False False False False False False False False False False
 False False False False False False False False False False False False
 False False False False False False False False False False False False
 False False False False False False False False False False False False
 False False False False False False False False False False False False
 False False False False False False False]","[ True False False False  True  True False False False False  True False
 False  True False False False False False False False  True  True False
 False  True  True False False False False False  True False False  True
  True False False False  True False False False False False False  True
 False False False False  True False False False False False False False
 False False False False False False False]","[0.44, 0.56, 0.0]","[1.8169135474117328, 0.0]",0,False,False
167,142.0,3000.0,0.0,-1,-1,0,"[False False False False False False False False False False False False
 False False False False False False False False False False False False
 False False False False False False False False False False False False
 False False False False False False False False False False False False
 False False False False False False False False False False False False
 False False False False False False False]","[False False  True  True False False  True  True False False  True  True
 False False  True  True False False False  True  True False False False
 False False False False False False  True False False False  True  True
 False False False False False  True False False False False  True False
 False False False False False False False False False False False False
 False False False False False False False]","[0.44, 0.56, 0.0]","[1.8169135474117328, 0.0]",0,False,False
168,143.0,3000.0,0.0,-1,-1,0,"[False False False False False False False False False False False False
 False False False False False False False False False False False False
 False False False False False False False False False False False False
 False False False False False False False False False False False False
 False False False False False False False False False False False False
 False False False False False False False]","[ True  True False False  True  True False False False  True False False
 False  True False False False  True  True False False  True  True False
 False False False False False False False False  True False False False
 False False  True  True False False False  True False False False False
 False False False False False False False False False False False False
 False False False False False False False]","[0.44, 0.56, 0.0]","[1.8169135474117328, 0.0]",0,False,False
169,144.0,1500.0,0.0,1,-1,0,"[False False False False False False False False False False False False
 False False False False False False False False False False False False
 False False False False False False False False False False False False
 False False False False False False False False False False False False
 False False False False False False False False False False False False
 False False False False False False False]","[False False  True  True False False False False False False False False
 False False False False False False False False False False False False
 False False False False False False False False False False False False
 False False False False False False False False False False False False
 False False False False False False False False False False False False
 False False False False False False False]","[0.4, 0.6, 0.0]","[1.6832403249694212, 0.16730335606762126]",0,False,False
170,145.0,3000.0,0.0,-1,-1,0,"[False False False False False False False False False False False False
 False False False False False False False False False False False False
 False False False False False False False False False False False False
 False False False False False False False False False False False False
 False False False False False False False False False False False False
 False False False False False False False]","[ True False False False  True  True False False False  True False False
  True  True False False  True  True False False False  True  True False
 False  True  True False False False False  True  True False False  True
  True False False False False False False False False False False False
 False False False False False False False False False False False False
 False False False False False False False]","[0.4, 0.6, 0.0]","[1.6832403249694212, -0.16730335606762126]",0,False,False
171,146.0,6000.0,0.0,-1,-1,0,"[False False False False False False False False False False False False
 False False False False False False False False False False False False
 False False False False False False False False False False False False
 False False False False False False False False False False False False
 False False False False False False False False False False False False
 False False False False False False False]","[ True  True False False False  True  True False False  True  True False
 False False  True False False False  True  True False False False False
 False  True False False False  True False False False False  True  True
 False False False  True  True False False False  True False False False
 False False False False False False False False False False False False
 False False False False False False False]","[0.36, 0.64, 0.0]","[1.5294172755398876, 0.0]",0,False,False
172,147.0,6000.0,0.0,-1,-1,0,"[False False False False False False False False False False False False
 False False False False False False False False False False False False
 False False False False False False False False False False False False
 False False False False False False False False False False False False
 False False False False False False False False False False False False
 False False False False False False False]","[ True  True False False False  True  True False False False  True False
 False False  True False False False False False False False False  True
 False False False False False False False False False  True False False
 False False False False  True False False False False  True False False
 False False False False False False False False False False False False
 False False False False False False False]","[0.36, 0.64, 0.0]","[1.5294172755398876, 0.31462117104709175]",0,False,False
173,148.0,750.0,0.0,1,1,0,"[False False False False False False False  True False False False False
 False False False  True False False False  True  True False False False
  True False False False False  True False False  True  True False False
 False False False False False  True  True False False False False False
 False False False False False False False False False False False False
 False False False  True False False False]","[False False False False False False False False False False False False
 False False False False False False False False  True False False False
  True False False False  True  True False False  True  True False False
 False  True False False False False False False False False False False
 False False False False False False False False False False False False
 False False False False False False False]","[0.36, 0.64, 0.0]","[1.5294172755398876, 0.6372783160801316]",0,False,False
174,149.0,3000.0,0.0,-1,-1,0,"[False False False False False False False False False False False False
 False False False False False False False False False False False False
 False False False False False False False False False False False False
 False False False False False False False False False False False False
 False False False False False False False False False False False False
 False False False False False False False]","[False False  True False False  True  True False False  True  True False
 False False  True  True False False  True  True False False False  True
 False False False  True  True False False False  True  True False False
 False  True False False False False False False False False False False
 False  True False False False False False False False False False False
 False False False False False False False]","[0.4, 0.6, 0.0]","[1.6832403249694212, 0.8614539877232001]",0,False,False
175,150.0,750.0,0.0,1,-1,0,"[False False False False False False False False False False False False
 False False False False False False False False False False False False
 False False False False False False False False False False False False
 False False False False False False False False False False False False
 False False False False False False False False False False False False
 False False False False False False False]","[False  True False False False  True False False False False False False
 False False False False False False False False False False False False
 False False False False False False False False False False False False
 False False False False False False False False False False False False
 False False False False False False False False False False False False
 False False False False False False False]","[0.36, 0.64, 0.0]","[1.5294172755398876, 0.9775521605649683]",0,False,False
176,150.0,750.0,0.0,1,1,0,"[False False False False False False False False  True False False False
  True False False False False  True False False  True  True False False
  True  True False False False  True False False False  True  True False
 False False False False False False False False False False False False
 False False False False False False False False False False False  True
 False False False False False False False]","[False False False False  True False False False  True False False False
  True False False False  True False False False False False False False
 False False False False False False False False False False False False
 False False False False False False False False False False False False
 False False False False False False False False False False False False
 False False False False False False False]","[0.36, 0.64, 0.0]","[1.5294172755398876, 0.9775521605649683]",0,False,False
177,151.0,3000.0,0.0,-1,-1,0,"[False False False False False False False False False False False False
 False False False False False False False False False False False False
 False False False False False False False False False False False False
 False False False False False False False False False False False False
 False False False False False False False False False False False False
 False False False False False False False]","[False  True False False False  True False False False False  True False
 False  True  True False False  True  True False False False  True False
 False False  True  True False False False False False  True False False
  True  True False False False False False  True False False False False
 False False False False False False False False False False False False
 False False False False False False False]","[0.36, 0.64, 0.0]","[2.4412761378064363, 0.9775521605649683]",0,False,False
178,152.0,1500.0,0.0,1,-1,0,"[False False False False False False False False False False False False
 False False False False False False False False False False False False
 False False False False False False False False False False False False
 False False False False False False False False False False False False
 False False False False False False False False False False False False
 False False False False False False False]","[False  True  True False False False False False False False False False
 False False False False False False False False False False False False
 False False False False False False False False False False False False
 False False False False False False False False False False False False
 False False False False False False False False False False False False
 False False False False False False False]","[0.32, 0.68, 0.0]","[nan, 1.0827894677165155]",0,False,False
179,152.0,1500.0,0.0,1,1,0,"[ True False False False False  True False False False  True False False
 False False  True False False False  True False False False  True False
 False False False False False False False False False False False False
 False  True False False False False False False False False False False
 False False False False False False False False False False False False
  True False False False False  True False]","[False  True False False False  True False False False False False False
 False False  True False False False  True False False False  True False
 False False  True False False False False False False False False False
 False False False False False False False False False False False False
 False False False False False False False False False False False False
 False False False False False False False]","[0.32, 0.68, 0.0]","[nan, 1.0827894677165155]",0,False,False
180,153.0,6000.0,0.0,-1,-1,0,"[False False False False False False False False False False False False
 False False False False False False False False False False False False
 False False False False False False False False False False False False
 False False False False False False False False False False False False
 False False False False False False False False False False False False
 False False False False False False False]","[False  True False False False  True False False False  True  True False
 False  True  True False False  True  True False False False  True False
 False False False  True False False False  True False False False False
 False  True False False False  True False False False False False False
 False False False False False False False False False False False False
 False False False False False False False]","[0.36, 0.64, 0.0]","[nan, 0.9775521605649683]",0,False,False
181,154.0,1500.0,0.0,1,1,0,"[ True False False False False False False False  True False False False
  True  True False False False  True False False False False  True False
 False False False False False False  True False False False False False
 False False False False False False False False False False False False
 False False False False False False False False False False False False
 False False False False False False False]","[ True False False False  True False False False False False False False
 False  True False False False  True False False False  True  True False
 False False False False False False False False False False False False
 False False False False False False False False False False False False
 False False False False False False False False False False False False
 False False False False False False False]","[0.36, 0.64, 0.0]","[nan, 1.34897851762444]",0,True,False
182,155.0,1500.0,0.0,1,-1,0,"[False False False False False False False False False False False False
 False False False False False False False False False False False False
 False False False False False False False False False False False False
 False False False False False False False False False False False False
 False False False False False False False False False False False False
 False False False False False False False]","[False False  True  True False False False False False False False False
 False False False False False False False False False False False False
 False False False False False False False False False False False False
 False False False False False False False False False False False False
 False False False False False False False False False False False False
 False False False False False False False]","[0.36, 0.64, 0.0]","[nan, 1.34897851762444]",0,True,False
183,156.0,750.0,0.0,1,1,0,"[False False False False False  True False False False  True False False
 False False False False False False  True False False False  True False
 False False False  True False False False False False False False False
 False False False False False False False False False False False False
 False False False False False False False  True False False False  True
 False False False False  True False False]","[ True False False False False  True False False False  True False False
 False False  True False False False False False False False False False
 False False False False False False False False False False False False
 False False False False False False False False False False False False
 False False False False False False False False False False False False
 False False False False False False False]","[0.32, 0.68, 0.0]","[nan, 1.0827894677165155]",0,True,False
184,157.0,3000.0,0.0,-1,-1,0,"[False False False False False False False False False False False False
 False False False False False False False False False False False False
 False False False False False False False False False False False False
 False False False False False False False False False False False False
 False False False False False False False False False False False False
 False False False False False False False]","[ True False False False  True False False False False  True False False
  True False False False  True  True False False  True  True False False
 False False False False False False False  True False False False  True
 False False False False False  True False False False False  True False
 False False False False False False False False False False False False
 False False False False False False False]","[0.32, 0.68, 0.0]","[nan, 1.0827894677165155]",0,True,False
185,158.0,6000.0,0.0,-1,-1,0,"[False False False False False False False False False False False False
 False False False False False False False False False False False False
 False False False False False False False False False False False False
 False False False False False False False False False False False False
 False False False False False False False False False False False False
 False False False False False False False]","[False  True False False False  True False False False  True  True False
 False False  True False False False  True False False False  True  True
 False False False  True False False False False  True  True False False
 False  True False False False False  True False False False False False
 False False False False False False False False False False False False
 False False False False False False False]","[0.28, 0.72, 0.0]","[nan, 1.1789108598452334]",0,False,False
186,159.0,750.0,0.0,1,1,0,"[ True False False False  True False False False False False False False
 False  True False False False  True False False False  True  True False
 False  True  True False False False False False  True False False False
 False False False False False False False False False False False  True
 False False False False False False False False False False False False
 False False False False False False False]","[ True False False False False False False False False  True False False
 False  True False False False  True False False False  True  True False
 False False  True False False False False False  True False False False
  True False False False False False False False False False False False
 False False False False False False False False False False False False
 False False False False False False False]","[0.28, 0.72, 0.0]","[nan, 1.1789108598452334]",0,False,False
187,160.0,6000.0,0.0,-1,-1,0,"[False False False False False False False False False False False False
 False False False False False False False False False False False False
 False False False False False False False False False False False False
 False False False False False False False False False False False False
 False False False False False False False False False False False False
 False False False False False False False]","[False  True False False False  True  True False False False  True False
 False  True  True False False False  True False False False  True  True
 False False False False False  True False False False  True False False
 False False False False  True False False False  True  True False False
 False False False False False False False False False False False False
 False False False False False False False]","[0.32, 0.68, 0.0]","[nan, 1.4430435559855672]",0,False,False
188,161.0,750.0,0.0,1,1,0,"[False False False False  True False False False  True False False False
 False  True False False False  True  True False False False  True False
 False False  True False False False  True False False False False False
 False False False False False  True False False False False False False
 False  True False False False False False False False False False False
 False False False False False False False]","[ True False False False False False False False False  True False False
 False False False False False False False False False False False False
 False False False False False False False False False False False False
 False False False False False False False False False False False False
 False False False False False False False False False False False False
 False False False False False False False]","[0.28, 0.72, 0.0]","[nan, 1.5294183119860194]",0,False,False
189,162.0,6000.0,0.0,-1,-1,0,"[False False False False False False False False False False False False
 False False False False False False False False False False False False
 False False False False False False False False False False False False
 False False False False False False False False False False False False
 False False False False False False False False False False False False
 False False False False False False False]","[ True False False  True  True False False False  True False False False
  True False False False  True False False False False  True False False
 False False False False False False  True  True False False False  True
  True False False False False False  True False False False False  True
 False False False False False False False False False False False False
 False False False False False False False]","[0.32, 0.68, 0.0]","[nan, 1.4430435559855672]",0,False,False
190,163.0,6000.0,0.0,-1,1,0,"[False False False False False False False False  True False False False
  True False False False False False False False False False False False
 False False False False False False False False False False False False
 False False False False False False False False False False False False
 False False False False False False False False False False False False
 False False False False False False False]","[False False False False False False False False False False False False
  True False False False False False False False False False False False
 False False False False False False False False False False False False
 False False False False False False False False False False False False
 False False False False False False False False False False False False
 False False False False False False False]","[0.32, 0.68, 0.0]","[nan, 1.4430435559855672]",0,False,False
191,163.0,6000.0,0.0,-1,-1,0,"[False False False False False False False False False False False False
 False False False False False False False False False False False False
 False False False False False False False False False False False False
 False False False False False False False False False False False False
 False False False False False False False False False False False False
 False False False False False False False]","[ True  True False False False False False False False  True False False
 False  True False False False  True  True False False  True  True False
 False False False  True  True False False  True  True False False False
  True  True False False False False False  True False False False False
  True False False False False False False False False False False False
 False False False False False False False]","[0.32, 0.68, 0.0]","[2.300694208940575, 1.4430435559855672]",0,False,False
192,164.0,3000.0,0.0,-1,-1,0,"[False False False False False False False False False False False False
 False False False False False False False False False False False False
 False False False False False False False False False False False False
 False False False False False False False False False False False False
 False False False False False False False False False False False False
 False False False False False False False]","[ True False False False  True False False False  True  True False False
  True  True False False  True  True False False False  True  True False
 False  True  True False False False False  True  True False False False
  True False False False False False False False False False False False
 False False False False False False False False False False False False
 False False False False False False False]","[0.32, 0.68, 0.0]","[2.300694208940575, 1.4430435559855672]",0,False,False
193,165.0,3000.0,0.0,-1,-1,0,"[False False False False False False False False False False False False
 False False False False False False False False False False False False
 False False False False False False False False False False False False
 False False False False False False False False False False False False
 False False False False False False False False False False False False
 False False False False False False False]","[ True False False False False  True  True False False  True  True False
 False  True  True False False False  True False False False False  True
 False False False False False False False False  True  True False False
 False  True False False False False False  True False False False False
  True False False False False False False False False False False False
 False False False False False False False]","[0.32, 0.68, 0.0]","[2.300694208940575, 1.4430435559855672]",0,False,False
194,166.0,750.0,0.0,1,-1,0,"[False False  True False False False False False False False False False
 False False False False False False False False False False False False
 False False False False False False False False False False False False
 False False False False False False False False False False False False
 False False False False False False False False False False False False
 False False False False False False False]","[False False False False False False False  True False False False  True
 False False False False False False False False False False False False
 False False False False False False False False False False False False
 False False False False False False False False False False False False
 False False False False False False False False False False False False
 False False False False False False False]","[0.32, 0.68, 0.0]","[2.300694208940575, 1.4430435559855672]",0,False,False
195,166.0,750.0,0.0,1,-1,0,"[False False False False  True False False False False False False False
 False False False False False False False False False False False False
 False False False False False False False False False False False False
 False False False False False False False False False False False False
 False False False False False False False False False False False False
 False False False False False False False]","[ True False False False  True False False False  True  True False False
 False False False False False False False False False False False False
 False False False False False False False False False False False False
 False False False False False False False False False False False False
 False False False False False False False False False False False False
 False False False False False False False]","[0.32, 0.68, 0.0]","[2.300694208940575, 1.4430435559855672]",0,False,False
196,167.0,3000.0,0.0,-1,-1,0,"[False False False False False False False False False False False False
 False False False False False False False False False False False False
 False False False False False False False False False False False False
 False False False False False False False False False False False False
 False False False False False False False False False False False False
 False False False False False False False]","[ True  True False False  True False False False  True False False False
  True False False False  True False False False False False False False
 False  True False False False False  True  True False False False  True
 False False False False False False False False False False  True  True
 False False False False False False False False False False False False
 False False False False False False False]","[0.32, 0.68, 0.0]","[2.300694208940575, 1.0827894677165155]",0,False,False
197,168.0,1500.0,0.0,1,-1,0,"[False False False False False False False False False False False False
 False False False False False False False False False False False False
 False False False False False False False False False False False False
 False False False False False False False False False False False False
 False False False False False False False False False False False False
 False False False False False False False]","[False False  True  True False False False False False False False False
 False False False False False False False False False False False False
 False False False False False False False False False False False False
 False False False False False False False False False False False False
 False False False False False False False False False False False False
 False False False False False False False]","[0.32, 0.68, 0.0]","[2.300694208940575, 1.0827894677165155]",0,False,False
198,168.0,1500.0,0.0,1,1,0,"[False  True False False False  True False False False  True False False
 False False  True False False False  True False False False  True  True
 False False False  True False False False  True False False False False
 False False False False False False False False False False False False
 False False False  True False False False False False False False False
 False False False False False False False]","[False  True False False False  True False False False False False False
 False False False False False False  True False False False  True False
 False False  True  True False False False  True False False False False
 False  True False False False False False False False False False False
 False False False False False False False False False False False False
 False False False False False False False]","[0.32, 0.68, 0.0]","[2.300694208940575, 0.7547834222332187]",0,False,False
199,169.0,6000.0,0.0,-1,-1,0,"[False False False False False False False False False False False False
 False False False False False False False False False False False False
 False False False False False False False False False False False False
 False False False False False False False False False False False False
 False False False False False False False False False False False False
 False False False False False False False]","[False False  True  True False False False False False False False  True
 False False False  True  True False False  True  True False False  True
  True False False False False False False False False  True  True False
 False False  True False False False False False False False False False
 False False False False False False False False False False False False
 False False False False False False False]","[0.32, 0.68, 0.0]","[2.300694208940575, 0.7547834222332187]",0,False,False
200,170.0,1500.0,0.0,1,1,0,"[False  True False False False False False False False  True False False
 False  True False False False False  True False False False False False
 False False False False False False  True False False False  True  True
 False False False False False False False  True False False False  True
 False False False False  True False False False False False False False
 False False False False False False False]","[False  True False False False False False False False False  True False
 False False  True False False False False False False False False False
 False False False False False False False False False False False False
 False False False False False False False False False False False False
 False False False False False False False False False False False False
 False False False False False False False]","[0.32, 0.68, 0.0]","[2.300694208940575, 0.7547834222332187]",0,False,False
201,171.0,750.0,0.0,1,-1,0,"[False False False False False False False False False False False False
 False False False False False False False False False False False False
 False False False False False False False False False False False False
 False False False False False False False False False False False False
 False False False False False False False False False False False False
 False False False False False False False]","[ True False False False  True False False False False False False False
 False False False False False False False False False False False False
 False False False False False False False False False False False False
 False False False False False False False False False False False False
 False False False False False False False False False False False False
 False False False False False False False]","[0.36, 0.64, 0.0]","[2.4412761378064363, 0.9775521605649683]",0,False,False
202,171.0,750.0,0.0,1,1,0,"[ True  True False False False  True False False False  True  True False
 False False  True False False  True  True False False False  True False
 False False False False  True False False False  True False False False
  True  True False False False False False  True False False False False
 False False False False False False False False False False False False
 False False False False False False False]","[False  True False False False  True False False False  True  True False
 False  True  True False False False  True False False False  True False
 False False False False  True False False False  True False False False
  True  True False False False False  True False False False False False
 False False False False False False False False False False False False
 False False False False False False False]","[0.32, 0.68, 0.0]","[2.300694208940575, 0.7547834222332187]",0,False,False
203,172.0,1500.0,0.0,1,1,0,"[False False False False False False False  True False False False False
  True False False False  True False False False False False False False
  True  True False False  True  True False False False False False False
 False False False False False False False  True  True False False False
 False False False False False False False False False False False False
 False False False False False False False]","[False False False False False False False False  True False False False
  True False False False  True False False False  True  True False False
 False False False False False False False False False False False False
 False False False False False False False False False False False False
 False False False False False False False False False False False False
 False False False False False False False]","[0.36, 0.64, 0.0]","[2.4412761378064363, 0.6372783160801316]",0,False,False
204,173.0,3000.0,0.0,-1,-1,0,"[False False False False False False False False False False False False
 False False False False False False False False False False False False
 False False False False False False False False False False False False
 False False False False False False False False False False False False
 False False False False False False False False False False False False
 False False False False False False False]","[False False  True False False False  True False False False  True False
 False False  True False False False  True  True False False False  True
 False False  True  True False False False False  True  True False False
  True  True False False False False False False  True False False False
 False  True False False False False False False False False False False
 False False False False False False False]","[0.4, 0.6, 0.0]","[2.5630985764077403, 0.8614539877232001]",0,False,False
205,174.0,750.0,0.0,1,1,0,"[ True False False False False False False False False  True False False
 False  True False False False  True  True False False False  True False
 False False  True False False False False  True False False False False
 False False False False False False False False False False False False
 False False False False False False False False  True  True False False
 False False False False False False False]","[False False False False False False False False False False False False
 False  True  True False False False  True False False False  True False
 False False  True False False False  True  True False False False False
 False False False False False False False False False False False False
 False False False False False False False False False False False False
 False False False False False False False]","[0.36, 0.64, 0.0]","[2.4412761378064363, 0.9775521605649683]",0,False,False
206,175.0,1500.0,0.0,1,-1,0,"[False False False False False False False False False False False False
 False False False False False False False False False False False False
 False False False False False False False False False False False False
 False False False False False False False False False False False False
 False False False False False False False False False False False False
 False False False False False False False]","[False False  True  True False False False False False False False False
 False False False False False False False False False False False False
 False False False False False False False False False False False False
 False False False False False False False False False False False False
 False False False False False False False False False False False False
 False False False False False False False]","[0.4, 0.6, 0.0]","[2.5630985764077403, 0.8614539877232001]",0,False,False
207,175.0,1500.0,0.0,1,-1,0,"[False False False False False False False False False False False False
 False False False False False False False False False False False False
 False False False False False False False False False False False False
 False False False False False False False False False False False False
 False False False False False False False False False False False False
 False False False False False False False]","[False False  True False False False  True  True False False False False
 False False False False False False False False False False False False
 False False False False False False False False False False False False
 False False False False False False False False False False False False
 False False False False False False False False False False False False
 False False False False False False False]","[0.36, 0.64, 0.0]","[2.4412761378064363, 0.6372783160801316]",0,False,False
208,175.0,1500.0,0.0,1,1,0,"[False False False False False False False  True False False False  True
 False False False False False False False  True  True False False False
  True False False False  True False False False  True False False False
  True False False False False False False False False False False False
 False False False False False False False False False False False  True
 False False False False False False False]","[False False False False False False False  True False False False False
 False False False  True False False False  True  True False False False
  True False False False  True False False False  True False False False
  True False False False  True False False False False False False False
 False False False False False False False False False False False False
 False False False False False False False]","[0.36, 0.64, 0.0]","[2.4412761378064363, 0.6372783160801316]",0,False,False
209,176.0,6000.0,0.0,-1,-1,0,"[False False False False False False False False False False False False
 False False False False False False False False False False False False
 False False False False False False False False False False False False
 False False False False False False False False False False False False
 False False False False False False False False False False False False
 False False False False False False False]","[False  True False False False  True False False False  True  True False
 False  True  True False False  True  True False False False  True False
 False False  True  True False False False False  True  True False False
  True  True False False False False False  True False False False False
  True False False False False False False False False False False False
 False False False False False False False]","[0.36, 0.64, 0.0]","[2.4412761378064363, 0.6372783160801316]",0,False,False
210,177.0,3000.0,0.0,-1,-1,0,"[False False False False False False False False False False False False
 False False False False False False False False False False False False
 False False False False False False False False False False False False
 False False False False False False False False False False False False
 False False False False False False False False False False False False
 False False False False False False False]","[ True False False False  True  True False False  True  True False False
 False  True False False  True  True False False False  True  True False
 False False False  True  True False False  True  True False False False
 False False  True  True False False False  True  True False False False
 False False False False False False False False False False False False
 False False False False False False False]","[0.36, 0.64, 0.0]","[2.4412761378064363, 0.6372783160801316]",0,False,False
211,178.0,750.0,0.0,1,1,0,"[False False False  True False False False  True False False False  True
 False False False False  True False False False  True  True False False
 False  True False False False False False False False False False False
 False False False False False False False  True  True False False False
 False False False False False False False False False False False  True
 False False False False False False False]","[False False False  True False False False False False False False False
  True False False False  True False False False  True  True False False
  True  True False False False False False False False False False False
 False False False False False False False False False False False False
 False False False False False False False False False False False False
 False False False False False False False]","[0.36, 0.64, 0.0]","[2.4412761378064363, 0.6372783160801316]",0,False,False
212,179.0,750.0,0.0,1,-1,0,"[False False False False False False False False False False False False
 False False False False False False False False False False False False
 False False False False False False False False False False False False
 False False False False False False False False False False False False
 False False False False False False False False False False False False
 False False False False False False False]","[ True False False False  True False False False False False False False
 False False False False False False False False False False False False
 False False False False False False False False False False False False
 False False False False False False False False False False False False
 False False False False False False False False False False False False
 False False False False False False False]","[0.36, 0.64, 0.0]","[2.4412761378064363, 0.6372783160801316]",0,False,False
213,179.0,750.0,0.0,1,1,0,"[ True False False False False  True False False False  True False False
 False False  True False False False  True  True False False  True  True
 False False False  True False False False False False False False False
  True  True False False False False False False False False False False
 False False False False False False False False False False False False
 False False False False False False False]","[False False False False False  True False False False False  True False
 False False  True False False False  True False False False  True False
 False False  True  True False False False False False False False False
 False False False False False False False False False False False False
 False False False False False False False False False False False False
 False False False False False False False]","[0.36, 0.64, 0.0]","[2.4412761378064363, 0.31462117104709175]",0,False,False
214,180.0,3000.0,0.0,-1,-1,0,"[False False False False False False False False False False False False
 False False False False False False False False False False False False
 False False False False False False False False False False False False
 False False False False False False False False False False False False
 False False False False False False False False False False False False
 False False False False False False False]","[False  True False False False  True False False False False  True False
 False False  True False False False  True  True False False  True  True
 False False False  True False False False False  True  True False False
  True  True False False False  True  True False False False False False
  True False False False False  True False False False False False False
 False False False False False False False]","[0.36, 0.64, 0.0]","[2.4412761378064363, 0.31462117104709175]",0,False,False
215,181.0,1500.0,0.0,1,1,0,"[False False False False False False  True False False False  True False
 False False  True False False False  True  True False False False  True
 False False False  True False False False False False False False False
 False False False False False False False False False  True  True False
 False False False False False False False False False False False False
 False False False False False False False]","[False False  True False False False False False False False  True False
 False False  True False False False  True False False False False  True
 False False False  True False False False  True False False False False
 False False False False False False False False False False False False
 False False False False False False False False False False False False
 False False False False False False False]","[0.36, 0.64, 0.0]","[2.4412761378064363, 0.31462117104709175]",0,False,False
216,182.0,1500.0,0.0,1,-1,0,"[False False False False False False False False False False False False
 False False False False False False False False False False False False
 False False False False False False False False False False False False
 False False False False False False False False False False False False
 False False False False False False False False False False False False
 False False False False False False False]","[ True False False False  True  True False False False False False False
 False False False False False False False False False False False False
 False False False False False False False False False False False False
 False False False False False False False False False False False False
 False False False False False False False False False False False False
 False False False False False False False]","[0.36, 0.64, 0.0]","[nan, 0.31462117104709175]",0,False,False
217,182.0,1500.0,0.0,1,-1,0,"[False False False False False False False False False False False False
 False False False False False False False False False False False False
 False False False False False False False False False False False False
 False False False False False False False False False False False False
 False False False False False False False False False False False False
 False False False False False False False]","[False False  True  True False False False False False False False False
 False False False False False False False False False False False False
 False False False False False False False False False False False False
 False False False False False False False False False False False False
 False False False False False False False False False False False False
 False False False False False False False]","[0.36, 0.64, 0.0]","[nan, 0.0]",0,False,False
218,182.0,1500.0,0.0,1,-1,0,"[False False False False False False False False False False False False
 False False False False False False False False False False False False
 False False False False False False False False False False False False
 False False False False False False False False False False False False
 False False False False False False False False False False False False
 False False False False False False False]","[False False False  True False False  True  True False False False False
 False False False False False False False False False False False False
 False False False False False False False False False False False False
 False False False False False False False False False False False False
 False False False False False False False False False False False False
 False False False False False False False]","[0.36, 0.64, 0.0]","[nan, -0.31462117104709175]",0,False,False
219,182.0,1500.0,0.0,1,1,0,"[ True False False False  True False False False False  True False False
 False  True False False False  True False False False  True  True False
 False False False False False False  True False False False False False
 False False False False False False False False False False False False
 False False False False False False False False False False False  True
 False False False False  True False False]","[False  True False False False  True False False False False False False
 False False False False False False False False False False False False
 False False False False False False False False False False False False
 False False False False False False False False False False False False
 False False False False False False False False False False False False
 False False False False False False False]","[0.36, 0.64, 0.0]","[nan, -0.6372783160801316]",0,False,False
220,183.0,3000.0,0.0,-1,-1,0,"[False False False False False False False False False False False False
 False False False False False False False False False False False False
 False False False False False False False False False False False False
 False False False False False False False False False False False False
 False False False False False False False False False False False False
 False False False False False False False]","[ True False False False False  True False False False  True False False
 False  True False False False  True False False False  True False False
 False  True False False False False  True False False False False False
  True False False  True  True False False False  True False False False
 False False  True  True False False False False False False False False
 False False False False False False False]","[0.4, 0.6, 0.0]","[nan, -0.5066938613135554]",0,False,False
221,184.0,6000.0,0.0,-1,1,0,"[False  True False False False False False False False  True False False
 False False False False False False False False False False False False
 False False False False False False False False False False False False
 False False False False False False False False False False False False
 False False False False False False False False False False False False
 False False False False False False False]","[False  True False False False  True False False False  True False False
 False False False False False False False False False False False False
 False False False False False False False False False False False False
 False False False False False False False False False False False False
 False False False False False False False False False False False False
 False False False False False False False]","[0.4, 0.6, 0.0]","[nan, -0.16730335606762126]",0,False,False
222,184.0,6000.0,0.0,-1,-1,0,"[False False False False False False False False False False False False
 False False False False False False False False False False False False
 False False False False False False False False False False False False
 False False False False False False False False False False False False
 False False False False False False False False False False False False
 False False False False False False False]","[False False  True  True False False False  True False False False  True
 False False False  True False False False False  True False False  True
  True False False  True  True False False False False  True  True False
 False False  True False False False  True  True False False False False
 False  True False False False False False False False False False False
 False False False False False False False]","[0.44, 0.56, 0.0]","[2.670350930522295, -0.3600244797379033]",0,False,False
223,185.0,6000.0,0.0,-1,-1,0,"[False False False False False False False False False False False False
 False False False False False False False False False False False False
 False False False False False False False False False False False False
 False False False False False False False False False False False False
 False False False False False False False False False False False False
 False False False False False False False]","[False False  True False False False  True False False False  True False
 False False  True False False False  True False False False  True  True
 False False  True  True False False False False  True  True False False
  True  True False False False False False False  True False False False
 False False False False False False False False False False False False
 False False False False False False False]","[0.44, 0.56, 0.0]","[2.670350930522295, 0.0]",0,True,False
224,186.0,750.0,0.0,1,1,0,"[False False False False  True False False False  True False False False
 False  True False False False  True False False False  True  True False
 False  True  True False False False  True False False False False False
 False False False False  True False False False False False False False
 False False False False False False False False False False False False
 False False False False False False False]","[ True False False False  True False False False  True False False False
 False  True False False False  True False False False  True False False
 False  True  True False False  True  True False False False False False
 False False False False False False False False False False False False
 False False False False False False False False False False False False
 False False False False False False False]","[0.4, 0.6, 0.0]","[2.5630985764077403, 0.16730335606762126]",0,True,False
225,187.0,6000.0,0.0,-1,-1,0,"[False False False False False False False False False False False False
 False False False False False False False False False False False False
 False False False False False False False False False False False False
 False False False False False False False False False False False False
 False False False False False False False False False False False False
 False False False False False False False]","[False  True  True False False  True  True False False  True  True False
 False False  True False False False  True False False False  True False
 False False False False False False False  True  True False False False
  True  True False False False False False False False False False False
 False False False False False False False False False False False False
 False False False False False False False]","[0.44, 0.56, 0.0]","[2.670350930522295, 0.0]",0,True,False
226,188.0,1500.0,0.0,1,-1,0,"[False False False False False False False False False False False False
 False False False False False False False False False False False False
 False False False False False False False False False False False False
 False False False False False False False False False False False False
 False False False False False False False False False False False False
 False False False False False False False]","[False  True False False False False  True False False False False False
 False False False False False False False False False False False False
 False False False False False False False False False False False False
 False False False False False False False False False False False False
 False False False False False False False False False False False False
 False False False False False False False]","[0.4, 0.6, 0.0]","[2.5630985764077403, 0.16730335606762126]",0,True,False
227,188.0,1500.0,0.0,1,1,0,"[False False False  True False False False  True False False False  True
 False False False  True  True False False False  True False False False
  True False False  True  True False False False  True False False False
 False False  True False False False False False False False  True  True
 False False False False False False False False False False False False
 False False False False False False False]","[False False False  True False False False  True False False False False
 False False False  True  True False False False  True False False  True
 False False False False  True False False False  True False False False
 False False  True False False False  True False False False False False
 False False False False False False False False False False False False
 False False False False False False False]","[0.4, 0.6, 0.0]","[2.5630985764077403, 0.16730335606762126]",0,True,False
228,189.0,750.0,0.0,1,1,0,"[ True False False  True False False False False  True False False False
  True False False False False  True False False False  True False False
 False  True False False False  True False False False False False False
 False False False False False False False False False False False False
 False False False False False False False False False False False False
 False False False False False False False]","[False False False False False False False False  True False False False
  True False False False  True False False False  True False False False
 False False False False False False False False False False False False
 False False False False False False False False False False False False
 False False False False False False False False False False False False
 False False False False False False False]","[0.4, 0.6, 0.0]","[2.5630985764077403, 0.16730335606762126]",0,False,False
229,190.0,1500.0,0.0,1,1,0,"[False  True False False False  True False False False  True False False
 False False  True False False  True  True False False False  True False
 False False  True  True False False False False False False False False
 False  True False False  True  True False False False False False False
 False False False False False False False False False False False False
 False False False False False False False]","[False  True False False False False False False False False False False
 False False  True False False False  True False False False  True False
 False False  True False False False False  True False False False False
  True False False False False False False False False False False False
 False False False False False False False False False False False False
 False False False False False False False]","[0.4, 0.6, 0.0]","[2.5630985764077403, 0.16730335606762126]",0,False,False
230,191.0,3000.0,0.0,-1,-1,0,"[False False False False False False False False False False False False
 False False False False False False False False False False False False
 False False False False False False False False False False False False
 False False False False False False False False False False False False
 False False False False False False False False False False False False
 False False False False False False False]","[ True False False False  True False False False  True  True False False
  True  True False False  True  True False False  True  True False False
 False False False False False False False  True False False False  True
  True False False False False False False False False False False False
 False False False False False False False False False False False False
 False False False False False False False]","[0.44, 0.56, 0.0]","[2.670350930522295, 0.0]",0,False,False
231,192.0,6000.0,0.0,-1,-1,0,"[False False False False False False False False False False False False
 False False False False False False False False False False False False
 False False False False False False False False False False False False
 False False False False False False False False False False False False
 False False False False False False False False False False False False
 False False False False False False False]","[False  True  True False False  True  True False False  True  True False
 False False  True False False False  True False False False  True False
 False False False  True  True False False False  True False False False
 False False  True  True False False False False False False False False
 False False False False False False False False False False False False
 False False False False False False False]","[0.4, 0.6, 0.0]","[2.5630985764077403, 0.16730335606762126]",0,False,False
232,193.0,3000.0,0.0,-1,-1,0,"[False False False False False False False False False False False False
 False False False False False False False False False False False False
 False False False False False False False False False False False False
 False False False False False False False False False False False False
 False False False False False False False False False False False False
 False False False False False False False]","[ True False False  True  True False False  True  True False False  True
  True False False False  True False False False False  True False False
 False  True False False False False False False  True False False False
  True False False False False False  True  True False False  True  True
 False False False False False False False False False False False False
 False False False False False False False]","[0.4, 0.6, 0.0]","[2.5630985764077403, 0.5066938613135554]",0,False,False
233,194.0,1500.0,0.0,1,1,0,"[False False False  True False False False  True False False False  True
 False False False  True  True False False False  True False False False
  True  True False False False  True False False  True  True False False
 False False False False False False False False  True False False False
 False False False False False False  True False False False False False
 False False False False False False False]","[False False False False False False False False  True False False False
 False False False False  True False False False  True False False False
  True False False False  True False False False False False False False
 False False False False False False False False False False False False
 False False False False False False False False False False False False
 False False False False False False False]","[0.4, 0.6, 0.0]","[2.5630985764077403, 0.8614539877232001]",0,False,False
234,195.0,1500.0,0.0,1,-1,0,"[False False False False False False False False False False False False
 False  True False False False False False False False False False False
 False False False False False False False False False False False False
 False False False False False False False False False False False False
 False False False False False False False False False False False False
 False False False False False False False]","[False False False False False False False False False  True False False
 False False  True False False False False False False False False False
 False False False False False False False False False False False False
 False False False False False False False False False False False False
 False False False False False False False False False False False False
 False False False False False False False]","[0.4, 0.6, 0.0]","[2.5630985764077403, 0.8614539877232001]",0,False,False
235,195.0,1500.0,0.0,1,-1,0,"[False False False False False False False False False False False False
 False False False False False False False False False False False False
 False False False False False False False False False False False False
 False False False False False False False False False False False False
 False False False False False False False False False False False False
 False False False False False False False]","[False  True False False False  True False False False False False False
 False False False False False False False False False False False False
 False False False False False False False False False False False False
 False False False False False False False False False False False False
 False False False False False False False False False False False False
 False False False False False False False]","[0.4, 0.6, 0.0]","[2.5630985764077403, 0.5066938613135554]",0,False,False
236,195.0,1500.0,0.0,1,1,0,"[False False False  True False False False  True False False False False
 False  True False False False False False False  True  True False False
 False False False False  True  True False False False False False False
 False False False False False False  True  True False False False False
 False False False False False False False False False False False False
 False False False False False False False]","[False False False False  True False False False False False False False
 False False False False  True  True False False False False False False
 False False False False False False False False False False False False
 False False False False False False False False False False False False
 False False False False False False False False False False False False
 False False False False False False False]","[0.4, 0.6, 0.0]","[2.5630985764077403, 0.16730335606762126]",0,False,False
237,196.0,750.0,0.0,1,-1,0,"[False  True False False False False False False False False False False
 False False False False False False False False False False False False
 False False False False False False False False False False False False
 False False False False False False False False False False False False
 False False False False False False False False False False False False
 False False False False False False False]","[False  True  True False False False  True False False False False False
 False False False False False False False False False False False False
 False False False False False False False False False False False False
 False False False False False False False False False False False False
 False False False False False False False False False False False False
 False False False False False False False]","[0.4, 0.6, 0.0]","[2.5630985764077403, 0.16730335606762126]",0,False,False
238,196.0,750.0,0.0,1,1,0,"[False False  True False False False  True False False False  True False
 False False  True  True False False False  True False False False  True
 False False  True False False False False  True False False False False
 False False False False False  True False False False False False False
 False False False False False False False False False False False False
 False False False False False False False]","[False False False False False False  True False False False  True False
 False False  True  True False False  True False False False  True  True
 False False False False False False False False False False False False
 False False False False False False False False False False False False
 False False False False False False False False False False False False
 False False False False False False False]","[0.4, 0.6, 0.0]","[2.5630985764077403, 0.16730335606762126]",0,False,False
239,197.0,1500.0,0.0,1,-1,0,"[False False False False False False False False False False False False
 False False False False False False False False False False False False
 False False False False False False False False False False False False
 False False False False False False False False False False False False
 False False False False False False False False False False False False
 False False False False False False False]","[False  True  True False False False False False False False False False
 False False False False False False False False False False False False
 False False False False False False False False False False False False
 False False False False False False False False False False False False
 False False False False False False False False False False False False
 False False False False False False False]","[0.4, 0.6, 0.0]","[2.5630985764077403, 0.16730335606762126]",0,False,False
240,197.0,1500.0,0.0,1,1,0,"[False False False False False False False  True False False  True False
 False False False  True False False False False False False False False
  True False False False False False False False False False False False
 False False False False False False False False  True False False False
  True False False False False False False False False False False False
 False False False False False False False]","[False False False  True False False False False False False False  True
 False False False False False False False False False False False False
 False False False False False False False False False False False False
 False False False False False False False False False False False False
 False False False False False False False False False False False False
 False False False False False False False]","[0.4, 0.6, 0.0]","[2.5630985764077403, -0.16730335606762126]",0,False,False
241,198.0,1500.0,0.0,1,-1,0,"[False False False False False False False False False False False False
 False False False False False False False False False False False False
 False False False False False False False False False False False False
 False False False False False False False False False False False False
 False False False False False False False False False False False False
 False False False False False False False]","[ True False False False  True False False False False False False False
 False False False False False False False False False False False False
 False False False False False False False False False False False False
 False False False False False False False False False False False False
 False False False False False False False False False False False False
 False False False False False False False]","[0.4, 0.6, 0.0]","[2.5630985764077403, -0.16730335606762126]",0,False,False
242,198.0,1500.0,0.0,1,-1,0,"[False False False False False False False False False False False False
 False False False False False False False False False False False False
 False False False False False False False False False False False False
 False False False False False False False False False False False False
 False False False False False False False False False False False False
 False False False False False False False]","[False  True  True False False False False False False False False False
 False False False False False False False False False False False False
 False False False False False False False False False False False False
 False False False False False False False False False False False False
 False False False False False False False False False False False False
 False False False False False False False]","[0.4, 0.6, 0.0]","[2.5630985764077403, -0.16730335606762126]",0,False,False
243,198.0,1500.0,0.0,1,1,0,"[False False False  True False False False  True False False False  True
 False False False  True  True False False  True  True False False  True
  True False False False False False False False False False False False
 False False False False False False False False False False False False
 False False False False False False False False False False False False
 False False False False False False False]","[False False False False False False False False False False False  True
 False False False False  True False False  True  True False False  True
  True False False False  True False False False False False  True False
 False False False False False False False False False False False False
 False False False False False False False False False False False False
 False False False False False False False]","[0.4, 0.6, 0.0]","[2.5630985764077403, -0.16730335606762126]",0,False,False
244,199.0,750.0,0.0,1,-1,0,"[False False False False False False False False False False False False
 False False False False False False False False False False False False
 False False False False False False False False False False False False
 False False False False False False False False False False False False
 False False False False False False False False False False False False
 False False False False False False False]","[False False False  True False False  True  True False False False False
 False False False False False False False False False False False False
 False False False False False False False False False False False False
 False False False False False False False False False False False False
 False False False False False False False False False False False False
 False False False False False False False]","[0.44, 0.56, 0.0]","[2.670350930522295, 0.0]",0,False,False
245,199.0,750.0,0.0,1,1,0,"[False False False  True False False False  True False False False  True
 False False False  True  True False False  True  True False False False
  True False False False  True False False False False False False False
 False  True  True False False False False False False False False False
 False False False False  True False False False False False False False
 False False False False False False False]","[False False False  True False False False False False False False False
  True False False False False False False  True  True False False  True
  True False False False False False False False False False False False
 False False False False False False False False False False False False
 False False False False False False False False False False False False
 False False False False False False False]","[0.4, 0.6, 0.0]","[2.5630985764077403, -0.16730335606762126]",0,False,False
246,200.0,750.0,0.0,1,1,0,"[False  True False False False False False False False  True False False
 False  True False False False  True  True False False  True  True False
 False  True  True False False False  True False False False  True  True
 False False False False False False False False False False False False
 False False False False False False False False False False False False
 False False False False False False False]","[False False False False False  True False False False  True False False
 False False False False False  True  True False False  True  True False
 False False  True False False False  True False False False  True False
 False False  True  True False False False False False False False False
 False False False False False False False False False False False False
 False False False False False False False]","[0.44, 0.56, 0.0]","[2.670350930522295, -0.3600244797379033]",0,False,False
247,201.0,6000.0,0.0,-1,-1,0,"[False False False False False False False False False False False False
 False False False False False False False False False False False False
 False False False False False False False False False False False False
 False False False False False False False False False False False False
 False False False False False False False False False False False False
 False False False False False False False]","[False False  True False False False  True False False False False False
 False False  True False False False  True False False False False  True
 False False False False False False False  True False False False False
  True  True False False  True  True False False False  True  True False
 False False False False False False False False False False False False
 False False False False False False False]","[0.44, 0.56, 0.0]","[nan, -0.3600244797379033]",0,False,False
248,202.0,3000.0,0.0,-1,-1,0,"[False False False False False False False False False False False False
 False False False False False False False False False False False False
 False False False False False False False False False False False False
 False False False False False False False False False False False False
 False False False False False False False False False False False False
 False False False False False False False]","[False False False  True False False False  True False False False  True
 False False False False  True False False  True  True False False False
  True False False False False  True False False False False False False
 False False  True  True False False False  True False False False False
 False False False False False False False False False False False False
 False False False False False False False]","[0.44, 0.56, 0.0]","[nan, -0.3600244797379033]",0,False,False
249,203.0,3000.0,0.0,-1,-1,0,"[False False False False False False False False False False False False
 False False False False False False False False False False False False
 False False False False False False False False False False False False
 False False False False False False False False False False False False
 False False False False False False False False False False False False
 False False False False False False False]","[False False  True False False False  True False False False False  True
 False False  True False False False  True False False False False False
 False False False  True False False False  True False False False  True
 False False False  True False False False False  True False False False
 False False False False False False False False False False False False
 False False False False False False False]","[0.44, 0.56, 0.0]","[nan, -0.3600244797379033]",0,False,False
250,204.0,3000.0,0.0,-1,-1,0,"[False  True False False False False False False False False False False
 False False False False False False False False False False False False
 False False False False False False False False False False False False
 False False False False False False False False False False False False
 False False False False False False False False False False False False
 False False False False False False False]","[False False False False False False False False False False False False
 False False  True False False False False  True False False False  True
  True False False  True  True False False  True  True False False False
  True False False False  True False False False False  True  True False
 False False  True  True False False False  True False False False False
 False False False False False False False]","[0.4, 0.6, 0.0]","[nan, -0.16730335606762126]",0,False,False
251,205.0,6000.0,0.0,-1,-1,0,"[False False False False False False False False False False False False
 False False False False False False False False False False False False
 False False False False False False False False False False False False
 False False False False False False False False False False False False
 False False False False False False False False False False False False
 False False False False False False False]","[ True False False  True  True False False False  True  True False False
  True  True False False  True  True False False False  True False False
 False  True False False False False  True  True False False False  True
  True False False False  True False False False False False False False
 False False False False False False False False False False False False
 False False False False False False False]","[0.4, 0.6, 0.0]","[nan, -0.16730335606762126]",0,False,False
252,206.0,6000.0,0.0,-1,-1,0,"[False False False False False False False False False False False False
 False False False False False False False False False False False False
 False False False False False False False False False False False False
 False False False False False False False False False False False False
 False False False False False False False False False False False False
 False False False False False False False]","[ True  True False False False  True False False False  True False False
 False False  True False False False  True False False False False False
 False False False  True False False False False  True  True False False
 False False False  True False False False  True  True False False False
 False False False False False False False False False False False False
 False False False False False False False]","[0.4, 0.6, 0.0]","[nan, 0.16730335606762126]",0,False,False
253,207.0,750.0,0.0,1,-1,0,"[False False False False False False False False False False False False
 False False False False False False False False False False False False
 False False False False False False False False False False False False
 False False False False False False False False False False False False
 False False False False False False False False False False False False
 False False False False False False False]","[False False False  True False False False  True False False False False
 False False False False False False False False False False False False
 False False False False False False False False False False False False
 False False False False False False False False False False False False
 False False False False False False False False False False False False
 False False False False False False False]","[0.36, 0.64, 0.0]","[nan, 0.31462117104709175]",0,False,False
254,207.0,750.0,0.0,1,-1,0,"[False False False False False False False False False False False False
 False False False False False False False False False False False False
 False False False False False False False False False False False False
 False False False False False False False False False False False False
 False False False False False False False False False False False False
 False False False False False False False]","[ True False False False  True  True False False False False False False
 False False False False False False False False False False False False
 False False False False False False False False False False False False
 False False False False False False False False False False False False
 False False False False False False False False False False False False
 False False False False False False False]","[0.32, 0.68, 0.0]","[nan, 0.1475824606895068]",0,False,False
255,207.0,750.0,0.0,1,1,0,"[False False False  True False False False  True False False False  True
 False False False  True  True False False False  True False False  True
  True False False False False False False False  True False False False
 False False False False False False False False False  True False False
 False False False False False False False False False False False False
 False False False False False False False]","[False False False False False False False  True False False False False
 False False False  True  True False False  True False False False  True
 False False False False False False False  True  True False False False
 False False False False False False False False False False False False
 False False False False False False False False False False False False
 False False False False False False False]","[0.28, 0.72, 0.0]","[nan, 0.0]",0,False,False
256,208.0,750.0,0.0,1,1,0,"[ True False False False False False False False False  True False False
 False  True False False False  True False False False False  True False
 False  True  True False False False False False False False False False
 False False False False False False False False False False False False
 False  True False False False False False False False False False False
 False False False False False False False]","[ True False False False False False False False False False False False
 False False False False False  True False False False  True  True False
 False  True  True False False False  True False False False False False
 False False False False False False False False False False False False
 False False False False False False False False False False False False
 False False False False False False False]","[0.32, 0.68, 0.0]","[nan, -0.1475824606895068]",0,False,False
257,209.0,1500.0,0.0,1,-1,0,"[False False False False False False False False False False False False
 False False False False False False False False False False False False
 False False False False False False False False False False False False
 False False False False False False False False False False False False
 False False False False False False False False False False False False
 False False False False False False False]","[False False False False  True False False False False False False False
 False False False False False False False False False False False  True
 False False False False False False False False False False False False
 False False False False False False False False False False False False
 False False False False False False False False False False False False
 False False False False False False False]","[0.36, 0.64, 0.0]","[nan, -0.31462117104709175]",0,False,False
258,209.0,1500.0,0.0,1,1,0,"[False  True False False False  True False False False  True False False
 False  True  True False False  True False False False  True  True False
 False  True  True False False False  True False False False False False
 False False False False  True False False False False False False False
 False False False False False False False False False False False False
 False False False False False False False]","[False  True False False False  True False False False False False False
 False  True False False False  True False False False  True  True False
 False  True  True False False False  True False False False False False
  True False False False  True False False False  True False False False
 False False False False False False False False False False False False
 False False False False False False False]","[0.36, 0.64, 0.0]","[nan, -0.6372783160801316]",0,False,False
259,210.0,6000.0,0.0,-1,-1,0,"[False False False False False False False False False False False False
 False False False False False False False False False False False False
 False False False False False False False False False False False False
 False False False False False False False False False False False False
 False False False False False False False False False False False False
 False False False False False False False]","[False  True False False False  True False False False  True False False
 False  True False False False False  True False False False False False
 False False  True False False False  True False False False False  True
  True False False False  True False False False False False False False
 False False False False False False False False False False False False
 False False False False False False False]","[0.36, 0.64, 0.0]","[nan, -0.6372783160801316]",0,False,False
260,211.0,6000.0,0.0,-1,-1,0,"[False False False False False False False False False False False False
 False False False False False False False False False False False False
 False False False False False False False False False False False False
 False False False False False False False False False False False False
 False False False False False False False False False False False False
 False False False False False False False]","[ True False False  True  True False False  True  True False False  True
  True False False False False False False False False False False False
 False False False False False  True False False False  True  True False
 False False  True  True False False False False False False False False
 False False False False False False False False False False False False
 False False False False False False False]","[0.36, 0.64, 0.0]","[nan, -0.31462117104709175]",0,False,False
261,212.0,1500.0,0.0,1,-1,0,"[False False False False False False False False False False False False
 False False False False False False False False False False False False
 False False False False False False False False False False False False
 False False False False False False False False False False False False
 False False False False False False False False False False False False
 False False False False False False False]","[False False False False False False False False False False False False
 False False False False False False False False  True False False False
  True  True False False False False False False False False False False
 False False False False False False False False False False False False
 False False False False False False False False False False False False
 False False False False False False False]","[0.36, 0.64, 0.0]","[nan, 0.0]",0,False,False
