,Trial index,Stim frequency,Stim AM rate,Category,Response,Task,Right licks,Left licks,Choice rate,dprimes,Timeline events,Flagged,Easy
0,0.0,6000.0,0.0,-1,1,0,"[False False False False False False  True False False False  True  True
 False False False False False False False False False False False False
 False False False False False False False False False False False False
 False False False False False False False False False False False False
 False False False False False False False False False False False False
 False False False False False False False]","[False False False False False False False False False False False False
 False False False False False False False False False False False False
 False False False False False False False False False False False False
 False False False False False False False False False False False False
 False False False False False False False False False False False False
 False False False False False False False]","[0, 0, 0]","[0, 0]",0,False,False
1,0.0,6000.0,0.0,-1,0,0,"[False False False False False False False False False False False False
 False False False False False False False False False False False False
 False False False False False False False False False False False False
 False False False False False False False False False False False False
 False False False False False False False False False False False False
 False False False False False False False]","[False False False False False False False False False False False False
 False False False False False False False False False False False False
 False False False False False False False False False False False False
 False False False False False False False False False False False False
 False False False False False False False False False False False False
 False False False False False False False]","[1.0, 0.0, 0.0]","[nan, 0.0]",0,False,True
2,1.0,1500.0,0.0,1,1,0,"[False False False False False  True  True False False False False False
 False False False  True False False False False  True False False False
  True False False  True  True False False  True  True False False False
 False False  True False False False False  True False False False  True
 False False False False False False False False False  True False False
 False  True False False False  True  True]","[False False False False False False False False False False False False
 False False False False False False False False False False False False
 False False False False False False False False False False False False
 False False False False False False False False False False False False
 False False False False False False False False False False False False
 False False False False False False False]","[0.5, 0.0, 0.5]","[nan, 0.0]",0,False,True
3,2.0,3000.0,0.0,-1,-1,0,"[False False False False False False False False False False False False
 False False False False False False False False False False False False
 False False False False False False False False False False False False
 False False False False False False False False False False False False
 False False False False False False False False False False False False
 False False False False False False False]","[False False False False False False False False False False False False
 False False False False False False False False False False False False
 False False False False False False False False False False False False
 False False False False False False False False False False False False
 False False False  True False False False  True False False False False
  True False False False  True False False]","[0.6666666666666666, 0.0, 0.3333333333333333]","[0.0, 0.0]",0,False,True
4,3.0,1500.0,0.0,1,1,0,"[False False False False False False False False False False False False
 False False False False False False False False False False  True False
 False False False  True False False False False  True False False False
  True False False False  True  True False False False  True False False
 False False  True  True False False  True False False False False False
  True False False False False False  True]","[False False False False False False False False False False False False
 False False False False False False False False False False False False
 False False False False False False False False False False False False
 False False False False False False False False False False False False
 False False False False False False False False False False False False
 False False False False False False False]","[0.5, 0.25, 0.25]","[0.0, nan]",0,False,True
5,4.0,750.0,0.0,1,1,0,"[False False False False False False False False False False False False
  True False False False  True False False False False  True False False
 False  True False False False  True False False False False False  True
 False False False  True False False False False False False False False
 False  True False False False False False False False False False False
 False False False False False  True False]","[False False False False False False False False False False False False
 False False False False False False False False False False False False
 False False False False False False False False False False False False
 False False False False False False False False False False False False
 False False False False False False False False False False False False
 False False False False False False False]","[0.6, 0.2, 0.2]","[0.8614515429653226, nan]",0,False,True
6,5.0,750.0,0.0,1,1,0,"[False False False False False False  True False False False  True False
 False False False  True False False False  True False False False  True
 False False False False  True False False False False False False False
 False False False False False False False  True  True False False  True
  True False False False False False  True False False False  True False
 False False False False False False False]","[False False False False False False False False False False False False
 False False False False False False False False False False False False
 False False False False False False False False False False False False
 False False False False False False False False False False False False
 False False False False False False False False False False False False
 False False False False False False False]","[0.6666666666666666, 0.16666666666666666, 0.16666666666666666]","[1.3489755673346382, nan]",0,False,True
7,6.0,1500.0,0.0,1,1,0,"[False False False False False False False False False False False False
 False False False False False False False False False False False False
 False False False False  True False False False  True  True False False
 False False  True False False False  True False False False  True False
 False False False False  True False False False  True False False False
 False False False False False False False]","[False False False False False False False False False False False False
 False False False False False False False False False False False False
 False False False False False False False False False False False False
 False False False False False False False False False False False False
 False False False False False False False False False False False False
 False False False False False False False]","[0.7142857142857143, 0.14285714285714285, 0.14285714285714285]","[1.6832381817308146, nan]",0,False,True
8,7.0,1500.0,0.0,1,1,0,"[False  True False False False False False False False False False False
 False False False False False False False False False False False False
 False False False False False False False False False False  True False
 False False False  True False False False  True False False False False
  True False False False  True False False False False False False False
 False False False False False False False]","[False False False False False False False False False False False False
 False False False False False False False False False False False False
 False False False False False False False False False False False False
 False False False False False False False False False False False False
 False False False False False False False False False False False False
 False False False False False False False]","[0.75, 0.125, 0.125]","[1.9348386864218154, nan]",0,False,True
9,8.0,750.0,0.0,1,1,0,"[False False False False False False False False False False False False
 False False False False False False False False  True False False False
  True False False False False  True False False False  True False False
 False  True False False False  True False False False False  True False
 False False False False  True False False False False False False False
 False  True False False False  True  True]","[False False False False False False False False False False False False
 False False False False False False False False False False False False
 False False False False False False False False False False False False
 False False False False False False False False False False False False
 False False False False False False False False False False False False
 False False False False False False False]","[0.7777777777777778, 0.1111111111111111, 0.1111111111111111]","[2.135136527393951, nan]",0,False,True
10,9.0,3000.0,0.0,-1,-1,0,"[False False False False False False False False False False False False
 False False False False False False False False False False False False
 False False False False False False False False False False False False
 False False False False False False False False False False False False
 False False False False False False False False False False False False
 False False False False False False False]","[False False False  True False False False  True False False False False
 False False False False False  True False False False  True False False
 False False  True False False False False  True False False False False
 False False False False False False False False False False False  True
 False False False  True False False False False False False False False
 False False False False False False False]","[0.8, 0.1, 0.1]","[2.300694208940575, nan]",0,False,True
11,10.0,3000.0,0.0,-1,-1,0,"[False False False False False False False False False False False False
 False False False False False False False False False False False False
 False False False False False False False False False False False False
 False False False False False False False False False False False False
 False False False False False False False False False False False False
 False False False False False False False]","[False False False False False False False False False False  True False
 False False False  True False False False  True  True False False False
  True False False False False False False False False False  True False
 False False  True False False False False False False False False False
 False False False False  True False False False False False False False
 False False False False False False False]","[0.7272727272727273, 0.18181818181818182, 0.09090909090909091]","[2.300694208940575, nan]",0,False,True
12,11.0,6000.0,0.0,-1,-1,0,"[False False False False False False False False False False False False
 False False False False False False False False False False False False
 False False False False False False False False False False False False
 False False False False False False False False False False False False
 False False False False False False False False False False False False
 False False False False False False False]","[False False False False False False False False False False False False
 False False False False False False False False False False False False
 False False False False False  True False False False False False False
 False  True False False False False False  True False False False  True
 False False False False False False False False False  True False False
 False  True False False False False False]","[0.6666666666666666, 0.25, 0.08333333333333333]","[2.300694208940575, nan]",0,False,True
13,12.0,750.0,0.0,1,1,0,"[False  True False False False  True False False False False  True False
 False False False  True False False False  True False False False  True
 False False False False False False  True False False False False False
 False False False  True  True False False False False False False False
 False False False False False False  True False False False  True  True
 False False False False False False False]","[False False False False False False False False False False False False
 False False False False False False False False False False False False
 False False False False False False False False False False False False
 False False False False False False False False False False False False
 False False False False False False False False False False False False
 False False False False False False False]","[0.6153846153846154, 0.3076923076923077, 0.07692307692307693]","[2.300694208940575, nan]",0,False,True
14,13.0,6000.0,0.0,-1,-1,0,"[False False False False False False False False False False False False
 False False False False False False False False False False False False
 False False False False False False False False False False False False
 False False False False False False False False False False False False
 False False False False False False False False False False False False
 False False False False False False False]","[False False False False False False False  True False False False False
 False False False False  True False False False False  True False False
 False  True False False False  True  True False False False  True False
 False False False False  True False False False False False False False
 False  True  True False False False  True False False False False False
 False False False False False False False]","[0.6428571428571429, 0.2857142857142857, 0.07142857142857142]","[2.4412761378064363, nan]",0,False,True
15,14.0,3000.0,0.0,-1,-1,0,"[False False False False False False False False False False False False
 False False False False False False False False False False False False
 False False False False False False False False False False False False
 False False False False False False False False False False False False
 False False False False False False False False False False False False
 False False False False False False False]","[False False False False False False  True False False False False False
 False False False False False  True False False False False False False
 False False False False False False False False  True False False False
  True False False False  True False False False False False  True False
 False False  True False False False False False False False False False
 False False  True  True False False False]","[0.6, 0.3333333333333333, 0.06666666666666667]","[2.4412761378064363, nan]",0,False,True
16,15.0,6000.0,0.0,-1,-1,0,"[False False False False False False False False False False False False
 False False False False False False False False False False False False
 False False False False False False False False False False False False
 False False False False False False False False False False False False
 False False False False False False False False False False False False
 False False False False False False False]","[False False False False False False False False False False False False
 False False False False False False False False False False False False
 False False False False False False False False False  True False False
 False  True False False False False  True False False False False  True
 False False False  True False False False  True  True False False False
 False  True False False False False False]","[0.5625, 0.375, 0.0625]","[2.4412761378064363, nan]",0,False,True
17,16.0,6000.0,0.0,-1,-1,0,"[False False False False False False False False False False False False
 False False False False False False False False False False False False
 False False False False False False False False False False False False
 False False False False False False False False False False False False
 False False False False False False False False False False False False
 False False False False False False False]","[False False False  True False False False False  True False False False
 False  True False False False  True False False False  True  True False
 False  True  True False False False False  True  True False False False
 False False False False False False  True False False False  True  True
 False False False  True False False False False False False False False
 False False False False False False False]","[0.5294117647058824, 0.4117647058823529, 0.058823529411764705]","[2.4412761378064363, nan]",0,False,True
18,17.0,750.0,0.0,1,1,0,"[False False  True False False False False False False False False False
 False False False False  True False False False False False False False
 False  True False False False  True False False False  True  True False
 False False False False False  True False False False False False False
 False False False  True False False False False False False False False
 False False False False False  True False]","[False False False False False False False False False False False False
 False False False False False False False False False False False False
 False False False False False False False False False False False False
 False False False False False False False False False False False False
 False False False False False False False False False False False False
 False False False False False False False]","[0.5, 0.4444444444444444, 0.05555555555555555]","[2.4412761378064363, nan]",0,False,True
19,18.0,6000.0,0.0,-1,-1,0,"[False False False False False False False False False False False False
 False False False False False False False False False False False False
 False False False False False False False False False False False False
 False False False False False False False False False False False False
 False False False False False False False False False False False False
 False False False False False False False]","[ True  True False False False  True False False False  True  True False
 False  True  True False False False  True False False False  True  True
 False False False False  True False False False False False False False
 False False  True  True False False False False False False False False
 False False False False False False False False False False False  True
 False False False False False False False]","[0.5263157894736842, 0.42105263157894735, 0.05263157894736842]","[2.5630985764077403, nan]",0,False,True
20,19.0,1500.0,0.0,1,1,0,"[False False False False  True False False False False False False False
 False  True False False False False  True False False False  True False
 False False  True False False False False  True False False False False
 False  True False False False False False False False False False  True
 False False False  True False False False False False False False False
 False False False False False False False]","[False False False False False False False False False False False False
 False False False False False False False False False False False False
 False False False False False False False False False False False False
 False False False False False False False False False False False False
 False False False False False False False False False False False False
 False False False False False False False]","[0.5, 0.45, 0.05]","[2.5630985764077403, nan]",0,False,True
21,20.0,6000.0,0.0,-1,-1,0,"[False False False False False False False False False False False False
 False False False False False False False False False False False False
 False False False False False False False False False False False False
 False False False False False False False False False False False False
 False False False False False False False False False False False False
 False False False False False False False]","[False False False False False  True False False False False  True False
 False False  True  True False False  True  True False False False  True
 False False False False  True False False False False  True  True False
 False  True False False False False False  True  True False False False
  True False False False False False  True  True False False False False
 False  True False False False False False]","[0.5238095238095238, 0.42857142857142855, 0.047619047619047616]","[2.670350930522295, nan]",0,False,True
22,21.0,3000.0,0.0,-1,-1,0,"[False False False False False False False False False False False False
 False False False False False False False False False False False False
 False False False False False False False False False False False False
 False False False False False False False False False False False False
 False False False False False False False False False False False False
 False False False False False False False]","[False False False False False False False False False False False False
 False False  True False False False  True False False False False  True
 False False False  True  True False False False False False False False
  True False False False  True  True False False False False  True  True
 False False False False False False False False False  True False False
 False  True False False False False False]","[0.5, 0.45454545454545453, 0.045454545454545456]","[2.670350930522295, nan]",0,False,True
23,22.0,1500.0,0.0,1,1,0,"[False False False False False False False  True False False False  True
 False False False False  True False False False  True  True False False
  True  True False False False  True False False False  True  True False
 False False False False  True False False False  True False False False
 False False False False False False  True False False False False False
 False False False False False False False]","[False False False False False False False False False False False False
 False False False False False False False False False False False False
 False False False False False False False False False False False False
 False False False False False False False False False False False False
 False False False False False False False False False False False False
 False False False False False False False]","[0.4782608695652174, 0.4782608695652174, 0.043478260869565216]","[2.670350930522295, nan]",0,False,True
24,23.0,3000.0,0.0,-1,-1,0,"[False False False False False False False False False False False False
 False False False False False False False False False False False False
 False False False False False False False False False False False False
 False False False False False False False False False False False False
 False False False False False False False False False False False False
 False False False False False False False]","[ True False False False  True False False False  True  True False False
 False  True False False False  True False False False  True  True False
 False False False  True  True False False False False False False False
 False  True  True False False False  True False False False False False
 False False False False False  True False False False False False False
 False False False False False False False]","[0.5, 0.4583333333333333, 0.041666666666666664]","[2.765983730024195, nan]",0,False,True
25,24.0,3000.0,0.0,-1,-1,0,"[False False False False False False False False False False False False
 False False False False False False False False False False False False
 False False False False False False False False False False False False
 False False False False False False False False False False False False
 False False False False False False False False False False False False
 False False False False False False False]","[False False False False False  True False False False  True False False
 False False  True False False False  True  True False False False  True
 False False False  True False False False  True  True False False False
 False  True  True False False False False False False False False False
  True False False False  True False False False False False False False
 False False False False False False False]","[0.48, 0.48, 0.04]","[2.765983730024195, nan]",0,False,True
26,25.0,750.0,0.0,1,1,0,"[ True False False False False  True False False False  True  True False
 False False  True False False False  True  True False False False  True
 False False False  True  True False False False False  True  True False
 False False False False False False False  True  True False False False
 False False False False False  True False False False False False False
 False False False False False False False]","[False False False False False False False False False False False False
 False False False False False False False False False False False False
 False False False False False False False False False False False False
 False False False False False False False False False False False False
 False False False False False False False False False False False False
 False False False False False False False]","[0.44, 0.52, 0.04]","[nan, nan]",0,False,True
27,26.0,1500.0,0.0,1,1,0,"[False  True False False False False  True False False False  True  True
 False False  True  True False False False  True False False False  True
  True False False False  True False False False False False  True False
 False False False False False False False False False False False False
  True False False False False  True False False False False False False
 False False False False False False False]","[False False False False False False False False False False False False
 False False False False False False False False False False False False
 False False False False False False False False False False False False
 False False False False False False False False False False False False
 False False False False False False False False False False False False
 False False False False False False False]","[0.48, 0.52, 0.0]","[nan, nan]",0,False,True
28,27.0,6000.0,0.0,-1,-1,0,"[False False False False False False False False False False False False
 False False False False False False False False False False False False
 False False False False False False False False False False False False
 False False False False False False False False False False False False
 False False False False False False False False False False False False
 False False False False False False False]","[False False False False False False False False  True False False False
  True False False False False  True  True False False  True  True False
 False  True  True False False False  True False False False False  True
 False False False False False False False False False False  True  True
 False False False  True False False False False False False False False
 False False False False False False  True]","[0.48, 0.52, 0.0]","[nan, nan]",0,False,True
29,28.0,750.0,0.0,1,1,0,"[False False  True False False False  True False False False False False
 False False False False  True False False  True  True False False False
  True False False False False False False  True False False False False
 False False False False  True  True False False False  True False False
 False False False False False False False False  True False False False
  True False False False False False False]","[False False False False False False False False False False False False
 False False False False False False False False False False False False
  True False False False False False False False False False False False
 False False False False False False False False False  True False False
 False False False False False False False False False False False False
 False False False False False False False]","[0.48, 0.52, 0.0]","[nan, nan]",0,False,False
30,29.0,750.0,0.0,1,-1,0,"[False False False False False False False False False False False False
 False False False False False False False False False False False False
 False False False False False False False False False False False False
 False False False False False False False False False False False False
 False False False False False False False False False False False False
 False False False False False False False]","[False False False False False False  True False False False False False
 False False False  True False False False False False False False False
 False False False False False False False False False False False False
 False False False False False False False False False False False False
 False False False False False False False False False False False False
 False False False False False False False]","[0.48, 0.52, 0.0]","[nan, nan]",0,False,False
31,30.0,3000.0,0.0,-1,-1,0,"[False False False False False False False False False False False False
 False False False False False False False False False False False False
 False False False False False False False False False False False False
 False False False False False False False False False False False False
 False False False False False False False False False False False False
 False False False False False False False]","[False False False False False False False False False False False  True
  True False False False  True  True False False  True  True False False
  True  True False False False  True False False False  True False False
 False  True  True False False False False  True  True False False  True
  True False False False  True False False False False False False False
 False False False False False False False]","[0.44, 0.56, 0.0]","[nan, 2.9304631030763524]",0,False,False
32,31.0,1500.0,0.0,1,-1,0,"[False False False False False False False False False False False False
 False False False False False False False False False False False False
 False False False False False False False False False False False False
 False False False False False False False False False False False False
 False False False False False False False False False False False False
 False False False False False False False]","[False False False False False False False False False False  True False
 False False  True False False False False False False False False False
 False False False False False False False False False False False False
 False False False False False False False False False False False False
 False False False False False False False False False False False False
 False False False False False False False]","[0.4, 0.6, 0.0]","[nan, 3.002167432214091]",0,False,False
33,31.0,1500.0,0.0,1,1,0,"[False False False False  True False False False  True False False False
 False  True  True False False  True  True False False  True  True False
 False False  True False False False  True  True False False False  True
 False False False False False False False False False  True False False
 False False False  True False False False False False False False False
 False False False False False False False]","[False False False False False False False False False False False False
 False False False False False  True False False False False  True False
 False False False False False False False False False False False False
 False False False False False False False False False False False False
 False False False  True False False False False False False False False
 False False False False False False False]","[0.36, 0.64, 0.0]","[nan, 2.3006964861980523]",0,False,False
34,32.0,1500.0,0.0,1,1,0,"[False False  True False False False  True False False False False  True
 False False False  True  True False False  True  True False False False
  True False False False  True  True False False False False  True  True
 False False False False False False False False  True  True False False
 False False False False False False False False False False False False
 False False False False False False False]","[False False False False False False False False False False False False
 False False False  True False False False False  True False False False
  True False False False  True False False False False False False False
 False False False  True False False False False False False False False
 False False False False False False False False False False False False
 False False False False False False False]","[0.36, 0.64, 0.0]","[nan, 2.3006964861980523]",0,False,False
35,33.0,750.0,0.0,1,1,0,"[ True False False False  True  True False False False  True  True False
 False  True  True False False False  True False False False  True  True
 False False False  True False False False False False  True False False
 False False False False False False False  True False False False  True
  True False False False  True False False False False False False False
 False False False False False False False]","[False False False False False False False False False False False False
 False False  True False False False  True False False False  True False
 False False False  True False False False False False False False False
 False False False False False False False  True False False False False
 False False False False False False False False False False False False
 False False False False False False False]","[0.36, 0.64, 0.0]","[nan, 2.3006964861980523]",0,False,False
36,34.0,750.0,0.0,1,1,0,"[ True  True False False False  True  True False False  True  True False
 False False  True False False False  True False False False  True  True
 False False False  True False False False False False  True False False
 False False False False False False False False False False False False
 False  True False False False  True False False False False False False
 False False False False False  True False]","[False False False False False False False False False False False False
 False False  True False False False  True False False False False  True
 False False False False False False False False False  True False False
 False False False  True False False False False False  True False False
 False False False False False False False False False False False False
 False False False False False False False]","[0.4, 0.6, 0.0]","[nan, 2.2215409645048307]",0,False,False
37,35.0,3000.0,0.0,-1,-1,0,"[False False False False False False False False False False False False
 False False False False False False False False False False False False
 False False False False False False False False False False False False
 False False False False False False False False False False False False
 False False False False False False False False False False False False
 False False False False False False False]","[False False False False False False False False False False False False
 False False False False False False False  True False False False False
  True False False False False  True False False  True  True False False
 False  True False False False  True False False False False False  True
 False False False  True False False False False  True False False False
 False  True  True False False  True  True]","[0.44, 0.56, 0.0]","[nan, 2.135138788617833]",0,False,False
38,36.0,6000.0,0.0,-1,-1,0,"[False False False False False False False False False False False False
 False False False False False False False False False False False False
 False False False False False False False False False False False False
 False False False False False False False False False False False False
 False False False False False False False False False False False False
 False False False False False False False]","[False False False False False False False False False False False  True
 False False False  True False False False False  True  True False False
  True  True False False  True  True False False False  True False False
 False False  True  True False False False  True False False False False
 False  True  True False False False  True False False False False False
 False False False False False  True False]","[0.44, 0.56, 0.0]","[nan, 2.135138788617833]",0,False,False
39,37.0,750.0,0.0,1,-1,0,"[False False False False False False False False False False False False
 False False False False False False False False False False False False
 False False False False False False False False False False False False
 False False False False False False False False False False False False
 False False False False False False False False False False False False
 False False False False False False False]","[False False  True False False False  True False False False False False
 False False False False False False False False False False False False
 False False False False False False False False False False False False
 False False False False False False False False False False False False
 False False False False False False False False False False False False
 False False False False False False False]","[0.4, 0.6, 0.0]","[nan, 2.2215409645048307]",0,False,False
40,38.0,1500.0,0.0,1,1,0,"[False False False False False False False False  True False False False
  True False False False False  True False False False  True  True False
 False  True  True False False False  True False False False False False
  True  True False False False False False False False False  True  True
 False False  True False False False False False False False False False
 False False False False False False False]","[False False False False False False False False False False False False
 False False False False False False False False False False False False
 False False  True False False False  True False False False False False
 False False False False  True False False False False False False False
 False False False  True False False False False False False False False
 False False False False False False False]","[0.4, 0.6, 0.0]","[nan, 1.6832410393848654]",0,False,False
41,39.0,6000.0,0.0,-1,-1,0,"[False False False False False False False False False False False False
 False False False False False False False False False False False False
 False False False False False False False False False False False False
 False False False False False False False False False False False False
 False False False False False False False False False False False False
 False False False False False False False]","[False False False False False False False  True False False False  True
  True False False False  True False False False  True  True False False
 False  True False False False  True False False False False False  True
  True False False False False False False False False False  True False
 False False  True False False False False False False False False False
 False False  True False False False False]","[0.44, 0.56, 0.0]","[nan, 1.583275816739861]",0,False,False
42,40.0,1500.0,0.0,1,1,0,"[False False False  True False False False False False False False False
 False False False False False  True False False False  True  True False
 False False  True False False False  True  True False False False  True
 False False False False False  True  True False False False False False
 False False False  True  True False False False False False False False
 False  True False False False False False]","[False False False False False False False False False False False False
 False False False False False False False False False False False False
 False False False False False False False False False False False  True
 False False False False False False False False False False  True False
 False False False False  True False False False  True False False False
 False False False False False False False]","[0.44, 0.56, 0.0]","[nan, 1.583275816739861]",0,False,False
43,41.0,6000.0,0.0,-1,-1,0,"[False False False False False False False False False False False False
 False False False False False False False False False False False False
 False False False False False False False False False False False False
 False False False False False False False False False False False False
 False False False False False False False False False False False False
 False False False False False False False]","[False False False False False False  True False False False  True False
 False False  True  True False False False  True False False False  True
  True False False  True  True False False False  True False False False
 False False  True False False False  True  True False False False  True
 False False False False False  True False False False False False False
 False False False False False False False]","[0.48, 0.52, 0.0]","[nan, 1.472630473950306]",0,False,False
44,42.0,3000.0,0.0,-1,-1,0,"[False False False False False False False False False False False False
 False False False False False False False False False False False False
 False False False False False False False False False False False False
 False False False False False False False False False False False False
 False False False False False False False False False False False False
 False False False False False False False]","[False False False False False False False False False False False False
 False False False False False False  True  True False False False  True
  True False False False  True False False False  True False False False
  True  True False False False  True False False False False  True  True
 False False False  True  True False False  True  True False False False
 False False False False False False False]","[0.44, 0.56, 0.0]","[nan, 1.583275816739861]",0,False,False
45,43.0,6000.0,0.0,-1,-1,0,"[False False False False False False False False False False False False
 False False False False False False False False False False False False
 False False False False False False False False False False False False
 False False False False False False False False False False False False
 False False False False False False False False False False False False
 False False False False False False False]","[False False False False  True False False False False  True False False
 False False  True False False  True  True False False False  True False
 False False  True  True False False False  True False False False False
  True  True False False False  True False False False False False  True
 False False False False False False False False False False False False
 False False False False False False False]","[0.44, 0.56, 0.0]","[nan, 1.583275816739861]",0,False,False
46,44.0,1500.0,0.0,1,-1,0,"[False False False False False False False False False False False False
 False False False False False False False False False False False False
 False False False False False False False False False False False False
 False False False False False False False False False False False False
 False False False False False False False False False False False False
 False False False False False False False]","[False  True  True False False False False False False False False False
 False False False False False False False False False False False False
 False False False False False False False False False False False False
 False False False False False False False False False False False False
 False False False False False False False False False False False False
 False False False False False False False]","[0.4, 0.6, 0.0]","[nan, 1.6832410393848654]",0,False,False
47,45.0,3000.0,0.0,-1,-1,0,"[False False False False False False False False False False False False
 False False False False False False False False False False False False
 False False False False False False False False False False False False
 False False False False False False False False False False False False
 False False False False False False False False False False False False
 False False False False False False False]","[False False  True False False False False  True False False False  True
  True False False  True  True False False False  True False False False
  True  True False False False False False  True False False  True  True
 False False False False  True  True False False False  True False False
 False False False False  True False False False  True False False False
 False False False False False False False]","[0.4, 0.6, 0.0]","[nan, 1.2458505001420814]",0,False,False
48,46.0,3000.0,0.0,-1,-1,0,"[False False False False False False False False False False False False
 False False False False False False False False False False False False
 False False False False False False False False False False False False
 False False False False False False False False False False False False
 False False False False False False False False False False False False
 False False False False False False False]","[False False False False False  True False False False False  True False
 False False  True  True False False False  True False False False  True
 False False False  True  True False False False  True False False False
 False False  True False False False  True False False False False False
  True  True False False False False False False False False False False
 False False False False False  True False]","[0.4, 0.6, 0.0]","[nan, 1.2458505001420814]",0,False,False
49,47.0,750.0,0.0,1,1,0,"[ True False False False False  True False False False False False False
 False False  True False False False  True  True False False False False
 False False False  True  True False False False False  True False False
 False False False False False False False  True False False False False
 False False False False  True False False False False False False False
 False False False False False False False]","[False False False False False False False False False False False False
 False False False False False False  True False False False False  True
 False False False False False False False False False False False False
 False False False False False False False  True False False False False
 False False False False  True False False False False False False False
 False False False False False False False]","[0.36, 0.64, 0.0]","[nan, 1.34897851762444]",0,False,False
50,48.0,6000.0,0.0,-1,-1,0,"[False False False False False False False False False False False False
 False False False False False False False False False False False False
 False False False False False False False False False False False False
 False False False False False False False False False False False False
 False False False False False False False False False False False False
 False False False False False False False]","[ True False False False  True  True False False False  True False False
 False  True  True False False  True  True False False False  True False
 False False False False  True False False False False  True False False
 False False False  True False False False  True False False False  True
  True False False False False False False False False False False  True
 False False False False False False False]","[0.4, 0.6, 0.0]","[nan, 1.2458505001420814]",0,False,False
51,49.0,750.0,0.0,1,1,0,"[False False False  True False False False  True  True False False False
  True  True False False  True  True False False False  True  True False
 False  True  True False False False  True False False False False False
 False False False False False  True False False False  True False False
 False  True False False False False False False False False False False
  True False False False False  True False]","[False False False False False False False False False False False False
 False False False False False False False False False  True False False
 False False False False False False False False False False  True False
 False False False False False False False False False  True False False
 False False False False False False False False False False False False
 False False False False False False False]","[0.4, 0.6, 0.0]","[nan, 1.2458505001420814]",0,False,False
52,50.0,1500.0,0.0,1,-1,0,"[False False False False False False False False False False False False
 False False False False False False False False False False False False
 False False False False False False False False False False False False
 False False False False False False False False False False False False
 False False False False False False False False False False False False
 False False False False False False False]","[False False False False  True False False False  True  True False False
 False False False False False False False False False False False False
 False False False False False False False False False False False False
 False False False False False False False False False False False False
 False False False False False False False False False False False False
 False False False False False False False]","[0.4, 0.6, 0.0]","[nan, 1.2458505001420814]",0,False,False
53,50.0,1500.0,0.0,1,-1,0,"[False False False False False False False False False False False False
 False False False False False False False False False False False False
 False False False False False False False False False False False False
 False False False False False False False False False False False False
 False False False False False False False False False False False False
 False False False False False False False]","[False False False  True False False False  True False False False False
 False False False False False False False False False False False False
 False False False False False False False False False False False False
 False False False False False False False False False False False False
 False False False False False False False False False False False False
 False False False False False False False]","[0.36, 0.64, 0.0]","[nan, 0.9775521605649683]",0,False,False
54,51.0,750.0,0.0,1,-1,0,"[False False False False False False False False False False False False
 False False False False False False False False False False False False
 False False False False False False False False False False False False
 False False False False False False False False False False False False
 False False False False False False False False False False False False
 False False False False False False False]","[False False False False False False False False  True False False False
  True False False False False False False False False False False False
 False False False False False False False False False False False False
 False False False False False False False False False False False False
 False False False False False False False False False False False False
 False False False False False False False]","[0.36, 0.64, 0.0]","[nan, 0.6372783160801316]",0,False,False
55,51.0,750.0,0.0,1,1,0,"[False False False False False False False False False False False False
 False False  True False False False False  True False False False  True
  True False False False  True False False False  True False False False
  True  True False False  True  True False False False  True False False
 False False False False False False False False False False False False
 False  True False False False  True False]","[False False False False False False False False False False False False
 False False False False False False False False False False False False
 False False False False False False False False  True False False False
  True False False False False  True False False False  True False False
 False False False False False False False False False False False False
 False False False False False False False]","[0.32, 0.68, 0.0]","[nan, 0.4460153952645921]",0,False,False
56,52.0,1500.0,0.0,1,1,0,"[ True False False  True False False False False False  True False False
  True  True False False  True  True False False False  True False False
 False False False False False False False  True False False False False
 False False False False False False False False False False False False
 False False False False False False False False False False False False
 False False False False False False False]","[False False False False False False False False False False False False
  True False False False False  True False False False  True False False
 False  True False False False False False False False False False  True
 False False False False False False False False False False False False
 False False False False False False False False False False False False
 False False False False False False False]","[0.36, 0.64, 0.0]","[nan, 0.6372783160801316]",0,False,False
57,53.0,3000.0,0.0,-1,1,0,"[False False False False  True False False False False  True False False
 False False False False False False False False False False False False
 False False False False False False False False False False False False
 False False False False False False False False False False False False
 False False False False False False False False False False False False
 False False False False False False False]","[False False False False False False False False False False False False
 False False False False False False False False False False False False
 False False False False False False False False False False False False
 False False False False False False False False False False False False
 False False False False False False False False False False False False
 False False False False False False False]","[0.4, 0.6, 0.0]","[nan, 0.5066938613135554]",0,False,False
58,54.0,3000.0,0.0,-1,1,0,"[False False False False False  True  True False False False False False
 False False False False False False False False False False False False
 False False False False False False False False False False False False
 False False False False False False False False False False False False
 False False False False False False False False False False False False
 False False False False False False False]","[False False False False False False False False False False False False
 False False False False False False False False False False False False
 False False False False False False False False False False False False
 False False False False False False False False False False False False
 False False False False False False False False False False False False
 False False False False False False False]","[0.44, 0.56, 0.0]","[2.670350930522295, 0.7322121668315051]",0,False,False
59,55.0,3000.0,0.0,-1,1,0,"[False False False False False False False False False False False False
 False False False False False False False False False False False False
 False False False False False False False  True False False False  True
 False False False False False False False False False False False False
 False False False False False False False False False False False False
 False False False False False False False]","[False False False False False False False False False False False False
 False False False False  True False False False False False False False
 False False False False False False False False False False False False
 False False False False False False False False False False False False
 False False False False False False False False False False False False
 False False False False False False False]","[0.44, 0.56, 0.0]","[1.8169135474117328, 0.7322121668315051]",0,False,False
60,56.0,750.0,0.0,1,1,0,"[False False  True False False False  True False False False False  True
 False False False  True  True False False  True  True False False  True
  True False False False  True False False False False False  True False
 False False  True False False False False False  True False False  True
 False False False False  True False False False False False  True False
 False False  True  True False False False]","[False False False False False False False False False False False False
 False False False False False False False  True False False False  True
 False False False False  True False False False False False False False
 False False False False False False False False False False False False
  True False False False False False False False False False False False
 False False False False False False False]","[0.44, 0.56, 0.0]","[1.2091694501633, 0.7322121668315051]",0,False,False
61,57.0,1500.0,0.0,1,1,0,"[False False  True False False False  True False False False  True  True
 False False False  True  True False False  True  True False False False
  True False False False False False  True False False False False False
 False False False False  True False False False  True False False False
 False False  True False False False  True False False False False False
 False False False False False False False]","[False False False False False False False False False False False False
 False False False False False False False  True  True False False False
 False False False False False False False False False False False False
 False False False False  True False False False False False False False
 False False False False False False False False False False False False
 False False False False False False False]","[0.44, 0.56, 0.0]","[1.2091694501633, 0.7322121668315051]",0,False,False
62,58.0,6000.0,0.0,-1,1,0,"[False False False False False False False  True False False False False
  True False False False False False False False False False False False
 False False False False False False False False False False False False
 False False False False False False False False False False False False
 False False False False False False False False False False False False
 False False False False False False False]","[False False False False False False False False False False False False
 False False False False False False False False False False False False
 False False False False False False False False False False False False
 False False False False False False False False False False False False
 False False False False False False False False False False False False
 False False False False False False False]","[0.44, 0.56, 0.0]","[1.2091694501633, 0.7322121668315051]",0,False,False
63,58.0,6000.0,0.0,-1,-1,0,"[False False False False False False False False False False False False
 False False False False False False False False False False False False
 False False False False False False False False False False False False
 False False False False False False False False False False False False
 False False False False False False False False False False False False
 False False False False False False False]","[False  True False False False False False False False False False False
 False False  True False False False False  True False False  True  True
 False False  True  True False False False  True False False False  True
  True False False False False  True  True False False  True False False
 False False False False  True False False False False False False False
 False False False False False False False]","[0.48, 0.52, 0.0]","[0.8614538349250738, 0.5867619998972957]",0,False,False
64,59.0,6000.0,0.0,-1,1,0,"[ True  True False False False False False False False False False False
 False False False False False False False False False False False False
 False False False False False False False False False False False False
 False False False False False False False False False False False False
 False False False False False False False False False False False False
 False False False False False False False]","[False False False False False False False False False False False False
 False False False False False False False False False False False False
 False False False False False False False False False False False False
 False False False False False False False False False False False False
 False False False False False False False False False False False False
 False False False False False False False]","[0.48, 0.52, 0.0]","[0.8614538349250738, 0.5867619998972957]",0,False,False
65,60.0,750.0,0.0,1,1,0,"[False False False False  True False False False False False False False
  True False False False False  True False False False  True  True False
 False  True  True False False False  True False False False  True  True
 False False False  True False False False False False  True False False
 False  True False False False False False  True False False False  True
 False False False False False False False]","[False False False False False False False False False False False False
 False False False False False False False False False False False False
 False  True  True False False False False False False False False False
 False False False False False False False False False False False False
 False False False False False False False False False False False False
 False False False False False False False]","[0.52, 0.48, 0.0]","[0.5867619998972957, 0.8614538349250738]",0,False,False
66,61.0,6000.0,0.0,-1,-1,0,"[False False False False False False False False False False False False
 False False False False False False False False False False False False
 False False False False False False False False False False False False
 False False False False False False False False False False False False
 False False False False False False False False False False False False
 False False False False False False False]","[False False False False False False False False False False False False
 False False False False  True False False False False False False False
 False False False False False False False False False False  True False
 False False  True  True False False False  True False False False  True
 False False False  True  True False False  True  True False False False
 False  True  True False False False  True]","[0.52, 0.48, 0.0]","[0.5867619998972957, 0.8614538349250738]",0,False,False
67,62.0,1500.0,0.0,1,1,0,"[False False False False  True False False False False False False False
  True False False False False False False False False  True  True False
 False False  True False False False  True  True False False  True  True
 False False False False  True  True False False False False False False
 False False False False False False False  True False False False False
 False False False False False False False]","[False False False False False False False False False False False False
 False False False False False False False False False  True  True False
 False False  True False False False False False False False False False
 False False False False False False False False False  True False False
 False False False  True False False False False False False False False
 False False False False False False False]","[0.52, 0.48, 0.0]","[0.5867619998972957, 0.8614538349250738]",0,False,False
68,63.0,3000.0,0.0,-1,-1,0,"[False False False False False False False False False False False False
 False False False False False False False False False False False False
 False False False False False False False False False False False False
 False False False False False False False False False False False False
 False False False False False False False False False False False False
 False False False False False False False]","[False False False False False False False False False False  True  True
 False False  True  True False False False  True  True False False  True
  True False False False  True False False False False False  True False
 False False  True False False False False  True  True False False False
 False False False False False False False False False False False False
 False False False False  True False False]","[0.52, 0.48, 0.0]","[0.5867619998972957, 0.8614538349250738]",0,False,False
69,64.0,750.0,0.0,1,1,0,"[ True False False False  True False False False False  True False False
 False  True  True False False  True  True False False False  True False
 False False  True  True False False False False  True  True False False
 False False False False False  True False False False False False False
 False False False False  True False False False  True False False False
 False False False False False False False]","[False False False False False False False False False False False False
 False False False False False False  True False False False  True False
 False False False False False False False False False False False False
 False  True False False False  True False False False False False  True
 False False False False False False False False False False False False
 False False False False False False False]","[0.52, 0.48, 0.0]","[0.5867619998972957, 0.8614538349250738]",0,False,False
70,65.0,1500.0,0.0,1,1,0,"[False False False False  True False False False  True False False False
 False  True False False False  True  True False False False  True False
 False False  True False False False  True  True False False False  True
 False False False False False False  True False False False False False
 False False  True False False False  True False False False False False
 False False False False False False False]","[False False False False False False False False False False False False
 False False False False False  True False False False False  True False
 False False False False False False False False False False False  True
 False False False False False  True False False False False False False
 False False  True False False False False False False False False False
 False False False False False False False]","[0.56, 0.44, 0.0]","[0.7322121668315051, 0.6975107308138484]",0,False,False
71,66.0,6000.0,0.0,-1,-1,0,"[False False False False False False False False False False False False
 False False False False False False False False False False False False
 False False False False False False False False False False False False
 False False False False False False False False False False False False
 False False False False False False False False False False False False
 False False False False False False False]","[False False False False  True False False False  True False False False
 False  True  True False False  True False False False False  True False
 False  True  True False False  True  True False False False False False
 False False False False  True False False False  True  True False False
 False  True False False False False False False False False False False
 False False False False False False False]","[0.6, 0.4, 0.0]","[0.8614539877232001, 0.5066936887499858]",0,False,False
72,67.0,750.0,0.0,1,1,0,"[False False False  True False False False  True False False False  True
 False False False False  True False False False  True  True False False
 False  True False False False  True  True False False False False False
  True False False False False False False False False False False False
 False False  True False False False False  True False False False False
 False False False False False False False]","[False False False False False False False False False False False False
 False False False False False False False False  True False False False
 False False False False False  True  True False False False False False
 False False False False  True False False False False False  True False
 False False False False False False False False False False False False
 False False False False False False False]","[0.6, 0.4, 0.0]","[0.8614539877232001, 1.04879987536743]",0,False,False
73,68.0,6000.0,0.0,-1,-1,0,"[False False False False False False False False False False False False
 False False False False False False False False False False False False
 False False False False False False False False False False False False
 False False False False False False False False False False False False
 False False False False False False False False False False False False
 False False False False False False False]","[False  True False False False False False False False  True False False
 False False  True False False False  True False False False  True  True
 False False  True  True False False False  True False False False False
  True  True False False False  True False False False False  True False
 False False False False  True False False False  True  True False False
 False False False False False False False]","[0.64, 0.36, 0.0]","[0.9775521605649683, 0.8614535802617546]",0,False,False
74,69.0,750.0,0.0,1,1,0,"[False  True False False False False  True False False False  True  True
 False False False  True False False False  True  True False False  True
  True False False False  True False False False False False False False
 False False  True  True False False False False False False False False
 False False False False  True False False False False False  True  True
 False False False  True False False False]","[False False False False False False False False False False False False
 False False False  True False False False False False False False False
  True False False False False False False False False  True False False
 False False False False False False False  True False False False False
 False False False False False False False False False False False False
 False False False False False False False]","[0.64, 0.36, 0.0]","[0.9775521605649683, 0.8614535802617546]",0,False,False
75,70.0,1500.0,0.0,1,-1,0,"[False False False False False False False False False False False False
 False False False False False False False False False False False False
 False False False False False False False False False False False False
 False False False False False False False False False False False False
 False False False False False False False False False False False False
 False False False False False False False]","[False False  True False False False  True False False False False False
 False False False False False False False False False False False False
 False False False False False False False False False False False False
 False False False False False False False False False False False False
 False False False False False False False False False False False False
 False False False False False False False]","[0.64, 0.36, 0.0]","[0.9775521605649683, 0.8614535802617546]",0,False,False
76,70.0,1500.0,0.0,1,-1,0,"[False False False False False False False False False False False False
 False False False False False False False False False False False False
 False False False False False False False False False False False False
 False False False False False False False False False False False False
 False False False False False False False False False False False False
 False False False False False False False]","[ True False False False  True False False False False False False False
 False False False False False False False False False False False False
 False False False False False False False False False False False False
 False False False False False False False False False False False False
 False False False False False False False False False False False False
 False False False False False False False]","[0.64, 0.36, 0.0]","[0.9775521605649683, 0.2794202853486787]",0,False,False
77,70.0,1500.0,0.0,1,1,0,"[False False False  True False False False  True False False False False
 False False False False  True  True False False  True  True False False
  True  True False False False  True False False False  True  True False
 False False False False False False False False  True False False False
 False False False False False False  True False False False False False
 False False False False False False False]","[False False False False False False False False False False False False
 False False False False False False False False  True  True False False
 False False False False False  True False False False  True  True False
 False False False False  True False False False False False False False
  True False False False False False False False False False False False
 False False False False False False False]","[0.6, 0.4, 0.0]","[0.8614539877232001, 0.0]",0,False,False
78,71.0,1500.0,0.0,1,1,0,"[False False False  True False False False False False False False False
  True False False False False  True  True False False  True  True False
 False False  True False False False  True False False False False  True
 False False False False False False False False False False False False
 False False False False False False False False  True False False False
  True  True False False False False False]","[False False False False False False False False False False False False
 False False False False False False False False False False  True False
 False False  True False False False False False False False False False
 False False False False False  True False False False  True False False
 False False False False False False False False False False False False
 False False False False False False False]","[0.64, 0.36, 0.0]","[0.9775521605649683, 0.2794202853486787]",0,False,False
79,72.0,6000.0,0.0,-1,-1,0,"[False False False False False False False False False False False False
 False False False False False False False False False False False False
 False False False False False False False False False False False False
 False False False False False False False False False False False False
 False False False False False False False False False False False False
 False False False False False False False]","[False False False False False  True False False False False False False
 False False  True False False False  True  True False False False  True
 False False False  True  True False False  True  True False False False
  True False False False False  True  True False False False  True False
 False False  True  True False False False False  True  True False False
 False  True False False False False False]","[0.68, 0.32, 0.0]","[1.0827894677165155, 0.6372779040108865]",0,False,False
80,73.0,3000.0,0.0,-1,1,0,"[False False False False False False  True  True False False False False
 False False False False False False False False False False False False
 False False False False False False False False False False False False
 False False False False False False False False False False False False
 False False False False False False False False False False False False
 False False False False False False False]","[False False False False False False False False False False False False
 False False False False False False False False False False False False
 False False False False False False False False False False False False
 False False False False False False False False False False False False
 False False False False False False False False False False False False
 False False False False False False False]","[0.68, 0.32, 0.0]","[1.0827894677165155, 1.348977534191646]",0,False,False
81,74.0,6000.0,0.0,-1,-1,0,"[False False False False False False False False False False False False
 False False False False False False False False False False False False
 False False False False False False False False False False False False
 False False False False False False False False False False False False
 False False False False False False False False False False False False
 False False False False False False False]","[False  True False False False False False False False False  True False
 False False False  True False False False  True False False False  True
  True False False  True  True False False False False False  True False
 False False  True False False False False False  True  True False False
 False  True False False False False False False False False False  True
 False False False False False False False]","[0.68, 0.32, 0.0]","[0.7547834222332187, 1.348977534191646]",0,False,False
82,75.0,750.0,0.0,1,1,0,"[False False False  True False False False  True  True False False False
  True  True False False  True  True False False False  True False False
 False  True  True False False  True  True False False False False False
  True False False False False False False False  True  True False False
 False  True False False False False False  True False False False  True
 False False False False False False False]","[False False False False False False False False False False False False
 False False False False False  True False False False  True False False
 False  True False False False False False False False False False False
 False False False False  True False False False False  True False False
 False  True False False False False False False False False False False
 False False False False False False False]","[0.64, 0.36, 0.0]","[0.6372783160801316, 1.5294172755398876]",0,False,False
83,76.0,3000.0,0.0,-1,-1,0,"[False False False False False False False False False False False False
 False False False False False False False False False False False False
 False False False False False False False False False False False False
 False False False False False False False False False False False False
 False False False False False False False False False False False False
 False False False False False False False]","[False False  True False False False False False False False False  True
 False False False False  True False False False  True  True False False
  True  True False False False  True  True False False False  True False
 False False False  True  True False False  True  True False False False
 False False  True  True False False False False False False False False
 False False False False False False False]","[0.64, 0.36, 0.0]","[0.9775521605649683, 1.5294172755398876]",0,False,False
84,77.0,1500.0,0.0,1,1,0,"[False False  True False False False False  True False False False False
  True False False False  True False False False  True  True False False
 False False False False False  True  True False False False False False
 False False False False False False False False False False False False
  True  True False False  True False False False False False False False
 False False False False False False False]","[False False False False False False False False False False False False
 False False False False False False False False  True  True False False
 False False False False False False False False False False  True False
 False False False False False False False False False False False False
  True False False False False  True False False False False False False
 False False False False False False False]","[0.6, 0.4, 0.0]","[1.2458505001420814, 1.6832403249694212]",0,False,False
85,78.0,3000.0,0.0,-1,-1,0,"[False False False False False False False False False False False False
 False False False False False False False False False False False False
 False False False False False False False False False False False False
 False False False False False False False False False False False False
 False False False False False False False False False False False False
 False False False False False False False]","[False False False False  True False False  True  True False False False
  True  True False False  True  True False False  True  True False False
 False  True False False False False  True False False False False  True
  True False False False  True False False False False  True  True False
 False False False False False False False False False False False False
 False False False False False False False]","[0.6, 0.4, 0.0]","[1.6832410393848654, 1.6832403249694212]",0,False,False
86,79.0,3000.0,0.0,-1,1,0,"[False False  True False False False False  True False False False False
 False False False False False False False False False False False False
 False False False False False False False False False False False False
 False False False False False False False False False False False False
 False False False False False False False False False False False False
 False False False False False False False]","[False False False False False False False False False False False False
 False False False False False False False False False False False False
 False False False False False False False False False False False False
 False False False False False False False False False False False False
 False False False False False False False False False False False False
 False False False False False False False]","[0.56, 0.44, 0.0]","[1.583275816739861, 1.8169135474117328]",0,False,False
87,80.0,3000.0,0.0,-1,1,0,"[False False False False  True False False False False  True False False
 False False False False False False False False False False False False
 False False False False False False False False False False False False
 False False False False False False False False False False False False
 False False False False False False False False False False False False
 False False False False False False False]","[False False False False False False False False False False False False
 False False False False False False False False False False False False
 False False False False False False False False False False False False
 False False False False False False False False False False False False
 False False False False False False False False False False False False
 False False False False False False False]","[0.56, 0.44, 0.0]","[1.1318967437115721, 1.8169135474117328]",0,False,False
88,80.0,3000.0,0.0,-1,-1,0,"[False False False False False False False False False False False False
 False False False False False False False False False False False False
 False False False False False False False False False False False False
 False False False False False False False False False False False False
 False False False False False False False False False False False False
 False False False False False False False]","[False  True False False False False  True False False False False False
 False False  True False False False  True False False False  True False
 False False  True  True False False False False  True False False False
 False False False False False False  True  True False False  True  True
 False False False False False False False False False False False False
 False False False False False False False]","[0.56, 0.44, 0.0]","[1.1318967437115721, 1.8169135474117328]",0,False,False
89,81.0,1500.0,0.0,1,1,0,"[ True False False False False False False False  True False False False
  True  True False False  True  True False False False  True False False
 False  True  True False False  True  True False False False False  True
  True False False False False False False False  True False False False
 False False False  True False False False False False False False  True
 False False False False False False False]","[False False False False False False False False False False False False
 False False False False False False False False False  True False False
 False  True False False False False False False False False False False
  True False False False  True False False False  True False False False
 False False False False False False False False False False False False
 False False False False False False False]","[0.56, 0.44, 0.0]","[1.1318967437115721, 1.8169135474117328]",0,False,False
90,82.0,1500.0,0.0,1,-1,0,"[False False False False False False False False False False False False
 False False False False False False False False False False False False
 False False False False False False False False False False False False
 False False False False False False False False False False False False
 False False False False False False False False False False False False
 False False False False False False False]","[False False False False False  True False False False False False False
 False False False False False False False False False False False False
 False False False False False False False  True False False False False
 False False False False False False False False False False False False
 False False False False False False False False False False False False
 False False False False False False False]","[0.56, 0.44, 0.0]","[1.583275816739861, 1.8169135474117328]",0,False,False
91,83.0,1500.0,0.0,1,1,0,"[False False  True False False False  True  True False False False  True
  True False False  True  True False False  True  True False False False
  True  True False False  True  True False False False False False  True
 False False False False False False False False False  True False False
 False  True False False False  True False False False False False False
 False False False False False False False]","[False False False False False False False False False False False False
 False False False  True False False False False  True False False False
  True False False False  True  True False False False False False False
 False False False  True False False False False False False False False
 False  True False False False False  True False False False False False
 False False False False False False False]","[0.52, 0.48, 0.0]","[1.472630473950306, 1.348978189813191]",0,False,False
92,84.0,1500.0,0.0,1,1,0,"[False  True False False False False  True False False False  True  True
 False False  True  True False False False  True False False False  True
  True False False False False False False False False  True  True False
 False False False False False False  True False False False False False
 False  True False False False False  True False False False False  True
 False False False False False False False]","[False False False False False False False False False False False False
 False False False  True False False False  True False False False False
 False False False False  True False False False False False False False
 False False  True False False False False False False False False False
 False False False False False False False False False False False False
 False False False False False False False]","[0.56, 0.44, 0.0]","[1.583275816739861, 1.2091694501633]",0,False,False
93,85.0,750.0,0.0,1,1,0,"[False  True False False False  True False False False False False False
 False False  True False False False  True  True False False  True  True
 False False False  True False False False  True  True False False False
 False  True False False False  True  True False False False False False
 False False False False  True False False False  True False False False
 False  True False False False False False]","[False False False False False False False False False False False False
 False False False False False False  True False False False False  True
 False False False  True False False False  True False False False False
 False  True False False False False False False False False  True False
 False False False False False False False False False False False False
 False False False False False False False]","[0.56, 0.44, 0.0]","[1.583275816739861, 1.2091694501633]",0,False,False
94,86.0,750.0,0.0,1,-1,0,"[False False False  True False False False False False False False False
 False False False False False False False False False False False False
 False False False False False False False False False False False False
 False False False False False False False False False False False False
 False False False False False False False False False False False False
 False False False False False False False]","[False False False False False False False False False False False False
 False False False False False False False False False False False False
 False False False  True False False False  True False False False False
 False False False False False False False False False False False False
 False False False False False False False False False False False False
 False False False False False False False]","[0.6, 0.4, 0.0]","[1.6832410393848654, 1.04879987536743]",0,False,False
95,86.0,750.0,0.0,1,-1,0,"[False False False False False False False False False False False False
 False False False False False False False False False False False False
 False False False False False False False False False False False False
 False False False False False False False False False False False False
 False False False False False False False False False False False False
 False False False False False False False]","[False  True False False  True  True False False False False False False
 False False False False False False False False False False False False
 False False False False False False False False False False False False
 False False False False False False False False False False False False
 False False False False False False False False False False False False
 False False False False False False False]","[0.56, 0.44, 0.0]","[1.583275816739861, 0.6975107308138484]",0,False,False
96,87.0,6000.0,0.0,-1,-1,0,"[False False False False False False False False False False False False
 False False False False False False False False False False False False
 False False False False False False False False False False False False
 False False False False False False False False False False False False
 False False False False False False False False False False False False
 False False False False False False False]","[False False False False False False False False False  True False False
 False  True False False False False  True False False False  True  True
 False False  True  True False False False  True False False False  True
 False False False False False  True False False False False False  True
 False False False  True False False False False False False False False
 False False False False False False False]","[0.52, 0.48, 0.0]","[1.472630473950306, 0.42085643268640105]",0,False,False
97,88.0,6000.0,0.0,-1,-1,0,"[False False False False False False False False False False False False
 False False False False False False False False False False False False
 False False False False False False False False False False False False
 False False False False False False False False False False False False
 False False False False False False False False False False False False
 False False False False False False False]","[False False False False False  True False False False  True False False
 False  True False False False  True  True False False  True  True False
 False False  True False False False  True  True False False False False
 False False False False  True False False False  True  True False False
 False  True  True False False False False False False False False False
 False False False False False False False]","[0.52, 0.48, 0.0]","[1.472630473950306, 0.42085643268640105]",0,False,False
98,89.0,750.0,0.0,1,1,0,"[False False False False  True False False False False False False False
 False False False False  True False False False False  True False False
 False  True  True False False  True  True False False False  True  True
 False False False False False False False False  True False False False
 False False False False  True False False False False False False False
 False  True  True False False False False]","[ True False False False False False False False False False False False
 False False False False False False False False False False False False
 False  True  True False False False  True False False False  True False
 False False  True False False False False False False False False False
 False False False False False False False False False False False False
 False False False False False False False]","[0.48, 0.52, 0.0]","[1.348978189813191, 0.5867619998972957]",0,False,False
99,90.0,750.0,0.0,1,1,0,"[False False False  True False False False  True False False False False
 False False False False  True False False False  True  True False False
 False  True False False False False False False False False False  True
  True False False False False False False False  True False False False
 False False  True False False False  True False False False False  True
 False False False False False False False]","[False False False False False False False False False False False False
 False False False False  True False False False  True False False False
 False False False False False  True False False False False False False
 False False False  True False False False False False False False False
 False False False False False False False False False False False False
 False False False False False False False]","[0.52, 0.48, 0.0]","[1.472630473950306, 0.42085643268640105]",0,False,False
100,91.0,3000.0,0.0,-1,-1,0,"[False False False False False False False False False False False False
 False False False False False False False False False False False False
 False False False False False False False False False False False False
 False False False False False False False False False False False False
 False False False False False False False False False False False False
 False False False False False False False]","[False  True False False False  True False False False  True  True False
 False False  True False False False  True  True False False  True  True
 False False False  True False False False False  True False False False
 False  True  True False False False False False False False False False
 False False False False False False False False False False False False
 False False False False False False False]","[0.52, 0.48, 0.0]","[1.472630473950306, 0.42085643268640105]",0,False,False
101,92.0,3000.0,0.0,-1,-1,0,"[False False False False False False False False False False False False
 False False False False False False False False False False False False
 False False False False False False False False False False False False
 False False False False False False False False False False False False
 False False False False False False False False False False False False
 False False False False False False False]","[False False False False False False  True  True False False False  True
  True False False  True  True False False  True  True False False False
  True  True False False False False  True  True False False False  True
 False False False False  True  True False False False  True  True False
 False False False False False False False False False False False False
 False False False False False False False]","[0.52, 0.48, 0.0]","[1.472630473950306, 0.8614538349250738]",0,False,False
102,93.0,6000.0,0.0,-1,-1,0,"[False False False False False False False False False False False False
 False False False False False False False False False False False False
 False False False False False False False False False False False False
 False False False False False False False False False False False False
 False False False False False False False False False False False False
 False False False False False False False]","[False  True False False False  True False False False False  True False
 False False  True  True False False  True  True False False False  True
 False False False False False False False False False  True  True False
 False  True  True False False False False False  True  True False False
  True  True False False False False False False False False False False
 False False False False False False False]","[0.52, 0.48, 0.0]","[1.472630473950306, 1.348978189813191]",0,False,False
103,94.0,3000.0,0.0,-1,-1,0,"[False False False False False False False False False False False False
 False False False False False False False False False False False False
 False False False False False False False False False False False False
 False False False False False False False False False False False False
 False False False False False False False False False False False False
 False False False False False False False]","[False  True  True False False False  True  True False False  True  True
 False False  True  True False False False False  True False False False
  True False False False  True False False False False False False  True
 False False  True  True False False False False False  True  True False
 False False  True False False False False False False False False False
 False False False False False False False]","[0.48, 0.52, 0.0]","[1.348978189813191, 1.472630473950306]",0,False,False
104,95.0,6000.0,0.0,-1,-1,0,"[False False False False False False False False False False False False
 False False False False False False False False False False False False
 False False False False False False False False False False False False
 False False False False False False False False False False False False
 False False False False False False False False False False False False
 False False False False False False False]","[ True  True False False  True  True False False False  True False False
 False  True  True False False False  True False False False  True False
 False False False  True False False False False  True  True False False
 False  True False False False False False  True  True False False False
 False False False False False False False False False False False False
 False False False False False False False]","[0.44, 0.56, 0.0]","[1.2091694501633, 1.583275816739861]",0,False,False
105,96.0,6000.0,0.0,-1,-1,0,"[False False False False False False False False False False False False
 False False False False False False False False False False False False
 False False False False False False False False False False False False
 False False False False False False False False False False False False
 False False False False False False False False False False False False
 False False False False False False False]","[ True False False False  True  True False False False  True  True False
 False  True  True False False  True  True False False False  True  True
 False False False  True False False False False  True  True False False
 False  True False False False  True  True False False False False False
  True  True False False False False False False False False False False
 False False False False False False False]","[0.44, 0.56, 0.0]","[1.2091694501633, 1.583275816739861]",0,False,False
106,97.0,1500.0,0.0,1,-1,0,"[False False False False False False False False False False False False
 False False False False False False False False False False False False
 False False False False False False False False False False False False
 False False False False False False False False False False False False
 False False False False False False False False False False False False
 False False False False False False False]","[False False False False  True False False False  True False False False
 False False False False False False False False False False False False
 False False False False False False False False False False False False
 False False False False False False False False False False False False
 False False False False False False False False False False False False
 False False False False False False False]","[0.4, 0.6, 0.0]","[1.6832403249694212, 1.6832410393848654]",0,False,False
107,98.0,750.0,0.0,1,1,0,"[False  True False False False  True False False False False  True False
 False False  True  True False False  True  True False False False  True
 False False False  True False False False  True  True False False False
 False False  True False False False  True  True False False False False
 False False False False False  True False False False  True False False
 False False False False False False False]","[False False False False False False False False False False False False
 False False  True False False False  True False False False False  True
 False False False  True False False False False  True False False False
 False False  True False False False  True  True False False False  True
 False False False False False  True False False False False False False
 False False False False False False False]","[0.4, 0.6, 0.0]","[1.6832403249694212, 1.2458505001420814]",0,False,False
108,99.0,3000.0,0.0,-1,-1,0,"[False False False False False False False False False False False False
 False False False False False False False False False False False False
 False False False False False False False False False False False False
 False False False False False False False False False False False False
 False False False False False False False False False False False False
 False False False False False False False]","[False False  True False False False  True  True False False  True  True
 False False False  True False False False  True  True False False  True
  True False False False  True False False False False  True False False
 False False  True  True False False False  True False False False False
 False False False False False False False False False False False False
 False False False False False False False]","[0.4, 0.6, 0.0]","[1.6832403249694212, 1.2458505001420814]",0,False,False
109,100.0,3000.0,0.0,-1,-1,0,"[False False False False False False False False False False False False
 False False False False False False False False False False False False
 False False False False False False False False False False False False
 False False False False False False False False False False False False
 False False False False False False False False False False False False
 False False False False False False False]","[False  True  True False False False  True  True False False  True  True
 False False False  True  True False False  True  True False False False
  True False False False False False  True False False False False  True
 False False False False False  True  True False False False  True False
 False False False False False False False False False False False False
 False False False False False False False]","[0.4, 0.6, 0.0]","[1.6832403249694212, 1.2458505001420814]",0,False,False
110,101.0,3000.0,0.0,-1,-1,0,"[False False False False False False False False False False False False
 False False False False False False False False False False False False
 False False False False False False False False False False False False
 False False False False False False False False False False False False
 False False False False False False False False False False False False
 False False False False False False False]","[ True False False False  True False False False False  True False False
 False  True False False False  True  True False False False  True False
 False False False  True False False False False  True  True False False
 False  True False False False  True False False False False False  True
  True False False False False False False False False False False False
 False False False False False False False]","[0.36, 0.64, 0.0]","[1.5294172755398876, 1.34897851762444]",0,False,False
111,102.0,1500.0,0.0,1,1,0,"[False  True False False False  True False False False False  True False
 False False  True False False False  True  True False False False  True
 False False False  True  True False False False  True False False False
 False False  True False False False  True  True False False False  True
 False False False False False False False False False False False False
 False False False False False False False]","[False False False False False False False False False False False False
 False False  True False False False  True False False False False False
 False False False False False False False False False False False False
 False False  True False False False False  True False False False  True
 False False False False False False False False False False False False
 False False False False False False False]","[0.36, 0.64, 0.0]","[1.5294172755398876, 1.34897851762444]",0,False,False
112,103.0,6000.0,0.0,-1,-1,0,"[False False False False False False False False False False False False
 False False False False False False False False False False False False
 False False False False False False False False False False False False
 False False False False False False False False False False False False
 False False False False False False False False False False False False
 False False False False False False False]","[False  True  True False False  True  True False False False  True False
 False False  True  True False False False  True False False False False
  True False False False False False False False  True False False False
 False False  True  True False False False  True False False False False
 False False False False False False False False False False False False
 False False False False False False False]","[0.36, 0.64, 0.0]","[2.4412761378064363, 1.34897851762444]",0,False,False
113,104.0,1500.0,0.0,1,-1,0,"[False False False False False False False False False False False False
 False False False False False False False False False False False False
 False False False False False False False False False False False False
 False False False False False False False False False False False False
 False False False False False False False False False False False False
 False False False False False False False]","[False False False False False False False False  True False False False
  True False False False False False False False False False False False
 False False False False False False False False False False False False
 False False False False False False False False False False False False
 False False False False False False False False False False False False
 False False False False False False False]","[0.32, 0.68, 0.0]","[nan, 1.4430435559855672]",0,False,False
114,104.0,1500.0,0.0,1,1,0,"[ True False False False False  True False False False False  True False
 False  True  True False False False  True  True False False  True  True
 False False False  True False False False  True False False False False
 False  True False False False  True False False False False False False
 False False False False False False False False False False False False
 False False False False False False False]","[False False False False False False False False False False False False
 False False  True False False False  True False False False  True False
 False False False  True False False False  True False False False False
 False  True False False False False  True False False False False False
 False False False False False  True False False False False False False
 False False False False False False False]","[0.32, 0.68, 0.0]","[nan, 1.0827894677165155]",0,False,False
115,105.0,750.0,0.0,1,1,0,"[False  True  True False False False  True False False False  True False
 False False  True  True False False False  True False False False  True
  True False False False False False False False False False  True False
 False False False False False False False  True False False False False
 False  True False False False  True False False False False False False
 False False False False False False False]","[False False False False False False False False False False  True False
 False False False  True False False False  True False False False  True
 False False False False  True False False False False False False False
 False False  True False False False False False False False False False
 False False False False False False False False False False False False
 False False False False False False False]","[0.32, 0.68, 0.0]","[nan, 1.0827894677165155]",0,False,False
116,106.0,750.0,0.0,1,-1,0,"[False False False False False False False False False False False False
 False False False False False False False False False False False False
 False False False False False False False False False False False False
 False False False False False False False False False False False False
 False False False False False False False False False False False False
 False False False False False False False]","[False False False False  True  True False False False False False False
 False False False False False False False False False False False False
 False False False False False False False False False False False False
 False False False False False False False False False False False False
 False False False False False False False False False False False False
 False False False False False False False]","[0.36, 0.64, 0.0]","[nan, 1.34897851762444]",0,False,False
117,106.0,750.0,0.0,1,1,0,"[False  True False False False  True False False False False  True False
 False False  True False False False  True False False False  True  True
 False False False  True False False False  True  True False False False
 False False  True False False False False False False False False False
 False False False False  True False False False False False False False
 False False False False False False False]","[False False False False False False False False False False False False
 False False False False False False  True False False False  True False
 False False False  True False False False  True False False False False
 False False  True False False False False False False False False False
 False False False False False False False False False False False False
 False False False False False False False]","[0.32, 0.68, 0.0]","[nan, 1.0827894677165155]",0,False,False
118,107.0,3000.0,0.0,-1,-1,0,"[False False False False False False False False False False False False
 False False False False False False False False False False False False
 False False False False False False False False False False False False
 False False False False False False False False False False False False
 False False False False False False False False False False False False
 False False False False False False False]","[False False  True False False False  True False False False  True  True
 False False  True  True False False  True  True False False False  True
 False False False  True  True False False False  True False False False
 False  True  True False False False False  True False False False False
 False False False False False False False False False False False False
 False False False False False False False]","[0.32, 0.68, 0.0]","[nan, 1.0827894677165155]",0,False,False
119,108.0,6000.0,0.0,-1,-1,0,"[False False False False False False False False False False False False
 False False False False False False False False False False False False
 False False False False False False False False False False False False
 False False False False False False False False False False False False
 False False False False False False False False False False False False
 False False False False False False False]","[False False False False False  True  True False False False  True False
 False  True  True False False False  True  True False False  True  True
 False False False False  True False False False False  True  True False
 False False  True False False False False False  True False False False
 False False False False False False False False False False False False
 False False False False False False False]","[0.28, 0.72, 0.0]","[nan, 1.1789108598452334]",0,False,False
120,109.0,750.0,0.0,1,-1,0,"[False False False False False False False False False False False False
 False False False False False False False False False False False False
 False False False False False False False False False False False False
 False False False False False False False False False False False False
 False False False False False False False False False False False False
 False False False False False False False]","[False  True False False False False False False False  True False False
 False False False False False False False False False False False False
 False False False False False False False False False False False False
 False False False False False False False False False False False False
 False False False False False False False False False False False False
 False False False False False False False]","[0.28, 0.72, 0.0]","[nan, 1.5294183119860194]",0,False,False
121,110.0,1500.0,0.0,1,1,0,"[ True  True False False  True  True False False False  True False False
 False  True  True False False  True  True False False False  True False
 False False False False False False False False False  True False False
 False False False False  True  True False False False False False  True
 False False False  True False False False False False False False False
 False False False False False False False]","[ True False False False False False False False False  True False False
 False  True False False False False  True False False False  True False
 False False  True False False False False False False False False False
  True False False False False False False False False False False False
 False False False False False False False False False False False False
 False False False False False False False]","[0.28, 0.72, 0.0]","[nan, 1.5294183119860194]",0,False,False
122,111.0,6000.0,0.0,-1,-1,0,"[False False False False False False False False False False False False
 False False False False False False False False False False False False
 False False False False False False False False False False False False
 False False False False False False False False False False False False
 False False False False False False False False False False False False
 False False False False False False False]","[False  True False False False False False False False  True  True False
 False False  True False False False  True  True False False  True  True
 False False False  True False False False  True False False False False
  True False False False False  True  True False False  True  True False
 False False  True  True False False False False False False False False
 False False False False False False False]","[0.32, 0.68, 0.0]","[nan, 1.4430435559855672]",0,False,False
123,112.0,6000.0,0.0,-1,-1,0,"[False False False False False False False False False False False False
 False False False False False False False False False False False False
 False False False False False False False False False False False False
 False False False False False False False False False False False False
 False False False False False False False False False False False False
 False False False False False False False]","[False  True  True False False False  True  True False False  True  True
 False False False  True False False False  True False False False False
  True False False False False  True  True False False  True  True False
 False False False False  True  True False False False False False False
 False False False False False False False False False False False False
 False False False False False False False]","[0.32, 0.68, 0.0]","[nan, 1.4430435559855672]",0,False,False
124,113.0,3000.0,0.0,-1,-1,0,"[False False False False False False False False False False False False
 False False False False False False False False False False False False
 False False False False False False False False False False False False
 False False False False False False False False False False False False
 False False False False False False False False False False False False
 False False False False False False False]","[ True False False False  True False False False  True  True False False
 False  True False False False  True  True False False  True  True False
 False False  True False False False False  True  True False False False
  True  True False False False False False  True False False False False
  True False False False False False False False False False False False
 False False False False  True False False]","[0.28, 0.72, 0.0]","[nan, 1.5294183119860194]",0,False,False
125,114.0,3000.0,0.0,-1,1,0,"[False False False False False False False False  True False False False
  True False False False False False False False False False False False
 False False False False False False False False False False False False
 False False False False False False False False False False False False
 False False False False False False False False False False False False
 False False False False False False False]","[False False False False False False False False False False False False
 False False False False False False False False False False False False
 False False False False False False False False False False False False
 False False False False False False False False False False False False
 False False False False False False False False False False False False
 False False False False False False False]","[0.24, 0.76, 0.0]","[nan, 1.6091917059111405]",0,False,False
126,114.0,3000.0,0.0,-1,-1,0,"[False False False False False False False False False False False False
 False False False False False False False False False False False False
 False False False False False False False False False False False False
 False False False False False False False False False False False False
 False False False False False False False False False False False False
 False False False False False False False]","[ True False False False  True False False False  True  True False False
  True  True False False False  True False False False False  True False
 False False  True False False False False False False False False False
  True  True False False  True  True False False False False False False
 False False False False False False False False False False False False
 False False False False False False False]","[0.28, 0.72, 0.0]","[2.135136527393951, 1.5294183119860194]",0,False,False
127,115.0,3000.0,0.0,-1,-1,0,"[False False False False False False False False False False False False
 False False False False False False False False False False False False
 False False False False False False False False False False False False
 False False False False False False False False False False False False
 False False False False False False False False False False False False
 False False False False False False False]","[False False  True False False False False  True False False False  True
  True False False  True  True False False False  True False False False
 False  True False False False  True False False False False False False
 False False False  True False False False  True  True False False False
 False False False False False False False False False False False False
 False False False False False False False]","[0.28, 0.72, 0.0]","[2.135136527393951, 1.5294183119860194]",0,False,False
128,116.0,1500.0,0.0,1,1,0,"[False False False False  True False False False  True False False False
 False  True False False False  True  True False False  True  True False
 False False  True False False False  True  True False False  True  True
 False False False False False  True False False False False False  True
 False False False False False False False False False False False False
 False False False False False False False]","[False False False False False False False False False False False False
 False False False False False  True False False False False  True False
 False False False False False False False False False False False False
 False False False False False  True False False False False False  True
 False False False False False False False False False False False False
 False False False False False False False]","[0.28, 0.72, 0.0]","[2.135136527393951, 1.5294183119860194]",0,False,False
129,117.0,750.0,0.0,1,1,0,"[False False False False False False False False False False False False
 False  True False False False False False False False  True False False
 False False  True  True False False  True  True False False False  True
 False False False  True  True False False  True  True False False False
 False False False False False False  True  True False False False False
 False False False False False False False]","[ True False False False False False False False False False False False
 False False False False False False False False False False False False
 False False False False False False  True  True False False False  True
 False False False  True False False False False False False False False
  True False False False False False False False False False False False
 False False False False False False False]","[0.32, 0.68, 0.0]","[2.300694208940575, 1.4430435559855672]",0,False,False
130,118.0,750.0,0.0,1,-1,0,"[False False False False False False False False False False False False
 False False False False False False False False False False False False
 False False False False False False False False False False False False
 False False False False False False False False False False False False
 False False False False False False False False False False False False
 False False False False False False False]","[False False False False  True False False False  True False False False
 False False False False False False False False False False False False
 False False False False False False False False False False False False
 False False False False False False False False False False False False
 False False False False False False False False False False False False
 False False False False False False False]","[0.36, 0.64, 0.0]","[2.4412761378064363, 1.34897851762444]",0,False,False
131,118.0,750.0,0.0,1,1,0,"[False False  True False False False False False False False  True  True
 False False False  True  True False False  True  True False False  True
  True False False False  True False False False  True  True False False
 False  True False False False False False  True False False False False
 False False False False False  True  True False False False  True False
 False False  True False False False False]","[False False False False False False False False False False False False
 False False False False False False False  True False False False False
  True False False False  True False False False False  True False False
 False  True False False False False False  True False False False False
  True False False False False False  True False False False False False
 False False False False False False False]","[0.36, 0.64, 0.0]","[2.4412761378064363, 0.9775521605649683]",0,False,False
132,119.0,1500.0,0.0,1,1,0,"[ True False False False  True False False False False  True False False
 False  True False False False False  True False False  True  True False
 False False False False False False False False False False False False
 False False False False  True  True False False False  True False False
 False False False False False False False False  True False False False
 False False False False False False False]","[False False False False False False False False False False False False
 False  True False False False  True False False False False False False
 False False False False False False  True  True False False False False
 False False False False False False False False False False False False
 False False False False False False False False False False False False
 False False False False False False False]","[0.4, 0.6, 0.0]","[2.5630985764077403, 1.2458505001420814]",0,False,False
133,120.0,1500.0,0.0,1,-1,0,"[ True False False False False False False False False False False False
 False False False False False False False False False False False False
 False False False False False False False False False False False False
 False False False False False False False False False False False False
 False False False False False False False False False False False False
 False False False False False False False]","[False False False False False False False False False False False False
 False False False False False  True False False False  True  True False
 False False False False False False False False False False False False
 False False False False False False False False False False False False
 False False False False False False False False False False False False
 False False False False False False False]","[0.4, 0.6, 0.0]","[2.5630985764077403, 1.2458505001420814]",0,False,False
134,121.0,750.0,0.0,1,1,0,"[ True False False False False  True False False False  True False False
 False  True  True False False False  True False False False False False
 False False  True  True False False False  True False False False  True
 False False False False  True  True False False False  True False False
 False False  True False False False False False  True  True False False
 False False False False False False False]","[False False False False False False False False False False False False
 False  True  True False False False  True False False False False False
 False False  True False False False  True False False False False  True
 False False False False False  True False False False  True  True False
 False False False False False False False False False False False False
 False False False False False False False]","[0.4, 0.6, 0.0]","[2.5630985764077403, 0.8614539877232001]",0,False,False
135,122.0,3000.0,0.0,-1,-1,0,"[False False False False False False False False False False False False
 False False False False False False False False False False False False
 False False False False False False False False False False False False
 False False False False False False False False False False False False
 False False False False False False False False False False False False
 False False False False False False False]","[ True False False  True  True False False False  True False False False
  True  True False False  True  True False False False  True  True False
 False False False  True  True False False False False  True  True False
 False False  True False False False False False False False False False
 False  True False False False False False False False False False False
 False False False False False False False]","[0.44, 0.56, 0.0]","[2.670350930522295, 0.7322121668315051]",0,False,False
136,123.0,6000.0,0.0,-1,-1,0,"[False False False False False False False False False False False False
 False False False False False False False False False False False False
 False False False False False False False False False False False False
 False False False False False False False False False False False False
 False False False False False False False False False False False False
 False False False False False False False]","[False False  True False False False  True  True False False  True  True
 False False False  True False False False  True  True False False False
  True False False False  True False False False False  True  True False
 False False  True False False False False  True False False False False
 False  True False False False False  True False False False False False
 False False False False False False False]","[0.44, 0.56, 0.0]","[2.670350930522295, 0.7322121668315051]",0,False,False
137,124.0,6000.0,0.0,-1,1,0,"[False  True False False False  True False False False False False False
 False False False False False False False False False False False False
 False False False False False False False False False False False False
 False False False False False False False False False False False False
 False False False False False False False False False False False False
 False False False False False False False]","[False False False False False False False False False False False False
 False False False False False False False False False False False False
 False False False False False False False False False False False False
 False False False False False False False False False False False False
 False False False False False False False False False False False False
 False False False False False False False]","[0.4, 0.6, 0.0]","[2.5630985764077403, 0.8614539877232001]",0,False,False
138,125.0,1500.0,0.0,1,-1,0,"[False False False False False False False False False False False False
 False False False False False False False False False False False False
 False False False False False False False False False False False False
 False False False False False False False False False False False False
 False False False False False False False False False False False False
 False False False False False False False]","[False False False False False False False False  True False False False
 False False False False False False False False  True  True False False
 False False False False False False False False False False False False
 False False False False False False False False False False False False
 False False False False False False False False False False False False
 False False False False False False False]","[0.44, 0.56, 0.0]","[1.8169135474117328, 0.7322121668315051]",0,False,False
139,126.0,750.0,0.0,1,1,0,"[ True False False False False False False False False False False False
  True False False False False  True False False False  True  True False
 False  True  True False False False False False False False False False
 False False False False False False False False False False False False
 False False False False False False False False False False False  True
  True False False  True False False False]","[False False False False False False False False False  True False False
 False  True False False False False False False False False False False
 False False False False False False False False False False False False
 False False False False False False False False False False False False
 False False False False False False False False False False False False
 False False False False False False False]","[0.44, 0.56, 0.0]","[1.8169135474117328, 0.7322121668315051]",0,False,False
140,127.0,6000.0,0.0,-1,-1,0,"[False False False False False False False False False False False False
 False False False False False False False False False False False False
 False False False False False False False False False False False False
 False False False False False False False False False False False False
 False False False False False False False False False False False False
 False False False False False False False]","[False False False  True False False  True False False False False  True
 False False False  True  True False False False  True False False False
  True False False False False False False False False False  True False
 False False False False  True False False False False False False False
 False False False False False False False  True  True False False False
 False False False False False False False]","[0.44, 0.56, 0.0]","[1.8169135474117328, 0.7322121668315051]",0,False,False
141,128.0,750.0,0.0,1,1,0,"[False False False  True  True False False False  True  True False False
  True  True False False  True  True False False False  True False False
 False False  True False False False  True False False False False  True
  True False False False  True False False False  True False False False
 False False  True False False False  True False False False False False
  True False False False False False False]","[False False False False False False False False False False False False
  True  True False False False  True False False False  True False False
 False False False False False  True False False False False False  True
 False False False  True False False False False False False False False
 False False False False False False False False False False False False
 False False False False False False False]","[0.4, 0.6, 0.0]","[1.6832403249694212, 0.8614539877232001]",0,False,False
142,129.0,6000.0,0.0,-1,-1,0,"[False False False False False False False False False False False False
 False False False False False False False False False False False False
 False False False False False False False False False False False False
 False False False False False False False False False False False False
 False False False False False False False False False False False False
 False False False False False False False]","[False False  True False False False False False False False  True False
 False False False False False False False  True  True False False False
  True False False False False False  True False False False  True  True
 False False False  True False False False False False  True False False
 False  True  True False False  True  True False False False False False
 False False False False False False False]","[0.44, 0.56, 0.0]","[1.8169135474117328, 1.1318967437115721]",0,False,False
143,130.0,1500.0,0.0,1,1,0,"[ True False False False  True False False False False False False False
 False  True False False False  True  True False False False False False
 False False  True  True False False  True  True False False False False
 False  True False False False False False False False False False False
  True False False False  True False False False False False False False
 False False False False False False False]","[False False False False False False False False False False False False
 False  True False False False  True False False False False False False
 False False  True False False False False False False False False False
 False  True False False False  True False False False False False  True
  True False False False False False False False False False False False
 False False False False False False False]","[0.4, 0.6, 0.0]","[1.6832403249694212, 1.2458505001420814]",0,False,False
144,131.0,750.0,0.0,1,-1,0,"[False False False False False False False False False False False False
 False False False False False False False False False False False False
 False False False False False False False False False False False False
 False False False False False False False False False False False False
 False False False False False False False False False False False False
 False False False False False False False]","[ True  True False False False False False False False False False False
 False False False False False False False False False False False False
 False False False False False False False False False False False False
 False False False False False False False False False False False False
 False False False False False False False False False False False False
 False False False False False False False]","[0.44, 0.56, 0.0]","[1.8169135474117328, 1.1318967437115721]",0,False,False
145,132.0,750.0,0.0,1,1,0,"[ True False False  True False False False False False False False False
  True False False False  True  True False False  True  True False False
 False  True  True False False False False False False False False False
  True False False False False False False False False False False False
 False  True False False False False False False False False False False
 False False False False False False False]","[False False False False  True False False False False False False False
 False False False False  True False False False False  True False False
 False  True False False False False  True False False False False False
 False False False False False False False False False False False False
 False False False False False False False False False False False False
 False False False False False False False]","[0.44, 0.56, 0.0]","[1.8169135474117328, 0.7322121668315051]",0,False,False
146,133.0,6000.0,0.0,-1,-1,0,"[False False False False False False False False False False False False
 False False False False False False False False False False False False
 False False False False False False False False False False False False
 False False False False False False False False False False False False
 False False False False False False False False False False False False
 False False False False False False False]","[ True False False False  True  True False False  True False False False
 False  True False False False  True  True False False False  True False
 False False False  True  True False False False  True False False False
  True  True False False False False  True  True False False False  True
  True False False False False False False False False False False False
 False False False False False False False]","[0.48, 0.52, 0.0]","[1.9348409100817299, 1.0048036057610192]",0,False,False
147,134.0,750.0,0.0,1,-1,0,"[False False False False False False False False False False False False
 False False False False False False False False False False False False
 False False False False False False False False False False False False
 False False False False False False False False False False False False
 False False False False False False False False False False False False
 False False False False False False False]","[False False False False  True  True False False False False False False
 False False False False False False False False False False False False
 False False False False False False False False False False False False
 False False False False False False False False False False False False
 False False False False False False False False False False False False
 False False False False False False False]","[0.44, 0.56, 0.0]","[1.8169135474117328, 1.1318967437115721]",0,False,False
148,134.0,750.0,0.0,1,1,0,"[False  True False False False  True  True False False False  True False
 False False  True  True False False  True  True False False False  True
 False False False  True  True False False False False  True  True False
 False False False False False False False  True  True False False False
  True False False False  True False False False False False False False
 False False False False False False False]","[False False False False False False False False False False False False
 False False  True False False False  True  True False False False False
 False False False  True False False False False False  True False False
 False  True  True False False False False False False False False False
 False False False False False False False False False False False False
 False False False False False False False]","[0.44, 0.56, 0.0]","[1.8169135474117328, 0.7322121668315051]",0,False,False
149,135.0,3000.0,0.0,-1,1,0,"[ True False False False  True False False False False False False False
 False False False False False False False False False False False False
 False False False False False False False False False False False False
 False False False False False False False False False False False False
 False False False False False False False False False False False False
 False False False False False False False]","[ True False False False False False False False False False False False
 False False False False False False False False False False False False
 False False False False False False False False False False False False
 False False False False False False False False False False False False
 False False False False False False False False False False False False
 False False False False False False False]","[0.48, 0.52, 0.0]","[1.9348409100817299, 0.5867619998972957]",0,False,False
150,135.0,3000.0,0.0,-1,-1,0,"[False False False False False False False False False False False False
 False False False False False False False False False False False False
 False False False False False False False False False False False False
 False False False False False False False False False False False False
 False False False False False False False False False False False False
 False False False False False False False]","[ True False False False False  True False False  True False False False
 False  True False False False  True False False False  True  True False
 False False  True False False  True  True False False False False  True
  True False False False  True False False False False False False False
 False False False False False False False False  True  True False False
 False False False False False False False]","[0.52, 0.48, 0.0]","[1.472630473950306, 0.42085643268640105]",0,False,False
151,136.0,1500.0,0.0,1,1,0,"[ True  True False False False False  True False False  True  True False
 False False  True False False False False False False  True  True False
 False False  True  True False False False False  True False False False
  True  True False False False False False False False False False False
 False False False False False False False False False False False False
 False False False False False False False]","[False False False False False False False False False  True  True False
 False  True False False False False False False False False  True False
 False False False False False False False False  True False False False
 False False False False False  True False False False False False False
 False False False False False False False False False False False False
 False False False False False False False]","[0.48, 0.52, 0.0]","[1.9348409100817299, 0.5867619998972957]",0,False,False
152,137.0,1500.0,0.0,1,1,0,"[ True False False False  True False False False  True False False False
  True  True False False False  True False False False False False False
 False  True  True False False False False False  True False False False
 False False False False False False  True False False False False False
 False False False  True False False False False False False False False
 False False False False False False False]","[False False False False False False False False False False False False
  True  True False False False  True False False False  True False False
 False False False False False False False False  True False False False
  True False False False False False False False False False False False
 False False False False False False False False False False False False
 False False False False False False False]","[0.52, 0.48, 0.0]","[2.0401502213058973, 0.42085643268640105]",0,False,False
153,138.0,6000.0,0.0,-1,-1,0,"[False False False False False False False False False False False False
 False False False False False False False False False False False False
 False False False False False False False False False False False False
 False False False False False False False False False False False False
 False False False False False False False False False False False False
 False False False False False False False]","[False False  True False False False  True  True False False  True  True
 False False  True  True False False False  True  True False False  True
  True False False False False  True  True False False False  True False
 False False False False False  True False False False False False False
 False False False False False False False False False False False False
 False False False False False False False]","[0.56, 0.44, 0.0]","[2.135138788617833, 0.2283703801950016]",0,False,False
154,139.0,6000.0,0.0,-1,1,0,"[False  True False False False False False False False  True False False
 False False False False False False False False False False False False
 False False False False False False False False False False False False
 False False False False False False False False False False False False
 False False False False False False False False False False False False
 False False False False False False False]","[False False False False False False  True False False False False False
 False False False False False False False False False False False False
 False False False False False False False False False False False False
 False False False False False False False False False False False False
 False False False False False False False False False False False False
 False False False False False False False]","[0.52, 0.48, 0.0]","[2.0401502213058973, 0.42085643268640105]",0,False,False
155,140.0,3000.0,0.0,-1,-1,0,"[False False False False False False False False False False False False
 False False False False False False False False False False False False
 False False False False False False False False False False False False
 False False False False False False False False False False False False
 False False False False False False False False False False False False
 False False False False False False False]","[False False False  True  True False False  True  True False False  True
  True False False  True  True False False False False  True False False
 False  True False False False False  True  True False False False  True
 False False False  True  True False False False False  True  True False
 False False  True False False False False False False False False False
 False False False False False False False]","[0.52, 0.48, 0.0]","[1.472630473950306, 0.42085643268640105]",0,False,False
156,141.0,1500.0,0.0,1,1,0,"[False False False False  True False False False False False False False
 False False False False False  True False False False False False False
 False False  True  True False False  True  True False False False  True
 False False False  True False False False False False False  True False
 False False False False  True False False False  True False False False
  True False False False False False False]","[False False False False False False False False  True False False False
 False False False False False False False False False False False False
 False False False False False False False  True False False False  True
 False False False False False False False False False False False False
 False False False False False False False False False False False False
 False False False False False False False]","[0.52, 0.48, 0.0]","[1.472630473950306, 0.8614538349250738]",0,False,False
157,142.0,3000.0,0.0,-1,-1,0,"[False False False False False False False False False False False False
 False False False False False False False False False False False False
 False False False False False False False False False False False False
 False False False False False False False False False False False False
 False False False False False False False False False False False False
 False False False False False False False]","[False  True False False  True  True False False  True  True False False
 False  True False False False False  True False False False False False
 False False False False False False False  True  True False False False
 False False False False False False False False False False False  True
 False False False False False False False False False False False False
 False False False False False False False]","[0.52, 0.48, 0.0]","[1.472630473950306, 0.8614538349250738]",0,False,False
158,143.0,3000.0,0.0,-1,1,0,"[False False False  True False False False  True False False False False
 False False False False False False False False False False False False
 False False False False False False False False False False False False
 False False False False False False False False False False False False
 False False False False False False False False False False False False
 False False False False False False False]","[False False False False False False False False  True False False False
 False False False False False False False False False False False False
 False False False False False False False False False False False False
 False False False False False False False False False False False False
 False False False False False False False False False False False False
 False False False False False False False]","[0.48, 0.52, 0.0]","[1.348978189813191, 1.0048036057610192]",0,False,False
159,143.0,3000.0,0.0,-1,-1,0,"[False False False False False False False False False False False False
 False False False False False False False False False False False False
 False False False False False False False False False False False False
 False False False False False False False False False False False False
 False False False False False False False False False False False False
 False False False False False False False]","[False False False False False False  True  True False False  True  True
 False False  True  True False False False  True  True False False  True
  True False False False  True False False False False  True False False
 False False  True  True False False  True  True False False False False
 False False False False False False False False False False False False
 False False False False False False False]","[0.52, 0.48, 0.0]","[1.0048036057610192, 1.348978189813191]",0,False,False
160,144.0,3000.0,0.0,-1,1,0,"[False  True False False False False False False False False  True False
 False False False False False False False False False False False False
 False False False False False False False False False False False False
 False False False False False False False False False False False False
 False False False False False False False False False False False False
 False False False False False False False]","[False False  True False False False False False False False False False
 False False False False False False False False False False False False
 False False False False False False False False False False False False
 False False False False False False False False False False False False
 False False False False False False False False False False False False
 False False False False False False False]","[0.48, 0.52, 0.0]","[0.8614538349250738, 1.472630473950306]",0,False,False
161,145.0,3000.0,0.0,-1,-1,0,"[False False False False False False False False False False False False
 False False False False False False False False False False False False
 False False False False False False False False False False False False
 False False False False False False False False False False False False
 False False False False False False False False False False False False
 False False False False False False False]","[False False False False False False False False False False False False
 False False False False False False False False False False False False
 False  True False False False  True False False False  True  True False
 False  True  True False False False  True False False False  True False
 False False  True  True False False False False  True  True False False
 False False  True  True False False  True]","[0.52, 0.48, 0.0]","[0.5867619998972957, 1.348978189813191]",0,False,False
162,146.0,750.0,0.0,1,1,0,"[ True False False False  True False False False  True False False False
  True  True False False False  True False False False False  True False
 False  True  True False False False False False  True False False False
 False False  True False False False False False False False  True False
 False False False False  True False False False False  True False False
 False False False False False False False]","[False False False False False False False False False False False False
 False False False False False  True False False False False False False
 False False False False False False False False False False False False
 False False  True False False False  True False False False  True False
 False False False False False False False False False False False False
 False False False False False False False]","[0.52, 0.48, 0.0]","[0.5867619998972957, 1.348978189813191]",0,False,False
163,147.0,3000.0,0.0,-1,-1,0,"[False False False False False False False False False False False False
 False False False False False False False False False False False False
 False False False False False False False False False False False False
 False False False False False False False False False False False False
 False False False False False False False False False False False False
 False False False False False False False]","[False False False  True False False False  True  True False False False
 False False False False  True False False False  True  True False False
  True  True False False False  True False False False False False  True
  True False False False False False False False False  True  True False
 False False False False False False False False False False False False
 False False False False False False False]","[0.52, 0.48, 0.0]","[1.0048036057610192, 1.348978189813191]",0,False,False
164,148.0,750.0,0.0,1,1,0,"[False False False  True False False False False  True False False False
  True False False False  True  True False False  True  True False False
 False  True False False False  True  True False False False False False
  True False False False False  True  True False False False  True False
 False False False  True False False False False False False False False
 False False False False False False  True]","[False False False False  True False False False  True False False False
 False False False False  True  True False False False  True False False
 False  True False False False  True False False False False False False
 False False False False False False  True False False False False False
 False False False False False False False False False False False False
 False False False False False False False]","[0.52, 0.48, 0.0]","[1.0048036057610192, 1.9348409100817299]",0,False,False
165,149.0,1500.0,0.0,1,1,0,"[False False False False  True False False False  True False False False
  True False False False False  True False False False  True False False
 False False  True False False False  True False False False False False
  True  True False False False False False False False False  True  True
 False False False  True False False False  True False False False False
 False False False False False False False]","[False False False False  True False False False False False False False
 False False False False False  True False False False  True False False
 False  True False False False False False False False False False False
 False False False False  True False False False False False False False
 False False False False False False False False False False False False
 False False False False False False False]","[0.52, 0.48, 0.0]","[1.0048036057610192, 1.9348409100817299]",0,False,False
166,150.0,3000.0,0.0,-1,-1,0,"[False False False False False False False False False False False False
 False False False False False False False False False False False False
 False False False False False False False False False False False False
 False False False False False False False False False False False False
 False False False False False False False False False False False False
 False False False False False False False]","[False  True False False False False False False False  True False False
 False  True  True False False  True  True False False  True  True False
 False False  True  True False False False  True False False False False
 False  True False False False  True False False False False False  True
 False False False  True  True False False False False False False False
 False False False False False False False]","[0.56, 0.44, 0.0]","[1.1318967437115721, 1.8169135474117328]",0,False,False
167,151.0,1500.0,0.0,1,1,0,"[False False False False False False False False  True False False False
  True False False False False  True False False False  True  True False
 False  True  True False False False  True False False False False False
 False False False False  True  True False False False False False False
 False False False False False False  True  True False False False False
 False False False False  True False False]","[ True False False False False False False False False False False False
 False  True False False False False False False False False False False
 False False False False False False False False False False False False
 False False False False False False False False False False False False
 False False False False False False False False False False False False
 False False False False False False False]","[0.52, 0.48, 0.0]","[1.0048036057610192, 1.9348409100817299]",0,False,False
168,152.0,6000.0,0.0,-1,-1,0,"[False False False False False False False False False False False False
 False False False False False False False False False False False False
 False False False False False False False False False False False False
 False False False False False False False False False False False False
 False False False False False False False False False False False False
 False False False False False False False]","[False  True False False  True  True False False False  True  True False
 False  True  True False False  True  True False False False  True False
 False False False  True False False False False  True  True False False
 False  True False False False  True  True False False False False False
 False False False False False  True False False False False False False
 False False False False False False False]","[0.56, 0.44, 0.0]","[1.1318967437115721, 1.8169135474117328]",0,False,False
169,153.0,6000.0,0.0,-1,-1,0,"[False False False False False False False False False False False False
 False False False False False False False False False False False False
 False False False False False False False False False False False False
 False False False False False False False False False False False False
 False False False False False False False False False False False False
 False False False False False False False]","[False False  True False False False  True  True False False  True  True
 False False  True  True False False False  True  True False False  True
  True False False False False  True  True False False False  True False
 False False  True  True False False False False False  True False False
 False False  True False False False False False False False False False
 False False False False False False False]","[0.52, 0.48, 0.0]","[1.0048036057610192, 1.9348409100817299]",0,False,False
170,154.0,750.0,0.0,1,1,0,"[ True False False False False  True False False False  True False False
 False  True  True False False  True  True False False False  True  True
 False False False  True False False False  True False False False False
 False  True False False False False False False False False False False
 False False False False False False False False False False  True False
 False False False False False False False]","[False False False False False False False False False False False False
 False  True  True False False False  True False False False  True False
 False False False  True False False False False False False False False
 False  True False False False False False False False False False False
 False False False False False False False False False False False False
 False False False False False False False]","[0.52, 0.48, 0.0]","[1.0048036057610192, 2.765983730024195]",0,False,False
171,155.0,1500.0,0.0,1,-1,0,"[False False False False False False False False False False False False
 False False False False False False False False False False False False
 False False False False False False False False False False False False
 False False False False False False False False False False False False
 False False False False False False False False False False False False
 False False False False False False False]","[ True False False False  True  True False False False False False False
 False False False False False False False False False False False False
 False False False False False False False False False False False False
 False False False False False False False False False False False False
 False False False False False False False False False False False False
 False False False False False False False]","[0.52, 0.48, 0.0]","[1.0048036057610192, 2.765983730024195]",0,False,False
172,155.0,1500.0,0.0,1,1,0,"[ True False False False False False False False False False False False
 False  True False False False  True  True False False False  True False
 False False  True  True False False  True  True False False  True  True
 False False  True  True False False False False False  True False False
 False False False False False False False False  True False False False
 False False False False  True False False]","[False False False False False False False False False False False False
 False False False False False False False False False False  True False
 False False  True False False False False False False False False False
 False False False  True False False False False False  True False False
 False False False False False False False  True False False False False
 False False False False False False False]","[0.52, 0.48, 0.0]","[1.0048036057610192, 1.9348409100817299]",0,False,False
173,156.0,6000.0,0.0,-1,-1,0,"[False False False False False False False False False False False False
 False False False False False False False False False False False False
 False False False False False False False False False False False False
 False False False False False False False False False False False False
 False False False False False False False False False False False False
 False False False False False False False]","[False False False  True False False  True False False False False  True
  True False False  True  True False False False  True False False False
  True False False False False  True False False False False  True  True
 False False  True False False False False  True False False False False
 False  True False False False  True  True False False False False False
 False False False False False False False]","[0.56, 0.44, 0.0]","[1.1318967437115721, 2.670350930522295]",0,False,False
174,157.0,1500.0,0.0,1,1,0,"[False False False False  True False False False  True  True False False
 False  True False False False  True  True False False  True  True False
 False False  True False False False False False False False False False
  True  True False False False False False False False  True  True False
 False False False False  True False False False False False False False
 False  True False False False False False]","[False False False False False False False False False False False False
 False False False False False  True False False False False False False
 False False False False False False False False False False False False
 False  True False False False False False False False False  True False
 False False False False  True False False False False  True False False
 False False False False False False False]","[0.52, 0.48, 0.0]","[1.0048036057610192, 2.765983730024195]",0,False,False
175,158.0,750.0,0.0,1,-1,0,"[False False False False False False False False False False False False
 False False False False False False False False False False False False
 False False False False False False False False False False False False
 False False False False False False False False False False False False
 False False False False False False False False False False False False
 False False False False False False False]","[ True False False False  True False False False False False False False
 False False False False False False False False False False False False
 False False False False False False False False False False False False
 False False False False False False False False False False False False
 False False False False False False False False False False False False
 False False False False False False False]","[0.52, 0.48, 0.0]","[1.472630473950306, 2.765983730024195]",0,False,False
176,158.0,750.0,0.0,1,1,0,"[False False False False False False False False False False False  True
 False False False False  True False False False  True False False False
 False  True False False False  True False False False  True False False
 False  True  True False False False False False False False False False
  True False False False False False False False  True False False False
 False False False False False False False]","[False False False False False False False  True False False False False
 False False False False False False False False  True False False False
 False  True False False False  True False False False  True False False
 False False False False False False  True False False False False False
 False False False False False False False False False False False False
 False False False False False False False]","[0.52, 0.48, 0.0]","[1.472630473950306, 1.9348409100817299]",0,False,False
177,159.0,6000.0,0.0,-1,1,0,"[False False False False False False False False False False False  True
 False False False  True False False False False False False False False
 False False False False False False False False False False False False
 False False False False False False False False False False False False
 False False False False False False False False False False False False
 False False False False False False False]","[False False False  True False False False False False False False  True
 False False False False  True False False False False False False False
 False False False False False False False False False False False False
 False False False False False False False False False False False False
 False False False False False False False False False False False False
 False False False False False False False]","[0.52, 0.48, 0.0]","[1.472630473950306, 1.9348409100817299]",0,False,False
178,160.0,6000.0,0.0,-1,1,0,"[False False False False  True False False False False False False False
 False  True False False False False False False False False False False
 False False False False False False False False False False False False
 False False False False False False False False False False False False
 False False False False False False False False False False False False
 False False False False False False False]","[False False False False False False False False False False False False
 False False False False False False False False False False False False
 False False False False False False False False False False False False
 False False False False False False False False False False False False
 False False False False False False False False False False False False
 False False False False False False False]","[0.52, 0.48, 0.0]","[1.0048036057610192, 1.9348409100817299]",0,False,False
179,160.0,6000.0,0.0,-1,1,0,"[False False False False False  True False False False  True False False
 False False False False False False False False False False False False
 False False False False False False False False False False False False
 False False False False False False False False False False False False
 False False False False False False False False False False False False
 False False False False False False False]","[False False False False False False False False False False  True False
 False False False False False False False False False False False False
 False False False False False False False False False False False False
 False False False False False False False False False False False False
 False False False False False False False False False False False False
 False False False False False False False]","[0.56, 0.44, 0.0]","[0.7322121668315051, 1.8169135474117328]",0,False,False
180,160.0,6000.0,0.0,-1,-1,0,"[False False False False False False False False False False False False
 False False False False False False False False False False False False
 False False False False False False False False False False False False
 False False False False False False False False False False False False
 False False False False False False False False False False False False
 False False False False False False False]","[False False False  True False False False False  True False False  True
  True False False  True  True False False False  True False False  True
  True False False False  True False False False False False  True False
 False False  True False False False False  True  True False False False
  True False False False False False False False False False False False
 False False False  True False False False]","[0.56, 0.44, 0.0]","[0.7322121668315051, 1.8169135474117328]",0,False,False
181,161.0,6000.0,0.0,-1,1,0,"[ True False False False  True False False False False False False False
 False False False False False False False False False False False False
 False False False False False False False False False False False False
 False False False False False False False False False False False False
 False False False False False False False False False False False False
 False False False False False False False]","[ True False False False  True False False False False False False False
 False False False False False False False False False False False False
 False False False False False False False False False False False False
 False False False False False False False False False False False False
 False False False False False False False False False False False False
 False False False False False False False]","[0.56, 0.44, 0.0]","[0.7322121668315051, 1.8169135474117328]",0,False,False
182,161.0,6000.0,0.0,-1,-1,0,"[False False False False False False False False False False False False
 False False False False False False False False False False False False
 False False False False False False False False False False False False
 False  True False False False False False False False False False False
 False False False False False False False False False False False False
 False False False False False False False]","[False  True False False False  True  True False False  True  True False
 False  True  True False False False  True False False False  True False
 False False  True  True False False  True  True False False False False
  True  True False False False  True False False False False False False
  True False False False  True False False False False False False False
 False False False False False False False]","[0.56, 0.44, 0.0]","[0.3600244797379033, 1.8169135474117328]",0,False,False
183,162.0,3000.0,0.0,-1,1,0,"[ True False False False  True False False False False False False False
 False False False False False False False False False False False False
 False False False False False False False False False False False False
 False False False False False False False False False False False False
 False False False False False False False False False False False False
 False False False False False False False]","[False False False False False False False False False False False False
 False False False False False False False False False False False False
 False False False False False False False False False False False False
 False False False False False False False False False False False False
 False False False False False False False False False False False False
 False False False False False False False]","[0.56, 0.44, 0.0]","[0.3600244797379033, 1.8169135474117328]",0,False,False
184,162.0,3000.0,0.0,-1,-1,0,"[False False False False False False False False False False False False
 False False False False False False False False False False False False
 False False False False False False False False False False False False
 False False False False False False False False False False False False
 False False False False False False False False False False False False
 False False False False False False False]","[False False  True False False False  True False False False  True  True
 False False  True  True False False  True  True False False False  True
 False False False False  True False False False False False False False
 False  True  True False False  True  True False False False False False
 False False False False False False False False False False False False
 False False False False False False False]","[0.56, 0.44, 0.0]","[0.3600244797379033, 1.8169135474117328]",0,False,False
185,163.0,750.0,0.0,1,1,0,"[False False  True False False False False  True False False False False
 False False False  True  True False False False  True False False False
  True False False False  True  True False False False  True False False
 False False  True  True False False False  True False False False False
 False False False False False False  True False False False False False
 False False False False False False False]","[False False False False False False False False False False False False
 False False False  True  True False False False  True False False False
  True False False False False False False False False  True False False
 False False False  True False False False False False False False False
 False False False False False False False False False False False False
 False False False False False False False]","[0.56, 0.44, 0.0]","[0.3600244797379033, 1.8169135474117328]",0,False,False
186,164.0,3000.0,0.0,-1,-1,0,"[False False False False False False False False False False False False
 False False False False False False False False False False False False
 False False False False False False False False False False False False
 False False False False False False False False False False False False
 False False False False False False False False False False False False
 False False False False False False False]","[False False False  True False False  True  True False False False  True
 False False False  True False False False  True False False False  True
  True False False False  True False False False False  True  True False
 False False  True False False False False False False False False False
 False  True False False False False False False False False False False
 False False False False False False False]","[0.56, 0.44, 0.0]","[0.7322121668315051, 1.8169135474117328]",0,False,False
187,165.0,1500.0,0.0,1,1,0,"[False False False False  True False False False  True False False False
  True False False False  True  True False False False  True False False
 False False  True False False False  True False False False  True  True
 False False False False  True False False False  True  True False False
 False False False False False False False False False False False False
 False False False False False False False]","[False False False False False False False False False False False False
 False False False False False  True False False False  True False False
 False  True  True False False False  True False False False  True False
 False False False False  True False False False False  True False False
 False False False False False False False False False False False False
 False False False False False False False]","[0.56, 0.44, 0.0]","[0.7322121668315051, 1.8169135474117328]",0,False,False
188,166.0,3000.0,0.0,-1,-1,0,"[False False False False False False False False False False False False
 False False False False False False False False False False False False
 False False False False False False False False False False False False
 False False False False False False False False False False False False
 False False False False False False False False False False False False
 False False False False False False False]","[False  True  True False False False  True False False False  True False
 False False  True  True False False False  True False False False  True
  True False False False  True False False False False  True  True False
 False  True  True False False False False False False False False False
 False False False False False False False False False False False False
 False False False False False False False]","[0.56, 0.44, 0.0]","[0.7322121668315051, 1.8169135474117328]",0,False,False
189,167.0,3000.0,0.0,-1,-1,0,"[False False False False False False False False False False False False
 False False False False False False False False False False False False
 False False False False False False False False False False False False
 False False False False False False False False False False False False
 False False False False False False False False False False False False
 False False False False False False False]","[False False  True  True False False  True  True False False False  True
 False False False False  True False False  True  True False False False
  True False False False False  True  True False False False  True False
 False False False False False  True False False False False  True False
 False False False  True False False False False False False False False
 False False False False False False False]","[0.56, 0.44, 0.0]","[0.7322121668315051, 1.8169135474117328]",0,False,False
190,168.0,6000.0,0.0,-1,-1,0,"[False False False False False False False False False False False False
 False False False False False False False False False False False False
 False False False False False False False False False False False False
 False False False False False False False False False False False False
 False False False False False False False False False False False False
 False False False False False False False]","[False False  True  True False False False  True  True False False False
  True False False  True  True False False False  True False False False
 False  True False False False  True False False False False  True  True
 False False False  True  True False False False False False False False
 False False False  True False False False False False False False False
 False False False False False False False]","[0.52, 0.48, 0.0]","[0.5867619998972957, 1.9348409100817299]",0,False,False
191,169.0,750.0,0.0,1,1,0,"[ True  True False False False False  True False False  True  True False
 False  True  True False False False  True False False False False False
 False False  True False False False False False  True  True False False
 False False False False False  True False False False False False False
 False False False False False False False False False False False False
 False False False False False False False]","[False  True False False False False False False False False False False
 False False  True False False False  True False False False  True False
 False False  True False False False False False  True False False False
  True False False False False False False False False False False False
 False False False False False False False False False False False False
 False False False False False False False]","[0.48, 0.52, 0.0]","[0.42085643268640105, 2.0401502213058973]",0,False,False
192,170.0,750.0,0.0,1,1,0,"[ True False False False  True False False False  True False False False
  True  True False False False False  True False False  True  True False
 False False  True False False False False False  True False False False
  True  True False False False False False False False False False False
 False False False False  True False False False  True False False False
 False False False False False False False]","[False False False False False False False False False False False False
 False  True False False False  True False False False False False False
 False False  True False False False False False  True False False False
  True False False False False  True False False False False False False
 False False False False False False False False False False False False
 False False False False False False False]","[0.52, 0.48, 0.0]","[0.5867619998972957, 1.9348409100817299]",0,False,False
193,171.0,1500.0,0.0,1,1,0,"[ True False False False False  True False False False  True False False
 False  True  True False False False  True False False False  True False
 False False  True  True False False False  True False False False False
  True  True False False False  True False False False  True  True False
 False False False False  True  True False False False  True False False
 False False False False False False False]","[False False False False False False False False False False False False
 False  True  True False False False  True False False False False False
 False False  True False False False False  True False False False False
 False  True False False False  True False False False False False False
 False False False False  True  True False False False False False False
 False False False False False False False]","[0.52, 0.48, 0.0]","[0.5867619998972957, 1.9348409100817299]",0,False,False
194,172.0,6000.0,0.0,-1,-1,0,"[False False False False False False False False False False False False
 False False False False False False False False False False False False
 False False False False False False False False False False False False
 False False False False False False False False False False False False
 False False False False False False False False False False False False
 False False False False False False False]","[False False  True  True False False False  True False False  True  True
 False False  True  True False False False False  True False False False
  True False False False  True False False False False False  True  True
 False False  True  True False False False False False False False False
 False False  True False False False False False False False False False
 False False False False False False False]","[0.56, 0.44, 0.0]","[0.7322121668315051, 1.8169135474117328]",0,False,False
195,173.0,1500.0,0.0,1,1,0,"[False  True False False False  True False False False False False False
 False  True  True False False False False  True False False False  True
 False False  True  True False False False  True False False False False
 False  True False False False  True  True False False False False False
 False False False False False False False False False False  True False
 False False False False False False False]","[False False False False False  True False False False False False False
 False False  True False False False  True False False False False False
 False False False  True False False False  True False False False False
 False  True False False False False False False False False False False
 False False False False False False False False False False  True False
 False False False False False False False]","[0.56, 0.44, 0.0]","[0.7322121668315051, 1.8169135474117328]",0,False,False
196,174.0,1500.0,0.0,1,-1,0,"[False False False False False False False False False False False False
 False False False False False False False False False False False False
 False False False False False False False False False False False False
 False False False False False False False False False False False False
 False False False False False False False False False False False False
 False False False False False False False]","[False  True False False False  True  True False False False False False
 False False False False False False False False False False False False
 False False False False False False False False False False False False
 False False False False False False False False False False False False
 False False False False False False False False False False False False
 False False False False False False False]","[0.56, 0.44, 0.0]","[0.7322121668315051, 1.8169135474117328]",0,False,False
197,175.0,750.0,0.0,1,1,0,"[False  True False False False  True False False False  True  True False
 False  True  True False False False  True False False False False  True
 False False False  True False False False  True False False False False
 False  True False False False  True False False False False False False
 False False False False False False False False False False False False
 False False False False False False False]","[False  True False False False  True False False False False False False
 False False  True False False False  True False False False  True False
 False False False  True False False False  True False False False False
 False  True False False False False  True False False False False False
 False False False False False False False False False False False False
 False False False False False False False]","[0.56, 0.44, 0.0]","[0.7322121668315051, 1.8169135474117328]",0,False,False
198,176.0,6000.0,0.0,-1,1,0,"[False False False False  True False False False False False False False
 False False False False False False False False  True False False False
 False False False False False False False False False False False False
 False False False False False False False False False False False False
 False False False False False False False False False False False False
 False False False False False False False]","[False False False False False False False False False False False False
 False False False False False False False False False False False False
 False False False False False False False False False False False False
 False False False False False False False False False False False False
 False False False False False False False False False False False False
 False False False False False False False]","[0.56, 0.44, 0.0]","[0.7322121668315051, 1.8169135474117328]",0,False,False
199,176.0,6000.0,0.0,-1,-1,0,"[False False False False False False False False False False False False
 False False False False False False False False False False False False
 False False False False False False False False False False False False
 False False False False False False False False False False False False
 False False False False False False False False False False False False
 False False False False False False False]","[False  True False False False False False False False  True False False
 False False False False False  True  True False False  True  True False
 False False  True False False False  True  True False False False  True
 False False False False  True  True False False  True  True False False
 False False False False False False False False False False False False
 False False False False False False False]","[0.6, 0.4, 0.0]","[0.5066938613135554, 1.6832403249694212]",0,False,False
200,177.0,1500.0,0.0,1,1,0,"[False False False False False False False False  True False False False
  True False False False False  True False False False  True False False
 False  True  True False False  True  True False False False  True False
 False  True  True False False False False  True  True False False False
  True False False False  True  True False False False False False False
 False False False False False False False]","[False False False False False False False False False False False False
 False False False False False False False False False  True False False
 False  True False False False  True False False False False  True False
 False False  True False False False False False  True False False False
 False False False False False False False False False False False False
 False False False False False False False]","[0.56, 0.44, 0.0]","[0.3600244797379033, 1.8169135474117328]",0,False,False
201,178.0,6000.0,0.0,-1,-1,0,"[False False False False False False False False False False False False
 False False False False False False False False False False False False
 False False False False False False False False False False False False
 False False False False False False False False False False False False
 False False False False False False False False False False False False
 False False False False False False False]","[False False False False False False False False  True False False False
  True  True False False  True  True False False False  True False False
 False  True  True False False  True  True False False False  True False
 False False False  True  True False False False  True  True False False
 False False False False False False False False False False False False
 False False False False False False False]","[0.6, 0.4, 0.0]","[0.5066938613135554, 2.5630985764077403]",0,False,False
202,179.0,3000.0,0.0,-1,1,0,"[False False  True False False False False  True  True False False False
 False False False False False False False False False False False False
 False False False False False False False False False False False False
 False False False False False False False False False False False False
 False False False False False False False False False False False False
 False False False False False False False]","[False False False False False False False  True False False False False
 False False False False False False False False False False False False
 False False False False False False False False False False False False
 False False False False False False False False False False False False
 False False False False False False False False False False False False
 False False False False False False False]","[0.56, 0.44, 0.0]","[0.3600244797379033, 2.670350930522295]",0,False,False
203,180.0,6000.0,0.0,-1,-1,0,"[False False False False False False False False False False False False
 False False False False False False False False False False False False
 False False False False False False False False False False False False
 False False False False False False False False False False False False
 False False False False False False False False False False False False
 False False False False False False False]","[False False  True False False False  True  True False False False  True
  True False False  True  True False False  True  True False False False
  True False False False False  True False False False False  True False
 False False  True  True False False False False  True  True False False
 False False False False False False False False False False False False
 False False False False False  True False]","[0.56, 0.44, 0.0]","[0.3600244797379033, 2.670350930522295]",0,False,False
204,181.0,1500.0,0.0,1,1,0,"[ True  True False False False  True False False False  True  True False
 False False  True False False False  True False False False  True  True
 False False False False  True False False False False False False False
  True  True False False False False  True False False False False  True
 False False False False False False False False False False False False
 False False False False False False False]","[False  True False False False False False False False  True  True False
 False  True  True False False False False False False False  True False
 False False False False  True False False False  True False False False
 False False False False False False False False False False False False
 False False False False False False False False False False False False
 False False False False False False False]","[0.52, 0.48, 0.0]","[0.5867619998972957, 2.765983730024195]",0,False,False
205,182.0,3000.0,0.0,-1,-1,0,"[False False False False False False False False False False False False
 False False False False False False False False False False False False
 False False False False False False False False False False False False
 False False False  True False False False False False False False False
 False False False False False False False False False False False False
 False False False False False False False]","[False  True  True False False False  True  True False False  True False
 False False  True False False False  True  True False False False  True
 False False False False  True  True False False False False False False
 False False False  True False False False  True  True False False False
 False  True False False False False False False False False False False
  True False False False False  True False]","[0.52, 0.48, 0.0]","[1.0048036057610192, 2.765983730024195]",0,False,False
206,183.0,750.0,0.0,1,1,0,"[False False False False False False False  True False False False False
 False False False  True False False False  True  True False False False
  True False False False  True False False False  True False False False
  True  True False False False  True False False False False  True  True
 False False False  True False False False  True False False False False
 False False False False False False False]","[False False False False False False False False False False False False
 False False False False False False False False False False False False
 False False False False  True False False False  True False False False
  True False False False False  True False False False False False  True
 False False False False False False False  True False False False False
 False False False False False False False]","[0.52, 0.48, 0.0]","[1.0048036057610192, 2.765983730024195]",0,False,False
207,184.0,3000.0,0.0,-1,-1,0,"[False False False False False False False False False False False False
 False False False False False False False False False False False False
 False False False False False False False False False False False False
 False False False False False False False False False False False False
 False False False False False False False False False False False False
 False False False False False False False]","[ True False False False  True False False False  True  True False False
  True  True False False False  True False False False False False False
 False False False False False False False  True  True False False False
  True False False False False False False  True False False False False
  True False False False False False False False False False False False
 False False False False False False False]","[0.52, 0.48, 0.0]","[1.472630473950306, 2.765983730024195]",0,False,False
208,185.0,1500.0,0.0,1,1,0,"[False  True False False False  True False False False  True  True False
 False  True  True False False  True  True False False False  True False
 False False  True False False False  True  True False False False False
  True False False False  True  True False False False False False False
 False False False False  True False False False False False False False
 False False False False False False False]","[False False False False False False False False False False False False
 False False False False False False  True False False False  True False
 False False  True False False False  True False False False False False
  True False False False False False False False False False False False
 False False False False False False False False False False False False
 False False False False False False False]","[0.52, 0.48, 0.0]","[1.472630473950306, 2.765983730024195]",0,False,False
209,186.0,750.0,0.0,1,1,0,"[ True False False False False False False False  True False False False
 False False False False  True  True False False  True  True False False
 False  True False False False  True False False False  True  True False
 False False False False False False False  True  True False False False
  True False False False False False False False False False False False
 False False False False False False False]","[ True False False False False False False False False False False False
 False False False False  True  True False False  True  True False False
 False  True False False False  True False False False  True False False
 False False  True False False False False False  True False False False
  True False False False False False False False False False False False
 False False False False False False False]","[0.52, 0.48, 0.0]","[2.0401502213058973, 2.765983730024195]",0,False,False
210,187.0,750.0,0.0,1,-1,0,"[False False False False False False False False False False False False
 False False False False False False False False False False False False
 False False False False False False False False False False False False
 False False False False False False False False False False False False
 False False False False False False False False False False False False
 False False False False False False False]","[ True  True False False False False False False False False False False
 False False False False False False False False False False False False
 False False False False False False False False False False False False
 False False False False False False False False False False False False
 False False False False False False False False False False False False
 False False False False False False False]","[0.56, 0.44, 0.0]","[2.135138788617833, 2.670350930522295]",0,False,False
211,188.0,1500.0,0.0,1,1,0,"[False False False False False False  True False False False False False
 False False False False  True False False False False  True False False
 False  True  True False False  True  True False False  True  True False
 False False  True False False False False False  True False False False
 False  True False False False False  True False False False False  True
 False False False False False False False]","[False False False False False False False False False False False False
 False False False False False False False False False False False False
 False  True False False False  True  True False False False False False
 False False  True False False False False False  True False False False
  True False False False False False False  True False False False False
 False False False False False False False]","[0.52, 0.48, 0.0]","[2.0401502213058973, 1.9348409100817299]",0,False,False
212,189.0,6000.0,0.0,-1,-1,0,"[False False False False False False False False False False False False
 False False False False False False False False False False False False
 False False False False False False False False False False False False
 False False False False False False False False False False False False
 False False False False False False False False False False False False
 False False False False False False False]","[False False False  True False False False False  True False False  True
  True False False False  True False False  True  True False False False
  True False False False False  True False False False  True False False
 False False  True  True False False False  True False False False False
 False  True False False False False False False False False False False
 False False False False False False False]","[0.56, 0.44, 0.0]","[2.135138788617833, 1.8169135474117328]",0,False,False
213,190.0,3000.0,0.0,-1,-1,0,"[False False False False False False False False False False False False
 False False False False False False False False False False False False
 False False False False False False False False False False False False
 False False False False False False False False False False False False
 False False False False False False False False False False False False
 False False False False False False False]","[False  True False False False  True False False False  True False False
 False  True False False False  True  True False False False  True False
 False False  True False False False False False  True False False False
  True False False False  True False False False  True  True False False
 False False False False False False False False False False False False
 False False False False False False False]","[0.52, 0.48, 0.0]","[2.0401502213058973, 1.9348409100817299]",0,False,False
214,191.0,750.0,0.0,1,1,0,"[ True False False False  True False False False False False False False
 False  True False False False False  True False False False  True False
 False False  True False False False False False False False False False
  True False False False False False False False False False False False
 False False  True  True False False False False False False False False
 False False False False False False False]","[False  True False False False False False False False False False False
 False  True False False False  True False False False False False False
 False False False False False False False False False False False False
 False False False False False False False False False False False False
 False False False False False False False False False False False False
 False False False False False False False]","[0.52, 0.48, 0.0]","[2.0401502213058973, 1.9348409100817299]",0,False,False
215,192.0,750.0,0.0,1,-1,0,"[False False False False False False False False False False False False
 False False False False False False False False False False False False
 False False False False False False False False False False False False
 False False False False False False False False False False False False
 False False False False False False False False False False False False
 False False False False False False False]","[ True  True False False False False False False False False False False
 False False False False False False False False False False False False
 False False False False False False False False False False False False
 False False False False False False False False False False False False
 False False False False False False False False False False False False
 False False False False False False False]","[0.56, 0.44, 0.0]","[2.135138788617833, 1.8169135474117328]",0,False,False
216,192.0,750.0,0.0,1,1,0,"[ True  True False False False  True False False False  True  True False
 False False False False False  True  True False False False False False
 False False False False False False False False  True False False False
 False False False False  True False False False False False  True  True
 False False False  True False False False False False False False False
 False False False False False False False]","[False  True False False False False False False False  True False False
 False  True False False False False False False False False  True False
 False False False False False False False False False False False False
 False False False False False False False False False False False False
 False False False False False False False False False False False False
 False False False False False False False]","[0.56, 0.44, 0.0]","[2.135138788617833, 1.2091694501633]",0,False,False
217,193.0,750.0,0.0,1,-1,0,"[False  True False False False False False False False False False False
 False False False False False False False False False False False False
 False False False False False False False False False False False False
 False False False False False False False False False False False False
 False False False False False False False False False False False False
 False False False False False False False]","[False False False False False False False False False False False False
 False False  True  True False False False False False False False False
 False False False False False False False False False False False False
 False False False False False False False False False False False False
 False False False False False False False False False False False False
 False False False False False False False]","[0.56, 0.44, 0.0]","[2.135138788617833, 1.2091694501633]",0,False,False
218,194.0,1500.0,0.0,1,1,0,"[False False False False  True False False False False False False False
  True False False False False False False False  True  True False False
  True  True False False  True  True False False False  True False False
  True  True False False False False False  True False False  True  True
 False False False False False False False False False  True False False
 False False  True False False False False]","[False False False False False False False False  True False False False
 False False False False False False False False False False False False
  True False False False  True False False False False  True False False
 False  True False False False False False  True False False False  True
 False False False False False False False False False False False False
 False False False False False False False]","[0.52, 0.48, 0.0]","[2.0401502213058973, 0.8614538349250738]",0,False,False
219,195.0,3000.0,0.0,-1,-1,0,"[False False False False False False False False False False False False
 False False False False False False False False False False False False
 False False False False False False False False False False False False
 False False False False False False False False False False False False
 False False False False False False False False False False False False
 False False False False False False False]","[False False  True False False False  True False False False False False
 False False  True  True False False False  True False False False  True
 False False False  True False False False False  True False False False
 False  True  True False False  True  True False False False False False
 False False False False False False False False False False False False
 False False False False False False False]","[0.52, 0.48, 0.0]","[2.0401502213058973, 0.8614538349250738]",0,False,False
220,196.0,750.0,0.0,1,1,0,"[False False  True False False False False False False False  True False
 False False False  True False False False  True False False  True  True
 False False False False  True False False  True  True False False False
  True False False False False False  True False False False False False
 False False False False False False False False False False False False
 False False False False False False False]","[False False False False False False False False False False False False
 False False False False False False False False False False False  True
 False False False False False False False False False False False False
 False False False False False  True False False False False  True False
 False False False False False False False False False False False False
 False False False False False False False]","[0.52, 0.48, 0.0]","[2.0401502213058973, 0.8614538349250738]",0,False,False
221,197.0,6000.0,0.0,-1,-1,0,"[False False False False False False False False False False False False
 False False False False False False False False False False False False
 False False False False False False False False False False False False
 False False False False False False False False False False False False
 False False False False False False False False False False False False
 False False False False False False False]","[False  True False False False  True False False False  True  True False
 False  True  True False False  True  True False False False  True False
 False False  True False False False  True False False False False  True
  True False False False  True False False False False False False False
 False False False False False False False False False False False False
 False False False False False False False]","[0.52, 0.48, 0.0]","[2.0401502213058973, 0.8614538349250738]",0,False,False
222,198.0,3000.0,0.0,-1,1,0,"[ True False False  True False False False False False False False False
 False False False False False False False False False False False False
 False False False False False False False False False False False False
 False False False False False False False False False False False False
 False False False False False False False False False False False False
 False False False False False False False]","[False False False  True False False False False False False False False
 False False False False False False False False False False False False
 False False False False False False False False False False False False
 False False False False False False False False False False False False
 False False False False False False False False False False False False
 False False False False False False False]","[0.52, 0.48, 0.0]","[2.0401502213058973, 1.348978189813191]",0,False,False
223,199.0,6000.0,0.0,-1,-1,0,"[False False False False False False False False False False False False
 False False False False False False False False False False False False
 False False False False False False False False False False False False
 False False False False False False False False False False False False
 False False False False False False False False False False False False
 False False False False False False False]","[False  True False False False  True False False False  True  True False
 False  True  True False False  True  True False False False  True False
 False  True  True False False False  True False False False False  True
  True False False False  True False False False False False False False
 False False False False False False False False False False False False
 False False False False False False False]","[0.52, 0.48, 0.0]","[1.472630473950306, 1.348978189813191]",0,False,False
224,200.0,1500.0,0.0,1,1,0,"[False False  True False False False  True False False False  True False
 False False  True  True False False  True  True False False False  True
 False False False  True False False False  True  True False False False
 False False  True False False False False False False False False  True
  True False False False  True False False False False False False False
 False False False False False False False]","[False False False False False False False False False False False False
 False False False False False False  True  True False False False  True
 False False False  True False False False  True False False False False
 False  True  True False False False False False False False False False
  True False False False False False False False False False False False
 False False False False False False False]","[0.48, 0.52, 0.0]","[1.9348409100817299, 1.472630473950306]",0,False,False
225,201.0,3000.0,0.0,-1,-1,0,"[False False False False False False False False False False False False
 False False False False False False False False False False False False
 False False False False False False False False False False False False
 False False False False False False False False False False False False
 False False False False False False False False False False False False
 False False False False False False False]","[ True False False  True  True False False False  True False False  True
  True False False False  True False False False  True False False False
  True False False False False False  True False False False  True False
 False False False  True False False False False False False False False
 False False False False False False False False False False False False
 False False False False False False False]","[0.52, 0.48, 0.0]","[2.0401502213058973, 1.348978189813191]",0,False,False
226,202.0,3000.0,0.0,-1,-1,0,"[False False False False False False False False False False False False
 False False False False False False False False False False False False
 False False False False False False False False False False False False
 False False False False False False False False False False False False
 False False False False False False False False False False False False
 False False False False False False False]","[ True False False  True  True False False False  True False False False
  True False False False  True False False False  True False False False
 False  True False False False False  True  True False False  True  True
 False False False  True  True False False False False False False False
 False False False False False False False False False False False False
 False False False False False False False]","[0.48, 0.52, 0.0]","[1.9348409100817299, 1.472630473950306]",0,False,False
227,203.0,6000.0,0.0,-1,-1,0,"[False False False False False False False False False False False False
 False False False False False False False False False False False False
 False False False False False False False False False False False False
 False False False False False False False False False False False False
 False False False False False False False False False False False False
 False False False False False False False]","[False False False False False False False False False False  True False
 False False False False False False False False False False  True False
 False False False False False False False  True False False False False
 False False False  True  True False False False False False False False
 False False False False False  True  True False False False  True False
 False False False False False False False]","[0.48, 0.52, 0.0]","[1.9348409100817299, 1.472630473950306]",0,False,False
228,204.0,1500.0,0.0,1,1,0,"[False False  True False False False  True False False False  True  True
 False False  True  True False False False  True False False False  True
  True False False  True False False False False  True False False False
 False False False False False False False False False False False False
 False False False False False False False False False False False False
 False  True False False False False False]","[False False False False False False False False False False False False
 False False False  True False False False False False False False False
 False False False  True False False False  True False False False False
 False  True False False False False False False False False False False
 False False False False False False False False False False False False
 False False False False False False False]","[0.44, 0.56, 0.0]","[2.670350930522295, 1.583275816739861]",0,False,False
229,205.0,6000.0,0.0,-1,1,0,"[False False  True False False False False False False False False  True
 False False False False False False False False False False False False
 False False False False False False False False False False False False
 False False False False False False False False False False False False
 False False False False False False False False False False False False
 False False False False False False False]","[False False False False False False False False False False False False
 False False False False False False False False False False False False
 False False False False False False False False False False False False
 False False False False False False False False False False False False
 False False False False False False False False False False False False
 False False False False False False False]","[0.48, 0.52, 0.0]","[2.765983730024195, 1.472630473950306]",0,False,False
230,206.0,1500.0,0.0,1,0,0,"[False False False False False False False False False False False False
 False False False False False False False False False False False False
 False False False False False False False False False False False False
 False False False False False False False False False False False False
 False False False False False False False False False False False False
 False False False False False False False]","[False False False False False False False False False False False False
 False False False False False False False False False False False False
 False False False False False False False False False False False False
 False False False False False False False False False False False False
 False False False False False False False False False False False False
 False False False False False False False]","[0.48, 0.52, 0.0]","[1.9348409100817299, 1.472630473950306]",0,False,False
231,206.0,1500.0,0.0,1,0,0,"[False False False False False False False False False False False False
 False False False False False False False False False False False False
 False False False False False False False False False False False False
 False False False False False False False False False False False False
 False False False False False False False False False False False False
 False False False False False False False]","[False False False False False False False False False False False False
 False False False False False False False False False False False False
 False False False False False False False False False False False False
 False False False False False False False False False False False False
 False False False False False False False False False False False False
 False False False False False False False]","[0.48, 0.48, 0.04]","[1.9348409100817299, 1.348978189813191]",0,False,False
232,207.0,750.0,0.0,1,0,0,"[False False False False False False False False False False False False
 False False False False False False False False False False False False
 False False False False False False False False False False False False
 False False False False False False False False False False False False
 False False False False False False False False False False False False
 False False False False False False False]","[False False False False False False False False False False False False
 False False False False False False False False False False False False
 False False False False False False False False False False False False
 False False False False False False False False False False False False
 False False False False False False False False False False False False
 False False False False False False False]","[0.44, 0.48, 0.08]","[1.8169135474117328, 1.348978189813191]",0,False,False
233,208.0,3000.0,0.0,-1,0,0,"[False False False False False False False False False False False False
 False False False False False False False False False False False False
 False False False False False False False False False False False False
 False False False False False False False False False False False False
 False False False False False False False False False False False False
 False False False False False False False]","[False False False False False False False False False False False False
 False False False False False False False False False False False False
 False False False False False False False False False False False False
 False False False False False False False False False False False False
 False False False False False False False False False False False False
 False False False False False False False]","[0.44, 0.44, 0.12]","[1.8169135474117328, 1.2091694501633]",0,False,False
234,208.0,3000.0,0.0,-1,1,0,"[False False False False False False False False False False False False
 False False False False False False False False False False False False
 False False False False False False False False False False False  True
 False False False  True False False False False False False False False
 False False False False False False False False False False False False
 False False False False False False False]","[False False False False False False False False False False False False
 False False False False False False False False False False False False
 False False False False False False False False False False False False
 False False False False False False False False False False False False
 False False False False False False False False False False False False
 False False False False False False False]","[0.4, 0.44, 0.16]","[1.6832403249694212, 1.2091694501633]",0,False,False
235,208.0,3000.0,0.0,-1,0,0,"[False False False False False False False False False False False False
 False False False False False False False False False False False False
 False False False False False False False False False False False False
 False False False False False False False False False False False False
 False False False False False False False False False False False False
 False False False False False False False]","[False False False False False False False False False False False False
 False False False False False False False False False False False False
 False False False False False False False False False False False False
 False False False False False False False False False False False False
 False False False False False False False False False False False False
 False False False False False False False]","[0.4, 0.44, 0.16]","[1.04879987536743, 1.2091694501633]",0,False,False
236,209.0,750.0,0.0,1,0,0,"[False False False False False False False False False False False False
 False False False False False False False False False False False False
 False False False False False False False False False False False False
 False False False False False False False False False False False False
 False False False False False False False False False False False False
 False False False False False False False]","[False False False False False False False False False False False False
 False False False False False False False False False False False False
 False False False False False False False False False False False False
 False False False False False False False False False False False False
 False False False False False False False False False False False False
 False False False False False False False]","[0.4, 0.4, 0.2]","[1.04879987536743, 1.6832403249694212]",0,False,False
237,209.0,750.0,0.0,1,1,0,"[False False False False False False False False False False False False
 False False False False False False False False False False False False
 False False False False  True False False False False False False False
 False  True False False False False False False False False False False
  True False False  True  True False False False False False False False
  True False False  True  True False False]","[False False False False False False False False False False False False
 False False False False False False False False False False False False
 False False False False False False False False False False False False
 False False False False False False False False False False False False
 False False False False  True False False False  True False False False
  True False False  True  True False False]","[0.36, 0.4, 0.24]","[0.8614535802617546, 1.6832403249694212]",0,False,False
238,210.0,3000.0,0.0,-1,-1,0,"[False False False False False False False False False False False False
 False False False False False False False False False False False False
 False False False False False False False False False False False False
 False False False False False False False False False False False False
 False False False False False False False False False False False False
 False False False False False False False]","[False False False False False False False False False False False False
 False False False False False False  True False False False  True  True
 False False  True  True False False False False False False False  True
 False False False  True False False  True  True False False False  True
 False False False False  True  True False False False False False False
 False False False False False False False]","[0.4, 0.36, 0.24]","[1.04879987536743, 1.5294172755398876]",0,False,False
239,211.0,1500.0,0.0,1,1,0,"[False False  True False False False False False False False False False
 False False False False  True False False False  True False False False
 False False False False  True False False False  True False False False
 False False False False False  True  True False False False False False
 False  True  True False False False False  True False False False  True
 False False False False False False False]","[False False False False False False False False False False False False
 False False False False False False False False False False False False
 False False False False False False False False  True False False False
  True False False False False False False False False False  True False
 False False False False False False False False False False False False
 False False False False False False False]","[0.4, 0.36, 0.24]","[1.04879987536743, 1.5294172755398876]",0,False,False
240,212.0,6000.0,0.0,-1,-1,0,"[False False False False False False False False False False False False
 False False False False False False False False False False False False
 False False False False False False False False False False False False
 False False False False False False False False False False False False
 False False False False False False False False False False False False
 False False False False False False False]","[False False False  True False False False  True False False False False
 False False False False  True False False False  True False False False
  True  True False False False  True False False False  True False False
 False False  True  True False False False False False False False False
 False False False False False False False False False False False False
 False False False False False False False]","[0.4, 0.36, 0.24]","[1.04879987536743, 1.5294172755398876]",0,False,False
241,213.0,6000.0,0.0,-1,1,0,"[False False  True False False False  True False False False False False
 False False False False False False False False False False False False
 False False False False False False False False False False False False
 False False False False False False False False False False False False
 False False False False False False False False False False False False
 False False False False False False False]","[False False False False False False False False False False False False
 False False False False False False False False False False False False
 False False False False False False False False False False False False
 False False False False False False False False False False False False
 False False False False False False False False False False False False
 False False False False False False False]","[0.4, 0.36, 0.24]","[1.04879987536743, 2.4412761378064363]",0,False,False
242,213.0,6000.0,0.0,-1,-1,0,"[False False False False False False False False False False False False
 False False False False False False False False False False False False
 False False False False False False False False False False False False
 False False False False False False False False False False False False
 False False False False False False False False False False False False
 False False False False False False False]","[False False False False False False  True False False False  True False
 False False  True False False False  True False False False  True False
 False False  True False False False  True False False False  True  True
 False False False  True  True False False False  True False False False
 False False False False False False False False False False False False
 False False False False False False False]","[0.4, 0.36, 0.24]","[0.5066936887499858, 2.4412761378064363]",0,False,False
243,214.0,750.0,0.0,1,1,0,"[ True False False  True False False False False False False False False
  True False False  True  True False False False False False False  True
  True False False False False False False False False False False False
 False False False False False False  True False False False False False
 False False False False False False False False False False False False
 False False False False False False False]","[False False False False False False False False False False False False
 False False False False False False False False  True False False False
 False False False False  True False False False False False False False
 False False False False False False False False False False False False
 False False False False False False False False False False False False
 False False False False False False False]","[0.4, 0.36, 0.24]","[0.5066936887499858, nan]",0,False,False
244,215.0,3000.0,0.0,-1,1,0,"[False False False False False False False False False False  True False
 False False  True False False False False False False False False False
 False False False False False False False False False False False False
 False False False False False False False False False False False False
 False False False False False False False False False False False False
 False False False False False False False]","[False False False False False False False False False False False False
 False False False False False False False False False False False False
 False False False False False False False False False False False False
 False False False False False False False False False False False False
 False False False False False False False False False False False False
 False False False False False False False]","[0.4, 0.36, 0.24]","[0.5066936887499858, nan]",0,False,False
245,215.0,3000.0,0.0,-1,-1,0,"[False False False False False False False False False False False False
 False False False False False False False False False False False False
 False False False False False False False False False False False False
 False False False False False False False False False False False False
 False False False False False False False False False False False False
 False False False False False False False]","[False False False False False  True False False False  True False False
 False  True False False False False  True False False False  True False
 False False  True False False False  True False False False  True False
 False False  True False False False  True False False False False False
 False False False False False False False False False False False False
 False False False False False False False]","[0.44, 0.32, 0.24]","[0.2283703801950016, nan]",0,False,False
246,216.0,3000.0,0.0,-1,-1,0,"[False False False False False False False False False False False False
 False False False False False False False False False False False False
 False False False False False False False False False False False False
 False False False False False False False False False False False False
 False False False False False False False False False False False False
 False False False False False False False]","[False False False False False False False False False False False False
 False False  True  True False False False  True False False False  True
 False False False False  True False False False  True False False False
  True False False False False False  True False False False  True False
 False False  True  True False False False False False False False False
 False False False False False False False]","[0.4, 0.36, 0.24]","[0.0, nan]",0,False,False
247,217.0,1500.0,0.0,1,-1,0,"[False False False False False False False False False False False False
 False False False False False False False False False False False False
 False False False False False False False False False False False False
 False False False False False False False False False False False False
 False False False False False False False False False False False False
 False False False False False False False]","[False False False False False False False False False False  True False
 False False  True False False False False False False False False False
 False False False False False False False False False False False False
 False False False False False False False False False False False False
 False False False False False False False False False False False False
 False False False False False False False]","[0.4, 0.36, 0.24]","[0.0, nan]",0,False,False
248,218.0,6000.0,0.0,-1,1,0,"[False  True False False False False False False False False False False
 False False False False False  True False False False False False False
 False False False False False False False False False False False False
 False False False False False False False False False False False False
 False False False False False False False False False False False False
 False False False False False False False]","[False False False False False False False False False False False False
 False False False False False False False False False False False False
 False False False False False False False False False False False False
 False False False False False False False False False False False False
 False False False False False False False False False False False False
 False False False False False False False]","[0.36, 0.4, 0.24]","[0.2794202853486787, 2.5630985764077403]",0,False,False
249,218.0,6000.0,0.0,-1,-1,0,"[False False False False False False False False False False False False
 False False False False False False False False False False False False
 False False False False False False False False False False False False
 False False False False False False False False False False False False
 False False False False False False False False False False False False
 False False False False False False False]","[False False  True False False False False  True False False False False
 False False False False False False False False False False False False
 False False False  True  True False False False  True False False False
  True False False False  True False False False False  True False False
 False  True  True False False False  True False False False False False
 False False False False False False False]","[0.4, 0.36, 0.24]","[0.0, 2.4412761378064363]",0,False,False
250,219.0,750.0,0.0,1,1,0,"[False  True False False False False False False False  True False False
 False False False False False False  True False False False False False
 False False  True False False False  True  True False False False  True
 False False False  True False False False False False  True False False
 False  True False False False False False False False False False False
 False False False False False False False]","[False False False False False False False False False False False False
 False False False False False False False False False False  True False
 False False False False False False  True False False False  True False
 False False False False False False False False False False False False
 False False False False False False False False False False False False
 False False False False False False False]","[0.36, 0.4, 0.24]","[-0.2794202853486787, 2.5630985764077403]",0,False,False
251,220.0,1500.0,0.0,1,1,0,"[False False False False False  True False False False  True False False
 False  True False False False  True  True False False False  True False
 False False  True False False False  True False False  True  True False
 False False  True False False False False False  True False False False
 False False False False False  True False False False False False False
 False False False False False False False]","[False False False False False False False False False False False False
 False False False False False  True False False False  True  True False
 False False False False False False False False False False False False
 False False  True False False False False False  True False False False
  True False False False False False False False False False False False
 False False False False False False False]","[0.4, 0.36, 0.24]","[0.0, 2.4412761378064363]",0,False,False
252,221.0,1500.0,0.0,1,-1,0,"[False False False False False False False False False False False False
 False False False False False False False False False False False False
 False False False False False False False False False False False False
 False False False False False False False False False False False False
 False False False False False False False False False False False False
 False False False False False False False]","[False False False False  True False False False False False False False
 False False False False False False  True  True False False False False
 False False False False False False False False False False False False
 False False False False False False False False False False False False
 False False False False False False False False False False False False
 False False False False False False False]","[0.44, 0.32, 0.24]","[0.2283703801950016, 2.300694208940575]",0,False,False
253,221.0,1500.0,0.0,1,1,0,"[ True False False False False False False False False  True False False
 False  True  True False False  True  True False False False  True False
 False  True  True False False False  True False False False False False
 False False False False  True False False False False False False False
  True False False False  True False False False False False False False
 False False False False False False False]","[False False False False False False False False False False False False
 False False False False False  True  True False False  True False False
 False  True  True False False  True  True False False False False False
 False False False False False False False False False False False False
 False False False False False False False False False False False False
 False False False False False False False]","[0.44, 0.32, 0.24]","[0.2283703801950016, 1.348977534191646]",0,False,False
254,222.0,750.0,0.0,1,-1,0,"[False False False False False False False False False False False False
 False False False False False False False False False False False False
 False False False False False False False False False False False False
 False False False False False False False False False False False False
 False False False False False False False False False False False False
 False False False False False False False]","[False False False  True False False False  True False False False False
 False False False False False False False False False False False False
 False False False False False False False False False False False False
 False False False False False False False False False False False False
 False False False False False False False False False False False False
 False False False False False False False]","[0.44, 0.32, 0.24]","[0.2283703801950016, 1.348977534191646]",0,False,False
255,223.0,6000.0,0.0,-1,1,0,"[ True False False False  True False False False False False False False
 False False False False False False False False False False False False
 False False False False False False False False False False False False
 False False False False False False False False False False False False
 False False False False False False False False False False False False
 False False False False False False False]","[False False False False False False False False False False False False
 False False False False False False False False False False False False
 False False False False False False False False False False False False
 False False False False False False False False False False False False
 False False False False False False False False False False False False
 False False False False False False False]","[0.4, 0.36, 0.24]","[0.5066936887499858, 0.8614535802617546]",0,False,False
256,223.0,6000.0,0.0,-1,0,0,"[False False False False False False False False False False False False
 False False False False False False False False False False False False
 False False False False False False False False False False False False
 False False False False False False False False False False False False
 False False False False False False False False False False False False
 False False False False False False False]","[False False False False False False False False False False False False
 False False False False False False False False False False False False
 False False False False False False False False False False False False
 False False False False False False False False False False False False
 False False False False False False False False False False False False
 False False False False False False False]","[0.44, 0.36, 0.2]","[0.2283703801950016, 0.8614535802617546]",0,False,False
257,224.0,3000.0,0.0,-1,0,0,"[False False False False False False False False False False False False
 False False False False False False False False False False False False
 False False False False False False False False False False False False
 False False False False False False False False False False False False
 False False False False False False False False False False False False
 False False False False False False False]","[False False False False False False False False False False False False
 False False False False False False False False False False False False
 False False False False False False False False False False False False
 False False False False False False False False False False False False
 False False False False False False False False False False False False
 False False False False False False False]","[0.44, 0.36, 0.2]","[0.2283703801950016, 0.8614535802617546]",0,False,False
258,225.0,1500.0,0.0,1,1,0,"[False False False False False  True False False False False False False
 False  True False False False False  True False False  True  True False
 False  True  True False False False False False False  True  True False
 False False False False False False False  True False False False False
 False False False  True  True False False False False False False False
 False False False False False False False]","[False False False False False False False False False False False False
 False False False False False False False False False False False False
 False  True  True False False  True  True False False False False False
 False False False False False False False False False False False False
 False False False False False False False False False False False False
 False False False False False False False]","[0.44, 0.36, 0.2]","[0.2283703801950016, 0.8614535802617546]",0,False,False
259,226.0,6000.0,0.0,-1,-1,0,"[False False False False False False False False False False False False
 False False False False False False False False False False False False
 False False False False False False False False False False False False
 False False False False False False False False False False False False
 False False False False False False False False False False False False
 False False False False False False False]","[False False False False False False False False  True False False False
 False False False False False False False False False False False False
 False False False False False False False False False False False False
 False  True False False False False False False False False False False
 False False False False False False False False False False False False
 False False False False False False False]","[0.48, 0.36, 0.16]","[0.42085643268640105, 0.8614535802617546]",0,False,False
260,227.0,750.0,0.0,1,1,0,"[False False False False False False False False False False False False
 False False False False False False False False False False False False
 False False False  True  True False False False False False False False
 False  True False False  True  True False False  True  True False False
 False False False False  True  True False False False False False False
 False False False False False False  True]","[False False False False False False False False False False False False
 False False False False False False False False False False False False
 False False False False False False False False False False False False
 False False False False  True False False False  True False False False
  True False False False False False False False False  True False False
 False False False False False False False]","[0.44, 0.4, 0.16]","[0.6975107308138484, 1.04879987536743]",0,False,False
261,228.0,750.0,0.0,1,-1,0,"[False False False False False False False False False False False False
 False False False False False False False False False False False False
 False False False False False False False False False False False False
 False False False False False False False False False False False False
 False False False False False False False False False False False False
 False False False False False False False]","[False False False False False False False False False  True False False
 False False False False False False False False False False False False
 False False False  True False False False False False False False False
 False False False False False False False False False False False False
 False False False False False False False False False False False False
 False False False False False False False]","[0.48, 0.4, 0.12]","[0.8614538349250738, 1.04879987536743]",0,False,False
262,228.0,750.0,0.0,1,0,0,"[False False False False False False False False False False False False
 False False False False False False False False False False False False
 False False False False False False False False False False False False
 False False False False False False False False False False False False
 False False False False False False False False False False False False
 False False False False False False False]","[False False False False  True False False False False False False False
 False False False False False False False False False False False False
 False False False False False False False False False False False False
 False False False False False False False False False False False False
 False False False False False False False False False False False False
 False False False False False False False]","[0.48, 0.44, 0.08]","[0.8614538349250738, 0.6975107308138484]",0,False,False
263,229.0,3000.0,0.0,-1,0,0,"[False False False False False False False False False False False False
 False False False False False False False False False False False False
 False False False False False False False False False False False False
 False False False False False False False False False False False False
 False False False False False False False False False False False False
 False False False False False False False]","[False False False False False False False False False False False False
 False False False False False False False False False False False False
 False False False False False False False False False False False False
 False False False False False False False False False False False False
 False False False False False False False False False False False False
 False False False False False False False]","[0.44, 0.44, 0.12]","[0.6975107308138484, 0.6975107308138484]",0,False,False
