,Trial index,Stim frequency,Stim AM rate,Category,Response,Task,Right licks,Left licks,Choice rate,dprimes,Timeline events,Flagged,Easy
0,0.0,6000.0,0.0,-1,-1,0,"[False False False False False False False False False False False False
 False False False False False False False False False False False False
 False False False False False False False False False False False False
 False False False False False False False False False False False False
 False False False False False False False False False False False False
 False False False False False False False]","[False False False  True False False False  True False False False False
 False False False False  True False False False False False False False
  True False False False  True False False False False False  True False
 False  True  True False False False False  True  True False False  True
  True False False False  True False False False False  True  True False
 False False False False False False False]","[0, 0, 0]","[0, 0]",0,False,False
1,1.0,3000.0,0.0,-1,-1,0,"[False False False False False False False False False False False False
 False False False False False False False False False False False False
 False False False False False False False False False False False False
 False False False False False False False False False False False False
 False False False False False False False False False False False False
 False False False False False False False]","[ True False False False False  True False False False False False False
 False False False False False False False  True False False False  True
 False False False False  True  True False False  True False False False
 False False  True  True False False  True  True False False  True  True
 False False False False  True  True False False False False False False
 False False False False False False False]","[0.0, 1.0, 0.0]","[0.0, nan]",0,False,True
2,2.0,6000.0,0.0,-1,-1,0,"[False False False False False False False False False False False False
 False False False False False False False False False False False False
 False False False False False False False False False False False False
 False False False False False False False False False False False False
 False False False False False False False False False False False False
 False False False False False False False]","[False  True False False False False  True False False False False  True
 False False False  True False False False False False False False  True
  True False False False  True False False False False  True  True False
 False False False  True  True False False  True  True False False False
 False False  True False False False False False False False False False
 False False False False False False False]","[0.0, 1.0, 0.0]","[0.0, nan]",0,False,True
3,3.0,6000.0,0.0,-1,-1,0,"[False False False False False False False False False False False False
 False False False False False False False False False False False False
 False False False False False False False False False False False False
 False False False False False False False False False False False False
 False False False False False False False False False False False False
 False False False False False False False]","[False False False  True  True False False False  True False False False
  True False False False False False False False  True  True False False
 False  True False False False False  True False False False False  True
 False False False False False  True False False False  True  True False
 False False  True False False False False False  True  True False False
  True  True False False False False False]","[0.0, 1.0, 0.0]","[0.0, nan]",0,False,True
4,4.0,1500.0,0.0,1,1,0,"[False False False False False False False False False False False False
 False False False False False False False False False False False False
 False False False False False False False False False False False False
 False False False False False False False False False False  True False
 False False  True False False False False  True False False False False
 False False False False  True False False]","[False False False False False False False False False False False False
 False False False False False False False False False False False False
 False False False False False False False False False False False False
 False False False False False False False False False False False False
 False False False False False False False False False False False False
 False False False False False False False]","[0.0, 1.0, 0.0]","[0.0, nan]",0,False,True
5,5.0,6000.0,0.0,-1,-1,0,"[False False False False False False False False False False False False
 False False False False False False False False False False False False
 False False False False False False False False False False False False
 False False False False False False False False False False False False
 False False False False False False False False False False False False
 False False False False False False False]","[False  True  True False False False False  True False False False  True
 False False False  True False False False False  True False False False
  True False False False False  True  True False False False False  True
  True False False  True  True False False False  True  True False False
 False False False  True False False False  True  True False False False
 False False False False False False False]","[0.2, 0.8, 0.0]","[nan, nan]",0,False,True
6,6.0,1500.0,0.0,1,0,0,"[False False False False False False False False False False False False
 False False False False False False False False False False False False
 False False False False False False False False False False False False
 False False False False False False False False False False False False
 False False False False False False False False False False False False
 False  True False False False False False]","[False False False False False False False False False False False False
 False False False False False False False False False False False False
 False False False False False False False False False False False False
 False False False False False False False False False False False False
 False False False False False False False False False False False False
 False False False False False False False]","[0.16666666666666666, 0.8333333333333334, 0.0]","[nan, nan]",0,False,True
7,7.0,750.0,0.0,1,1,0,"[False False False False False False False False False False False False
 False False False False False False  True False False False False False
 False False False False False False False False  True False False False
 False False False False False False  True False False False  True False
 False False False False False False False False False False False False
 False  True False False False False False]","[False False False False False False False False False False False False
 False False False False False False False False False False False False
 False False False False False False False False False False False False
 False False False False False False False False False False False False
 False False False False False False False False False False False False
 False False False False False False False]","[0.14285714285714285, 0.7142857142857143, 0.14285714285714285]","[nan, nan]",0,False,True
8,8.0,750.0,0.0,1,1,0,"[False False False False False False False False False False False False
 False False False False False False False False False False False False
 False False False False False False  True False False False False  True
 False False False False False False False False False False False False
 False False False False False False  True False False False  True False
 False False False False False False False]","[False False False False False False False False False False False False
 False False False False False False False False False False False False
 False False False False False False False False False False False False
 False False False False False False False False False False False False
 False False False False False False False False False False False False
 False False False False False False False]","[0.25, 0.625, 0.125]","[nan, nan]",0,False,True
9,9.0,3000.0,0.0,-1,-1,0,"[False False False False False False False False False False False False
 False False False False False False False False False False False False
 False False False False False False False False False False False False
 False False False False False False False False False False False False
 False False False False False False False False False False False False
 False False False False False False False]","[False False False False False False False False False False False False
 False False False False False False False False False False False False
 False False False False False False  True False False False False  True
 False False False False  True False False False  True False False False
  True False False False False  True False False False False False  True
 False False False  True False False False]","[0.3333333333333333, 0.5555555555555556, 0.1111111111111111]","[nan, nan]",0,False,True
10,10.0,750.0,0.0,1,1,0,"[False False False False False False False False False False False False
 False False False False False False False False False False False False
 False False False False False False False False False False False False
 False False False False False False False False False False  True False
 False False False False False False False False  True False False False
 False  True False False False  True False]","[False False False False False False False False False False False False
 False False False False False False False False False False False False
 False False False False False False False False False False False False
 False False False False False False False False False False False False
 False False False False False False False False False False False False
 False False False False False False False]","[0.3, 0.6, 0.1]","[nan, nan]",0,False,True
11,11.0,1500.0,0.0,1,0,0,"[False False False False False False False False False False False False
 False False False False False False False False False False False False
 False False False False False False False False False False False False
 False False False False False False False False False False False False
 False False False False False False False False False False False False
 False False False False False False False]","[False False False False False False False False False False False False
 False False False False False False False False False False False False
 False False False False False False False False False False False False
 False False False False False False False False False False False False
 False False False False False False False False False False False False
 False False False False False False False]","[0.36363636363636365, 0.5454545454545454, 0.09090909090909091]","[nan, nan]",0,False,True
12,11.0,1500.0,0.0,1,1,0,"[False False  True False False False False False False False False  True
 False False False False False False False False False  True False False
 False False False False False  True False False False False False False
 False False False False False False False False  True False False False
 False False False False False False False False False False False False
 False False False  True False False False]","[False False False False False False False False False False False False
 False False False False False False False False False False False False
 False False False False False False False False False False False False
 False False False False False False False False False False False False
 False False False False False False False False False False False False
 False False False False False False False]","[0.3333333333333333, 0.5, 0.16666666666666666]","[nan, nan]",0,False,True
13,12.0,750.0,0.0,1,1,0,"[False False False False False False False False False False False False
 False False False False False False False False False False False False
 False False  True False False False False  True False False False False
  True False False False  True False False False False False False False
 False False False False False False False False False False False  True
 False False False False False False False]","[False False False False False False False False False False False False
 False False False False False False False False False False False False
 False False False False False False False False False False False False
 False False False False False False False False False False False False
 False False False False False False False False False False False False
 False False False False False False False]","[0.38461538461538464, 0.46153846153846156, 0.15384615384615385]","[nan, nan]",0,False,True
14,13.0,1500.0,0.0,1,1,0,"[False False False False False False False False False False False False
 False False False False False False False False False False False  True
  True False False False False False False False False False False False
 False False False False False False False  True False False False False
 False False False  True False False False False False False False False
 False False False False False False False]","[False False False False False False False False False False False False
 False False False False False False False False False False False False
 False False False False False False False False False False False False
 False False False False False False False False False False False False
 False False False False False False False False False False False False
 False False False False False False False]","[0.42857142857142855, 0.42857142857142855, 0.14285714285714285]","[nan, nan]",0,False,True
15,14.0,3000.0,0.0,-1,-1,0,"[False False False False False False False False False False False False
 False False False False False False False False False False False False
 False False False False False False False False False False False False
 False False False False False False False False False False False False
 False False False False False False False False False False False False
 False False False False False False False]","[False  True False False False  True False False False False False  True
 False False False  True False False False  True False False False  True
 False False False  True False False False False  True  True False False
 False  True  True False False False False  True  True False False False
  True False False False  True False False False False False False False
 False False False False False False False]","[0.4666666666666667, 0.4, 0.13333333333333333]","[nan, nan]",0,False,True
16,15.0,3000.0,0.0,-1,-1,0,"[False False False False False False False False False False False False
 False False False False False False False False False False False False
 False False False False False False False False False False False False
 False False False False False False False False False False False False
 False False False False False False False False False False False False
 False False False False False False False]","[False False False False False False  True  True False False False False
  True False False False  True False False False False False False False
  True False False False False False  True  True False False False False
  True False False False False False  True False False False  True  True
 False False False  True False False False False False False False False
 False False False False False False False]","[0.4375, 0.4375, 0.125]","[nan, nan]",0,False,True
17,16.0,750.0,0.0,1,1,0,"[False False False False False False False False False False False False
 False False False False False False False False False False False False
 False False False False False False False False  True False False False
 False False False False False  True False False False False  True False
 False False  True  True False False False False False False False False
 False False False False False  True False]","[False False False False False False False False False False False False
 False False False False False False False False False False False False
 False False False False False False False False False False False False
 False False False False False False False False False False False False
 False False False False False False False False False False False False
 False False False False False False False]","[0.4117647058823529, 0.47058823529411764, 0.11764705882352941]","[nan, nan]",0,False,True
18,17.0,1500.0,0.0,1,1,0,"[False False False False False False False False False False False False
 False False False False False False False False False False False False
 False False False False  True False False False  True False False False
 False False False False False False  True False False False  True False
 False False  True False False False False False False False False  True
 False False False False False False False]","[False False False False False False False False False False False False
 False False False False False False False False False False False False
 False False False False False False False False False False False False
 False False False False False False False False False False False False
 False False False False False False False False False False False False
 False False False False False False False]","[0.4444444444444444, 0.4444444444444444, 0.1111111111111111]","[nan, nan]",0,False,True
19,18.0,3000.0,0.0,-1,-1,0,"[False False False False False False False False False False False False
 False False False False False False False False False False False False
 False False False False False False False False False False False False
 False False False False False False False False False False False False
 False False False False False False False False False False False False
 False False False False False False False]","[False False False False False False False False False False False False
 False False False False False False False False False False False False
 False False False False False False  True False False False False  True
 False False False False  True False False False  True False False False
  True False False False False False  True False False False  True False
 False False False  True  True False False]","[0.47368421052631576, 0.42105263157894735, 0.10526315789473684]","[nan, nan]",0,False,True
20,19.0,3000.0,0.0,-1,-1,0,"[False False False False False False False False False False False False
 False False False False False False False False False False False False
 False False False False False False False False False False False False
 False False False False False False False False False False False False
 False False False False False False False False False False False False
 False False False False False False False]","[False False False  True  True False False False False False False False
 False  True False False False  True False False False False False  True
 False False False False False False False False  True  True False False
 False False False False False False  True  True False False False  True
  True False False  True  True False False False False False False False
 False False False False False False False]","[0.45, 0.45, 0.1]","[nan, nan]",0,False,True
21,20.0,6000.0,0.0,-1,-1,0,"[False False False False False False False False False False False False
 False False False False False False False False False False False False
 False False False False False False False False False False False False
 False False False False False False False False False False False False
 False False False False False False False False False False False False
 False False False False False False False]","[False False False  True False False False False  True False False False
 False  True False False False  True False False False False  True False
 False False  True False False False  True  True False False False False
  True  True False False  True  True False False False False  True  True
 False False False False False False False False False False False False
 False False False False False False False]","[0.42857142857142855, 0.47619047619047616, 0.09523809523809523]","[nan, nan]",0,False,True
22,21.0,750.0,0.0,1,1,0,"[False False False False False False False False False False False False
 False False False False False False False False False False False False
 False False False False False False False False False False False False
 False False False False False False False False  True False False False
 False False False False False  True False False False  True  True False
 False False  True False False False False]","[False False False False False False False False False False False False
 False False False False False False False False False False False False
 False False False False False False False False False False False False
 False False False False False False False False False False False False
 False False False False False False False False False False False False
 False False False False False False False]","[0.4090909090909091, 0.5, 0.09090909090909091]","[nan, nan]",0,False,True
23,22.0,6000.0,0.0,-1,-1,0,"[False False False False False False False False False False False False
 False False False False False False False False False False False False
 False False False False False False False False False False False False
 False False False False False False False False False False False False
 False False False False False False False False False False False False
 False False False False False False False]","[ True False False False  True  True False False False  True False False
 False  True False False False  True  True False False False  True False
 False False  True False False False False  True  True False False False
  True False False False False False  True False False False False False
 False False False False False False False False False False False False
 False False False False False False False]","[0.43478260869565216, 0.4782608695652174, 0.08695652173913043]","[nan, nan]",0,False,True
24,23.0,750.0,0.0,1,1,0,"[False False False False False False False False False False False False
 False False False False False False False False False False False False
  True False False False False False False False False  True False False
 False False  True False False False False False False False  True  True
 False False False False False False False False False  True False False
 False False False False False False False]","[False False False False False False False False False False False False
 False False False False False False False False False False False False
 False False False False False False False False False False False False
 False False False False False False False False False False False False
 False False False False False False False False False False False False
 False False False False False False False]","[0.4166666666666667, 0.5, 0.08333333333333333]","[nan, nan]",0,False,True
25,24.0,1500.0,0.0,1,1,0,"[False False False False False False False False False False False False
 False False False False False False False False False False  True False
 False False False  True False False False False False False False False
 False  True False False False  True False False False False False False
 False False False False False False False False False False False False
 False False False False  True False False]","[False False False False False False False False False False False False
 False False False False False False False False False False False False
 False False False False False False False False False False False False
 False False False False False False False False False False False False
 False False False False False False False False False False False False
 False False False False False False False]","[0.44, 0.48, 0.08]","[nan, nan]",0,False,True
26,25.0,6000.0,0.0,-1,-1,0,"[False False False False False False False False False False False False
 False False False False False False False False False False False False
 False False False False False False False False False False False False
 False False False False False False False False False False False False
 False False False False False False False False False False False False
 False False False False False False False]","[False False False False False False False False False False False False
 False False False False False False False False False False False False
 False False False False False False False False False False  True False
 False False  True  True False False False False  True False False False
  True False False False  True False False False False  True False False
 False False  True False False False  True]","[0.48, 0.44, 0.08]","[nan, nan]",0,False,True
27,26.0,750.0,0.0,1,1,0,"[False False False False False False False False False False False False
 False False False False False False False False False  True False False
 False False  True False False False False False False False False False
  True False False False False False False False  True False False False
 False False False False False False False False False False False  True
 False False False False False False False]","[False False False False False False False False False False False False
 False False False False False False False False False False False False
 False False False False False False False False False False False False
 False False False False False False False False False False False False
 False False False False False False False False False False False False
 False False False False False False False]","[0.48, 0.44, 0.08]","[nan, nan]",0,False,True
28,27.0,3000.0,0.0,-1,-1,0,"[False False False False False False False False False False False False
 False False False False False False False False False False False False
 False False False False False False False False False False False False
 False False False False False False False False False False False False
 False False False False False False False False False False False False
 False False False False False False False]","[ True  True False False False False  True False False False  True False
 False False  True False False False  True False False False False False
  True  True False False  True  True False False False False  True  True
 False False  True  True False False False  True  True False False False
 False False False False False False False False False False False False
 False False False False False False False]","[0.52, 0.4, 0.08]","[nan, nan]",0,False,True
29,28.0,3000.0,0.0,-1,-1,0,"[False False False False False False False False False False False False
 False False False False False False False False False False False False
 False False False False False False False False False False False False
 False False False False False False False False False False False False
 False False False False False False False False False False False False
 False False False False False False False]","[ True  True False False False  True False False False False False False
 False  True  True False False False  True False False False  True  True
 False False False False False False False False  True  True False False
 False False  True  True False False False  True  True False False False
 False False False False False False False False False False False False
 False False False False False False False]","[0.52, 0.4, 0.08]","[nan, nan]",0,False,True
30,29.0,6000.0,0.0,-1,-1,0,"[False False False False False False False False False False False False
 False False False False False False False False False False False False
 False False False False False False False False False False False False
 False False False False False False False False False False False False
 False False False False False False False False False False False False
 False False False False False False False]","[False  True False False False  True  True False False False False  True
 False False False  True False False False False False False False False
 False  True False False False  True  True False False False False  True
  True False False False  True False False False False False False False
 False False False False False False False False False False False False
 False False False False False False False]","[0.48, 0.44, 0.08]","[nan, nan]",0,False,False
31,30.0,1500.0,0.0,1,-1,0,"[False False False False False False False False False False False False
 False False False False False False False False False False False False
 False False False False False False False False False False False False
 False False False False False False False False False False False False
 False False False False False False False False False False False False
 False False False False False False False]","[False  True  True False False False False False False False False False
 False False False False False False False False False False False False
 False False False False False False False False False False False False
 False False False False False False False False False False False False
 False False False False False False False False False False False False
 False False False False False False False]","[0.48, 0.44, 0.08]","[nan, nan]",0,False,False
32,30.0,1500.0,0.0,1,-1,0,"[False False False False False False False False False False False False
 False False False False False False False False False False False False
 False False False False False False False False False False False False
 False False False False False False False False False False False False
 False False False False False False False False False False False False
 False False False False False False False]","[False False  True  True False False False False False False False False
 False False False False False False False False False False False False
 False False False False False False False False False False False False
 False False False False False False False False False False False False
 False False False False False False False False False False False False
 False False False False False False False]","[0.48, 0.48, 0.04]","[nan, 2.765983730024195]",0,False,False
33,30.0,1500.0,0.0,1,1,0,"[False  True False False False False False False False False  True False
 False False False False False False False  True False False False False
  True False False False False False False False False False False False
  True  True False False False False False False False False  True False
 False False  True  True False False False False False False False False
 False False False False False False False]","[False False False False False False False False False False False False
 False False False False False False False False False False False  True
 False False False False  True False False False False False False False
 False False False False False False False False False False False False
 False False False False False False False False False False False False
 False False False False False False False]","[0.44, 0.52, 0.04]","[nan, 2.0401502213058973]",0,False,False
34,31.0,1500.0,0.0,1,-1,0,"[False False False False False False False False False False False False
 False False False False False False False False False False False False
 False False False False False False False False False False False False
 False False False False False False False False False False False False
 False False False False False False False False False False False False
 False False False False False False False]","[ True False False False False  True False False False False False False
 False False False False False False False False False False False False
 False False False False False False False False False False False False
 False False False False False False False False False False False False
 False False False False False False False False False False False False
 False False False False False False False]","[0.44, 0.52, 0.04]","[nan, 2.0401502213058973]",0,False,False
35,32.0,3000.0,0.0,-1,-1,0,"[False False False False False False  True False False False False  True
 False False False False False False False False False False False False
 False False False False False False False False False False False False
 False False False False False False False False False False False False
 False False False False False False False False False False False False
 False False False False False False False]","[False False  True False False False False  True False False False False
  True False False False False False False False  True False False False
  True False False False False False  True False False False  True False
 False False  True  True False False False False  True  True False False
 False  True False False False False False  True False False False False
 False False False False False False False]","[0.44, 0.52, 0.04]","[nan, 1.472630473950306]",0,False,False
36,33.0,3000.0,0.0,-1,-1,0,"[False False False False False False False False False False False False
 False False False False False False False False False False False False
 False False False False False False False False False False False False
 False False False False False False False False False False False False
 False False False False False False False False False False False False
 False False False False False False False]","[False False False  True False False False  True  True False False False
  True  True False False False  True False False False  True False False
 False  True False False False False False False False False  True False
 False False False  True  True  True False False  True  True False False
 False  True False False False False False False False False False False
 False False False False False False False]","[0.4, 0.56, 0.04]","[nan, 1.583275816739861]",0,False,False
37,34.0,3000.0,0.0,-1,-1,0,"[False False False False False False False False False False False False
 False False False False False False False False False False False False
 False False False False False False False False False False False False
 False False False False False False False False False False False False
 False False False False False False False False False False False False
 False False False False False False False]","[False  True False False False False False False False False  True  True
 False False False False  True False False False False False False False
  True False False False  True  True False False False  True False False
 False False  True False False False False  True False False False False
 False  True False False False False  True False False False False False
 False False False False False False False]","[0.4, 0.6, 0.0]","[nan, 1.6832410393848654]",0,False,False
38,35.0,6000.0,0.0,-1,-1,0,"[False False False False False False False False False False False False
 False False False False False False False False False False False False
 False False False False False False False False False False False False
 False False False False False False False False False False False False
 False False False False False False False False False False False False
 False False False False False False False]","[False  True  True False False False  True False False False  True False
 False False  True  True False False False  True False False False  True
  True False False False  True  True False False False  True  True False
 False False False  True  True False False False False False False False
 False False False False False False False False False False False False
 False  True False False False False False]","[0.36, 0.64, 0.0]","[nan, 1.7742916679085448]",0,False,False
39,36.0,6000.0,0.0,-1,-1,0,"[False False False False False False False False False False False False
 False False False False False False False False False False False False
 False False False False False False False False False False False False
 False False False False False False False False False False False False
 False False False False False False False False False False False False
 False False False False False False False]","[False False False  True  True False False False  True False False False
  True False False False  True  True False False  True  True False False
 False False  True  True False False False  True False False False False
 False  True  True False False False  True False False False False False
 False  True False False False False  True False False False False False
 False False False False False False False]","[0.32, 0.68, 0.0]","[nan, 1.8577975158376967]",0,False,False
40,37.0,1500.0,0.0,1,-1,0,"[False False False False False False False False False False False False
 False False False False False False False False False False False False
 False False False False False False False False False False False False
 False False False False False False False False False False False False
 False False False False False False False False False False False False
 False False False False False False False]","[ True False False False  True False False False False False False False
 False False False False False False False False False False False False
 False False False False False False False False False False False False
 False False False False False False False False False False False False
 False False False False False False False False False False False False
 False False False False False False False]","[0.28, 0.72, 0.0]","[nan, 1.9348416513042528]",0,False,False
41,38.0,6000.0,0.0,-1,-1,0,"[False False False False False False False False False False False False
 False False False False False False False False False False False False
 False False False False False False False False False False False False
 False False False False False False False False False False False False
 False False False False False False False False False False False False
 False False False False False False False]","[False False  True False False False  True  True False False False  True
 False False False False  True False False  True  True False False False
  True False False False  True False False False False False  True  True
 False False False False  True  True False False  True  True False False
 False  True False False False False False False False False False False
 False False False False False False False]","[0.28, 0.72, 0.0]","[nan, 1.5294183119860194]",0,False,False
42,39.0,750.0,0.0,1,1,0,"[ True False False False False  True False False False  True False False
 False False  True False False False False  True False False False  True
 False False False False False False False False False False False False
 False False False  True False False False False False False False False
 False False False False False False False False False False  True  True
 False False False False False False False]","[False False False False False False False False False False False False
 False False  True False False False  True False False False False  True
 False False False  True False False False False False False False False
 False False False False False False False False False False False False
 False False False False False False False False False False False False
 False False False False False False False]","[0.28, 0.72, 0.0]","[nan, 1.5294183119860194]",0,False,False
43,40.0,750.0,0.0,1,-1,0,"[False False False False False False False False False False False False
 False False False False False False False False False False False False
 False False False False False False False False False False False False
 False False False False False False False False False False False False
 False False False False False False False False False False False False
 False False False False False False False]","[False  True False False False False  True False False False False False
 False False False False False False False False False False False False
 False False False False False False False False False False False False
 False False False False False False False False False False False False
 False False False False False False False False False False False False
 False False False False False False False]","[0.28, 0.72, 0.0]","[nan, 1.5294183119860194]",0,False,False
44,40.0,750.0,0.0,1,1,0,"[False False False False False False False False False  True False False
 False  True False False False False  True False False False False False
 False False False False False False False False  True False False False
 False False False False False False False False False False  True False
 False False False False False False False False False False False False
 False  True False False False False False]","[ True False False False False False False False False False False False
 False False False False False False False False False False  True False
 False False False False False False False False False False False False
 False False False False False False False False False False False False
 False False False False False False False False False False False False
 False False False False False False False]","[0.24, 0.76, 0.0]","[nan, 1.2672792382708389]",0,False,False
45,41.0,3000.0,0.0,-1,-1,0,"[False False False False False False False False False False False False
 False False False False False False False False False False False False
 False False False False False False False False False False False False
 False False False False False False False False False False False False
 False False False False False False False False False False False False
 False False False False False False False]","[False False False False  True False False False False  True False False
 False  True False False False  True  True False False False  True False
 False  True  True False False False  True False False False  True  True
 False False False False  True  True False False  True  True False False
  True  True False False False False False  True False False False False
 False False False False False False False]","[0.28, 0.72, 0.0]","[nan, 1.1789108598452334]",0,False,False
46,42.0,750.0,0.0,1,1,0,"[False False  True False False False  True  True False False False  True
 False False False False  True False False False  True False False False
 False False False False False False False False False False False  True
 False False False False False False False  True False False False False
  True False False False False False False False False False False  True
 False False False False False False False]","[False False False False False False False False False False False False
 False False False False False False False False  True False False False
 False  True False False False False  True  True False False False False
 False False False False False False False False False False False False
 False False False False False False False False False False False False
 False False False False False False False]","[0.28, 0.72, 0.0]","[nan, 1.1789108598452334]",0,False,False
47,43.0,1500.0,0.0,1,-1,0,"[False False False False False False False False False False False False
 False False False False False False False False False False False False
 False False False False False False False False False False False False
 False False False False False False False False False False False False
 False False False False False False False False False False False False
 False False False False False False False]","[ True False False False  True False False False False False False False
 False False False False False False False False False False False False
 False False False False False False False False False False False False
 False False False False False False False False False False False False
 False False False False False False False False False False False False
 False False False False False False False]","[0.32, 0.68, 0.0]","[nan, 1.0827894677165155]",0,False,False
48,43.0,1500.0,0.0,1,1,0,"[False False False False False False False False False False False False
 False False False False False False False False False False False  True
  True False False False  True False False False False  True False False
 False  True False False False False  True False False False False False
 False False False False False False False False False False False False
 False False False False False  True False]","[False False False False False False False False False False False False
 False False False False False False False False False False False False
 False False False False False False False False  True  True False False
 False  True False False False False False False False False  True False
 False False False False False False False False False False False False
 False False False False False False False]","[0.28, 0.72, 0.0]","[nan, 0.861454089588674]",0,False,False
49,44.0,750.0,0.0,1,-1,0,"[False False False False False False False False False False False False
 False False False False False False False False False False False False
 False False False False False False False False False False False False
 False False False False False False False False False False False False
 False False False False False False False False False False False False
 False False False False False False False]","[False False False  True  True False False False False False False False
 False False False False False False False False False False False False
 False False False False False False False False False False False False
 False False False False False False False False False False False False
 False False False False False False False False False False False False
 False False False False False False False]","[0.32, 0.68, 0.0]","[nan, 0.7547834222332187]",0,False,False
50,44.0,750.0,0.0,1,1,0,"[False False False False False False False False  True False False False
  True False False False False  True False False False False  True False
 False False  True False False False  True False False False False False
  True False False False False False False False False False False False
 False False False  True False False False False False False False False
 False False False False False False  True]","[False False False False False False False False False False False False
 False False False False False False False False False False False False
 False  True  True False False False  True False False False False False
  True False False False False False False False  True  True False False
 False False False False False False False False False False False False
 False False False False False False False]","[0.28, 0.72, 0.0]","[nan, 0.5644319722741228]",0,False,False
51,45.0,1500.0,0.0,1,-1,0,"[False False False False False False False False False False False False
 False False False False False False False False False False False False
 False False False False False False False False False False False False
 False False False False False False False False False False False False
 False False False False False False False False False False False False
 False False False False False False False]","[False False  True False False False False False  True False False False
 False False False False False False False False False False False False
 False False False False False False False False False False False False
 False False False False False False False False False False False False
 False False False False False False False False False False False False
 False False False False False False False]","[0.28, 0.72, 0.0]","[nan, 0.5644319722741228]",0,False,False
52,45.0,1500.0,0.0,1,1,0,"[False  True False False False False False False False False  True False
 False False  True False False False False False  True False False False
  True False False False  True False False False  True False False False
 False False  True False False False False False False False False False
  True False False False  True False False False False False False False
 False False False False False False False]","[False  True False False False False False False False False False False
 False False False False False False False False False False False False
  True False False False  True False False False  True False False False
 False False  True False False False  True  True False False False False
 False False False False False False False False False False False False
 False False False False False False False]","[0.28, 0.72, 0.0]","[nan, 0.2794204416008008]",0,False,False
53,46.0,6000.0,0.0,-1,-1,0,"[False False False False False False False False False False False False
 False False False False False False False False False False False False
 False False False False False False False False False False False False
 False False False False False False False False False False False False
 False False False False False False False False False False False False
 False False False False False False False]","[False False False  True False False False  True False False False False
 False False False False  True False False False  True False False False
  True False False False False False  True False False False  True False
 False False False  True  True  True False False  True  True False False
 False False False False False False False False False False False False
 False False False False False False False]","[0.28, 0.72, 0.0]","[nan, 0.2794204416008008]",0,False,False
54,47.0,1500.0,0.0,1,1,0,"[ True False False False  True False False False False  True  True False
 False False False False False False  True False False False False False
 False False False False False  True False False False False False False
 False False False False False False False False False False False False
 False False False  True False False False False False False False False
 False False False False False False False]","[False False False False False False False False False False False False
 False False False False False False  True False False False  True False
 False False False False  True False False False False False False False
 False False False False False False False False False False False False
 False False False False False False False False False False False False
 False False False False False False False]","[0.28, 0.72, 0.0]","[nan, 0.2794204416008008]",0,False,False
55,48.0,6000.0,0.0,-1,-1,0,"[False False False False False False False False False False False False
 False False False False False False False False False False False False
 False False False False False False False False False False False False
 False False False False False False False False False False False False
 False False False False False False False False False False False False
 False False False False False False False]","[False  True False False False  True False False False False  True False
 False False False False False False False  True False False False False
 False False False False  True False False False False  True  True False
 False  True  True False False False  True  True False False False False
 False  True False False False False False False False False False False
 False False False False False False False]","[0.32, 0.68, 0.0]","[nan, 0.1475824606895068]",0,False,False
56,49.0,1500.0,0.0,1,1,0,"[False  True False False False False False False False  True False False
 False False  True False False False False False False False False False
 False False False False  True False False False  True False False False
 False False False False False False  True False False False False False
 False False  True False False False False False False False False False
 False False  True False False False False]","[False  True False False False False False False False False False False
 False False  True False False False  True  True False False False False
 False False False False False False False False False False False False
 False False False False False False False False False False False False
 False False False False False False False False False False False False
 False False False False False False False]","[0.32, 0.68, 0.0]","[nan, 0.1475824606895068]",0,False,False
57,50.0,750.0,0.0,1,-1,0,"[False False False False False False False False False False False False
 False False False False False False False False False False False False
 False False False False False False False False False False False False
 False False False False False False False False False False False False
 False False False False False False False False False False False False
 False False False False False False False]","[ True False False False False  True False False False False False False
 False False False False False False False False False False False False
 False False False False False False False False False False False False
 False False False False False False False False False False False False
 False False False False False False False False False False False False
 False False False False False False False]","[0.36, 0.64, 0.0]","[nan, 0.31462117104709175]",0,False,False
58,51.0,3000.0,0.0,-1,-1,0,"[False False False False False False False False False False False False
 False False False False False False False False False False False False
 False False False False False False False False False False False False
 False False False False False False False False False False False False
 False False False False False False False False False False False False
 False False False False False False False]","[False  True False False False  True False False False False  True False
 False False  True False False False  True False False False False  True
 False False False  True False False False False  True  True False False
 False  True  True False False False False  True  True False False False
  True False False False False False False False False False False False
 False False False False False False False]","[0.36, 0.64, 0.0]","[nan, 0.31462117104709175]",0,False,False
59,52.0,6000.0,0.0,-1,-1,0,"[False False False False False False False False False False False False
 False False False False False False False False False False False False
 False False False False False False False False False False False False
 False False False False False False False False False False False False
 False False False False False False False False False False False False
 False False False False False False False]","[False  True  True False False False False  True False False False  True
 False False False  True False False False  True False False False False
 False False False  True  True False False False False False  True False
 False  True  True False False False False False False False False False
 False False False False False False  True False False False False False
 False False False False False False False]","[0.32, 0.68, 0.0]","[nan, 0.4460153952645921]",0,False,False
60,53.0,3000.0,0.0,-1,-1,0,"[False False False False False False False False False False False False
 False False False False False False False False False False False False
 False False False False False False False False False False False False
 False False False False False False False False False False False False
 False False False False False False False False False False False False
 False False False False False False False]","[False  True False False False  True  True False False  True  True False
 False False  True False False False  True False False False False  True
 False False False  True False False False  True  True False False False
 False  True  True False False False  True False False False  True  True
 False False False False False False False False False False False False
 False False False False False False False]","[0.32, 0.68, 0.0]","[nan, 0.7547834222332187]",0,False,False
61,54.0,3000.0,0.0,-1,1,0,"[False False False False False False False False False False  True False
 False False False False False False False False False False False  True
 False False False False False False False False False False False False
 False False False False False False False False False False False False
 False False False False False False False False False False False False
 False False False False False False False]","[False  True False False False False False False False False False False
 False False False False False False False False False False False False
  True False False False False False False False False False False False
 False False False False False False False False False False False False
 False False False False False False False False False False False False
 False False False False False False False]","[0.32, 0.68, 0.0]","[nan, 0.7547834222332187]",0,False,False
62,54.0,3000.0,0.0,-1,-1,0,"[False False False False False False False False False False False False
 False False False False False False False False False False False False
 False False False False False False False False False False False False
 False False False False False False False False False False False False
 False False False False False False False False False False False False
 False False False False False False False]","[False False  True False False  True  True False False False False  True
 False False False  True False False False False False False False False
 False False False False False False False False  True False False False
 False  True  True False False False  True False False False  True  True
 False False False False False  True False False False False  True False
 False False False False False False False]","[0.36, 0.64, 0.0]","[2.4412761378064363, 0.6372783160801316]",0,False,False
63,55.0,750.0,0.0,1,1,0,"[False False False  True False False False  True False False False False
  True False False False False False False False False  True False False
 False False  True False False False False False False False False False
  True False False False False False False False  True False False False
 False False False  True False False False False False False False False
 False False False False False False False]","[False False False False False False False False False False False False
 False False False False  True  True False False False False False False
 False False False False False False False False False False False False
 False False False False False False False False False False False False
 False False False False False False False False False False False False
 False False False False False False False]","[0.36, 0.64, 0.0]","[2.4412761378064363, 0.6372783160801316]",0,False,False
64,56.0,6000.0,0.0,-1,-1,0,"[False False False False False False False False False False False False
 False False False False False False False False False False False False
 False False False False False False False False False False False False
 False False False False False False False False False False False False
 False False False False False False False False False False False False
 False False False False False False False]","[False False  True  True False False False  True  True False False False
  True False False False  True False False False False  True False False
 False  True False False False  True  True False False False False  True
  True False False  True  True False False False False False False False
 False False False False False False False False False False False False
 False False False False False False False]","[0.4, 0.6, 0.0]","[2.5630985764077403, 0.5066938613135554]",0,False,False
65,57.0,1500.0,0.0,1,1,0,"[False False False False False False False False False False False  True
 False False False  True False False False False  True False False False
 False False False False False  True False False False False False False
 False False False False False False False False False False False False
 False False False False False False False False False  True False False
 False False False  True False False False]","[False False False False False False False False False False False False
 False False False False  True False False False  True False False False
 False False False False False  True False False False  True False False
 False False False False False False False False False False False False
 False False False False False False False False False False False False
 False False False False False False False]","[0.4, 0.6, 0.0]","[2.5630985764077403, 0.5066938613135554]",0,False,False
66,58.0,1500.0,0.0,1,-1,0,"[False False False False False False False False False False False False
 False False False False False False False False False False False False
 False False False False False False False False False False False False
 False False False False False False False False False False False False
 False False False False False False False False False False False False
 False False False False False False False]","[False  True False False False  True  True False False False False False
 False False False False False False False False False False False False
 False False False False False False False False False False False False
 False False False False False False False False False False False False
 False False False False False False False False False False False False
 False False False False False False False]","[0.44, 0.56, 0.0]","[2.670350930522295, 0.7322121668315051]",0,False,False
67,58.0,1500.0,0.0,1,1,0,"[False  True False False False  True False False False False  True False
 False False False  True False False False  True False False False False
 False False False False  True False False False False False False False
 False False False False False False False False False False False False
 False False False  True  True False False False False  True False False
 False False False False False False False]","[False False False False False False  True False False False  True False
 False False False False False False  True  True False False False False
 False False False False False False False False False False False False
 False False False False False False False False False False False False
 False False False False False False False False False False False False
 False False False False False False False]","[0.44, 0.56, 0.0]","[2.670350930522295, 0.3600244797379033]",0,False,False
68,59.0,3000.0,0.0,-1,-1,0,"[False False False False False False False False False False False False
 False False False False False False False False False False False False
 False False False False False False False False False False False False
 False False False False False False False False False False False False
 False False False False False False False False False False False False
 False False False False False False False]","[False False  True False False False  True False False False False  True
 False False False  True False False  True  True False False False  True
  True False False False  True False False False False  True  True False
 False False  True  True False False False  True False False False False
 False False False False False False False False False False False False
 False False False False False False False]","[0.44, 0.56, 0.0]","[2.670350930522295, 0.3600244797379033]",0,False,False
69,60.0,6000.0,0.0,-1,-1,0,"[False False False False False False False False False False False False
 False False False False False False False False False False False False
 False False False False False False False False False False False False
 False False False False False False False False False False False False
 False False False False False False False False False False False False
 False False False False False False False]","[False False False  True False False False  True  True False False False
 False False False False  True  True False False False  True False False
 False  True  True False False False False False False False False  True
  True False False False  True  True False False False  True  True False
 False False False False  True False False False  True  True False False
 False False False False False False False]","[0.44, 0.56, 0.0]","[2.670350930522295, 0.7322121668315051]",0,False,False
70,61.0,750.0,0.0,1,-1,0,"[False False False False False False False False False False False False
 False False False False False False False False False False False False
 False False False False False False False False False False False False
 False False False False False False False False False False False False
 False False False False False False False False False False False False
 False False False False False False False]","[ True False False False False  True False False False False False False
 False False False False False False False False False False False False
 False False False False False False False False False False False False
 False False False False False False False False False False False False
 False False False False False False False False False False False False
 False False False False False False False]","[0.4, 0.6, 0.0]","[2.5630985764077403, 0.8614539877232001]",0,False,False
71,61.0,750.0,0.0,1,1,0,"[False  True False False False False False False False False False False
 False False False False False False False  True False False False False
  True False False False False False False False False  True False False
 False  True False False False False  True False False False False False
 False False False False False False False False  True False False False
 False False False False False False False]","[False False False False False False  True False False False False False
 False False False False False False False False False False False False
 False False False False  True False False False False False False False
 False False False False False False False False False False False False
 False False False False False False False False False False False False
 False False False False False False False]","[0.4, 0.6, 0.0]","[2.5630985764077403, 0.5066938613135554]",0,False,False
72,62.0,1500.0,0.0,1,-1,0,"[False False False False False False False False False False False False
 False False False False False False False False False False False False
 False False False False False False False False False False False False
 False False False False False False False False False False False False
 False False False False False False False False False False False False
 False False False False False False False]","[False False  True False False False  True False False False False False
 False False False False False False False False False False False False
 False False False False False False False False False False False False
 False False False False False False False False False False False False
 False False False False False False False False False False False False
 False False False False False False False]","[0.4, 0.6, 0.0]","[2.5630985764077403, 0.5066938613135554]",0,False,False
73,63.0,750.0,0.0,1,1,0,"[ True False False False False  True False False False False  True False
 False False  True False False False False  True False False  True  True
 False False False False False False False False False False False False
 False False False False False False False False False False False  True
 False False False False  True False False False False False False False
 False False False False False False False]","[ True  True False False False  True False False False False False False
 False False False False False False  True  True False False False False
 False False False False False False False False False False False False
 False False False False False False False False False False False False
 False False False False False False False False False False False False
 False False False False False False False]","[0.4, 0.6, 0.0]","[2.5630985764077403, 0.5066938613135554]",0,False,False
74,64.0,3000.0,0.0,-1,-1,0,"[False False False False False False False False False False False False
 False False False False False False False False False False False False
 False False False False False False False False False False False False
 False False False False False False False False False False False False
 False False False False False False False False False False False False
 False False False False False False False]","[False  True  True False False False  True False False False  True False
 False False  True  True False False False  True False False False False
 False  True False False False  True False False False False False  True
  True False False False  True False False False False False False False
 False False False  True False False False False  True False False False
 False False False False False False False]","[0.4, 0.6, 0.0]","[2.5630985764077403, 0.5066938613135554]",0,False,False
75,65.0,3000.0,0.0,-1,-1,0,"[False False False False False False False False False False False False
 False False False False False False False False False False False False
 False False False False False False False False False False False False
 False False False False False False False False False False False False
 False False False False False False False False False False False False
 False False False False False False False]","[False  True  True False False False False False False False  True False
 False False False False False False False  True False False False  True
  True False False False False  True False False False False  True False
 False False False False  True False False False False  True False False
 False False False False False False False False False False False False
 False False False False False False False]","[0.4, 0.6, 0.0]","[2.5630985764077403, 0.8614539877232001]",0,False,False
76,66.0,750.0,0.0,1,-1,0,"[False False False False False False False False False False False False
 False False False False False False False False False False False False
 False False False False False False False False False False False False
 False False False False False False False False False False False False
 False False False False False False False False False False False False
 False False False False False False False]","[ True  True False False False False False False False False False False
 False False False False False False False False False False False False
 False False False False False False False False False False False False
 False False False False False False False False False False False False
 False False False False False False False False False False False False
 False False False False False False False]","[0.36, 0.64, 0.0]","[2.4412761378064363, 0.9775521605649683]",0,False,False
77,66.0,750.0,0.0,1,1,0,"[False False False False False False  True False False False False  True
 False False False False False False False False False  True False False
  True  True False False False  True False False False False  True False
 False False False False  True False False False False False False False
  True False False False False False  True False False False False  True
 False False False False  True False False]","[False False False False False False False False False False False  True
 False False False False False False False False  True False False False
  True  True False False False  True False False False  True  True False
 False False False False False False False False False False False False
 False False False False False False False False False False False False
 False False False False False False False]","[0.36, 0.64, 0.0]","[2.4412761378064363, 0.9775521605649683]",0,False,False
78,67.0,1500.0,0.0,1,-1,0,"[False False False False False False False False False False False False
 False False False False False False False False False False False False
 False False False False False False False False False False False False
 False False False False False False False False False False False False
 False False False False False False False False False False False False
 False False False False False False False]","[False False False False False False False False  True False False False
  True  True False False False False False False False False False False
 False False False False False False False False False False False False
 False False False False False False False False False False False False
 False False False False False False False False False False False False
 False False False False False False False]","[0.36, 0.64, 0.0]","[2.4412761378064363, 0.9775521605649683]",0,False,False
79,67.0,1500.0,0.0,1,1,0,"[False False  True False False False False  True False False False False
 False False False False  True False False False  True False False False
  True  True False False False  True False False False False  True False
 False False False False False False False  True False False False False
 False False False False False False False False False False False False
 False False False False False False False]","[False False False False False False False False False False False  True
 False False False False  True False False False  True False False False
  True  True False False False  True False False False  True False False
 False False False False False False False False False False False False
 False False False False False False False False False False False False
 False False False False False False False]","[0.36, 0.64, 0.0]","[2.4412761378064363, 0.6372783160801316]",0,False,False
80,68.0,1500.0,0.0,1,1,0,"[False False False  True  True False False False  True False False False
 False  True False False False False  True False False False False False
 False False False False False False  True  True False False False False
  True  True False False  True False False False False False False False
 False False False  True False False False False False False False False
 False False False False False False False]","[ True False False False  True False False False  True False False False
 False  True False False False  True  True False False False False False
 False False False False False False False False False False False False
 False False False False False False False False False False False False
 False False False False False False False False False False False False
 False False False False False False False]","[0.36, 0.64, 0.0]","[2.4412761378064363, 0.6372783160801316]",0,True,False
81,69.0,3000.0,0.0,-1,-1,0,"[False False False False False False False False False False False False
 False False False False False False False False False False False False
 False False False False False False False False False False False False
 False False False False False False False False False False False False
 False False False False False False False False False False False False
 False False False False False False False]","[False False  True  True False False  True  True False False False  True
 False False False False  True False False False  True False False False
 False  True False False False  True False False False False  True  True
 False False False False  True False False False False  True False False
 False False False False False False False False False False False False
 False False False False False False False]","[0.4, 0.6, 0.0]","[2.5630985764077403, 0.5066938613135554]",0,True,False
82,70.0,750.0,0.0,1,1,0,"[False False False False False False False False False False False False
  True False False False  True False False False False  True False False
 False  True  True False False False  True False False False  True  True
 False False False False False False False False False False  True False
 False False False False False False False False False False False False
 False  True False False False False False]","[False False False False  True False False False False False False False
 False False False False False  True False False False False False False
 False False False False False False False False False False False False
 False False False False False False False False False False False False
 False False False False False False False False False False False False
 False False False False False False False]","[0.36, 0.64, 0.0]","[2.4412761378064363, 0.6372783160801316]",0,True,False
83,71.0,750.0,0.0,1,-1,0,"[False False False False False False False False False False False False
 False False False False False False False False False False False False
 False False False False False False False False False False False False
 False False False False False False False False False False False False
 False False False False False False False False False False False False
 False False False False False False False]","[ True False False False False  True False False False False False False
 False False False False False False False False False False False False
 False False False False False False False False False False False False
 False False False False False False False False False False False False
 False False False False False False False False False False False False
 False False False False False False False]","[0.4, 0.6, 0.0]","[2.5630985764077403, 0.8614539877232001]",0,True,False
84,71.0,750.0,0.0,1,1,0,"[ True False False False  True False False False False  True  True False
 False False  True False False False  True False False False  True False
 False False False  True False False False False False  True False False
 False False False False False False False False False False False False
 False  True False False False False False False False  True False False
 False False False False False False False]","[ True False False False False  True False False False  True False False
 False False  True False False False  True False False False  True False
 False False False  True False False False False False  True False False
 False  True False False False False False False False False False False
 False False False False False False False False False False False False
 False False False False False False False]","[0.4, 0.6, 0.0]","[2.5630985764077403, 0.5066938613135554]",0,True,False
85,72.0,1500.0,0.0,1,1,0,"[ True False False False  True False False False False  True  True False
 False  True False False False  True  True False False False False False
 False False False False False False False False False False False False
 False False  True False False False False False False False False False
 False False False False  True False False False False  True False False
 False False False False False False False]","[ True False False False False  True False False False  True False False
 False  True  True False False False False False False False False False
 False False False False False False False False False False False False
 False False False False False False False False False False False False
 False False False False False False False False False False False False
 False False False False False False False]","[0.44, 0.56, 0.0]","[2.670350930522295, 0.3600244797379033]",0,True,False
86,73.0,750.0,0.0,1,1,0,"[ True False False False False  True False False False  True False False
 False False  True False False False False False False False False  True
 False False  True  True False False False False False False False False
 False  True False False False False False False False False False  True
 False False False False  True False False False False False False False
 False False False False False False False]","[ True False False False False  True False False False False False False
 False False  True False False False  True False False False  True  True
 False False False False False False False False False False False False
 False False False False False False False False False False False False
 False False False False False False False False False False False False
 False False False False False False False]","[0.48, 0.52, 0.0]","[2.765983730024195, 0.1931170816217559]",0,True,False
87,74.0,6000.0,0.0,-1,-1,0,"[False False False False False False False False False False False False
 False False False False False False False False False False False False
 False False False False False False False False False False False False
 False False False False False False False False False False False False
 False False False False False False False False False False False False
 False False False False False False False]","[False  True False False False  True False False False False  True False
 False False  True False False False False False False False False  True
 False False False  True False False False  True  True False False False
  True  True False False False  True  True False False False False False
 False False False False False False False False False False False False
 False False False False False False False]","[0.48, 0.52, 0.0]","[nan, 0.1931170816217559]",0,True,False
88,75.0,6000.0,0.0,-1,1,0,"[False  True False False False False  True False False False False False
 False False False False False False False False False False False False
 False False False False False False False False False False False False
 False False False False False False False False False False False False
 False False False False False False False False False False False False
 False False False False False False False]","[False False False False False False False False False False False False
 False False False False False False False False False False False False
 False False False False False False False False False False False False
 False False False False False False False False False False False False
 False False False False False False False False False False False False
 False False False False False False False]","[0.48, 0.52, 0.0]","[nan, 0.1931170816217559]",0,True,False
89,75.0,6000.0,0.0,-1,-1,0,"[False False False False False False False False False False False False
 False False False False False False False False False False False False
 False False False False False False False False False False False False
 False False False False False False False False False False False False
 False False False False False False False False False False False False
 False False False False False False False]","[False False False  True  True False False False  True False False False
 False  True False False  True  True False False False False False False
 False  True False False False False False  True False False False  True
  True False False False False False  True False False False  True  True
 False False False False False False False False False False False False
 False False  True  True False False False]","[0.48, 0.52, 0.0]","[2.765983730024195, 0.1931170816217559]",0,True,False
90,76.0,6000.0,0.0,-1,1,0,"[False False  True False False False False False False False  True False
 False False False False False False False False False False False False
 False False False False False False False False False False False False
 False False False False False False False False False False False False
 False False False False False False False False False False False False
 False False False False False False False]","[False False False False False False False False False False False False
 False False False False False False False False False False False False
 False False False False False False False False False False False False
 False False False False False False False False False False False False
 False False False False False False False False False False False False
 False False False False False False False]","[0.48, 0.52, 0.0]","[2.765983730024195, 0.1931170816217559]",0,True,False
91,77.0,6000.0,0.0,-1,-1,0,"[False False False False False False False False False False False False
 False False False False False False False False False False False False
 False False False False False False False False False False False False
 False False False False False False False False False False False False
 False False False False False False False False False False False False
 False False False False False False False]","[False False  True False False  True  True False False False  True  True
 False False False  True False False False  True  True False False False
 False False False False False False False False  True  True False False
 False False  True  True False False False  True False False False False
 False False False False False False False False False False  True  True
 False False False False False False False]","[0.48, 0.52, 0.0]","[1.9348409100817299, 0.1931170816217559]",0,True,False
92,78.0,3000.0,0.0,-1,-1,0,"[False False False False False False False False False False False False
 False False False False False False False False False False False False
 False False False False False False False False False False False False
 False False False False False False False False False False False False
 False False False False False False False False False False False False
 False False False False False False False]","[False  True  True False False  True  True False False False  True False
 False False  True False False False  True  True False False False  True
 False False False False False False  True False False False  True False
 False False False  True  True False False False False False False False
 False False False False False False False False False False False False
 False False False False False False False]","[0.48, 0.52, 0.0]","[1.9348409100817299, 0.5867619998972957]",0,True,False
93,79.0,1500.0,0.0,1,1,0,"[False  True False False False  True False False False False False  True
 False False False  True False False False  True False False False  True
  True False False False False False False False False False  True False
 False False False False False False False False False False False False
 False  True False False False False False False False False False False
 False False False False False False False]","[False False False False False False  True False False False False False
 False False False  True False False False  True False False False  True
  True False False False  True False False False False False False False
 False False False False False False False False False False False False
 False False False False False False False False False False False False
 False False False False False False False]","[0.44, 0.56, 0.0]","[1.8169135474117328, 0.7322121668315051]",0,True,False
94,80.0,750.0,0.0,1,-1,0,"[False False False False False False False False False False False False
 False False False False False False False False False False False False
 False False False False False False False False False False False False
 False False False False False False False False False False False False
 False False False False False False False False False False False False
 False False False False False False False]","[False False False False False False  True False False False  True  True
 False False False False False False False False False False False False
 False False False False False False False False False False False False
 False False False False False False False False False False False False
 False False False False False False False False False False False False
 False False False False False False False]","[0.48, 0.52, 0.0]","[1.9348409100817299, 0.5867619998972957]",0,True,False
95,81.0,6000.0,0.0,-1,-1,0,"[False False False False False False False False False False False False
 False False False False False False False False False False False False
 False False False False False False False False False False False False
 False False False False False False False False False False False False
 False False False False False False False False False False False False
 False False False False False False False]","[False  True  True False False False  True  True False False False  True
 False False  True  True False False False  True False False False False
  True False False False False  True  True False False False  True False
 False False False False False  True False False False  True  True False
 False False  True False False False False False False False False False
 False False False False False False False]","[0.48, 0.52, 0.0]","[1.9348409100817299, 0.1931170816217559]",0,True,False
96,82.0,1500.0,0.0,1,1,0,"[ True False False False  True False False False False  True  True False
 False False  True False False False  True False False False False  True
 False False False  True False False False False  True  True False False
 False  True False False False  True False False False False False False
 False False False False False False False False False  True  True False
 False False False False False False False]","[False False False False False False False False False False False False
 False  True False False False False  True False False False False False
 False False False  True False False False False False  True False False
 False False False False False False False False False False False False
 False False False False False False False False False False False False
 False False False False False False False]","[0.48, 0.52, 0.0]","[1.9348409100817299, 0.5867619998972957]",0,True,False
97,83.0,6000.0,0.0,-1,-1,0,"[False False False False False False False False False False False False
 False False False False False False False False False False False False
 False False False False False False False False False False False False
 False False False False False False False False False False False False
 False False False False False False False False False False False False
 False False False False False False False]","[False  True  True False False False False  True False False False  True
 False False False  True False False False  True False False False  True
  True False False False False  True  True False False False  True False
 False False False False False  True False False False False False False
 False False False False False False False False False False False False
 False False False False False False False]","[0.48, 0.52, 0.0]","[1.9348409100817299, 0.5867619998972957]",0,True,False
98,84.0,1500.0,0.0,1,1,0,"[False  True False False False False  True False False False False False
 False False False  True False False False  True False False False  True
  True False False False  True False False False False False False  True
 False False False False False False False False  True  True False False
  True False False False False False False False False False False False
 False False False False False False False]","[False False  True False False False False False False False False False
 False False False  True False False False  True False False False  True
  True False False False  True False False False False False  True False
 False False False False False False False False False False False False
 False False False False False False False False False False False False
 False False False False False False False]","[0.48, 0.52, 0.0]","[1.9348409100817299, 1.0048036057610192]",0,True,False
99,85.0,6000.0,0.0,-1,-1,0,"[False False False False False False False False False False False False
 False False False False False False False False False False False False
 False False False False False False False False False False False False
 False False False False False False False False False False False False
 False False False False False False False False False False False False
 False False False False False False False]","[ True False False  True  True False False False  True  True False False
 False  True False False False  True False False False  True  True False
 False False  True False False False False False  True  True False False
  True  True False False False False  True False False False False False
  True False False False False False False False False False False False
 False False False False False False False]","[0.48, 0.52, 0.0]","[1.9348409100817299, 1.0048036057610192]",0,True,False
100,86.0,750.0,0.0,1,1,0,"[ True False False False False  True False False False False False False
 False False  True  True False False False  True False False False  True
 False False False False False False False False False False  True False
 False False False False False False False False False False False False
  True  True False False False  True False False False False False False
 False False False False False False False]","[False  True False False False  True False False False False False False
 False False  True False False False  True  True False False False False
 False False False False False False False False False False False False
 False False False False False False False False False False False False
 False False False False False False False False False False False False
 False False False False False False False]","[0.48, 0.52, 0.0]","[1.9348409100817299, 1.0048036057610192]",0,True,False
101,87.0,3000.0,0.0,-1,-1,0,"[False False False False False False False False False False False False
 False False False False False False False False False False False False
 False False False False False False False False False False False False
 False False False False False False False False False False False False
 False False False False False False False False False False False False
 False False False False False False False]","[False False  True False False  True  True False False False False False
 False False False  True False False  True  True False False False  True
  True False False False False  True  True False False  True  True False
 False False False False  True  True False False  True  True False False
 False False False False False False False False False False False False
 False False False False False False False]","[0.52, 0.48, 0.0]","[2.0401502213058973, 0.8614538349250738]",0,True,False
102,88.0,1500.0,0.0,1,1,0,"[False False False  True False False False False False False False False
  True False False False False  True False False False  True False False
 False  True  True False False False  True False False False  True False
 False False False False False  True False False False False False False
 False  True False False False False False False False False False False
 False False False False False False False]","[False False False  True False False False False False False False False
 False False False False  True  True False False False  True False False
 False  True False False False False  True False False False  True False
 False False False False False False False False False  True False False
 False False False False False False False False False False False False
 False False False False False False False]","[0.52, 0.48, 0.0]","[2.0401502213058973, 1.348978189813191]",0,True,False
103,89.0,1500.0,0.0,1,-1,0,"[False False False False False False False False False False False False
 False False False False False False False False False False False False
 False False False False False False False False False False False False
 False False False False False False False False False False False False
 False False False False False False False False False False False False
 False False False False False False False]","[ True False False False  True False False False False False False False
 False False False False False False False False False False False False
 False False False False False False False False False False False False
 False False False False False False False False False False False False
 False False False False False False False False False False False False
 False False False False False False False]","[0.52, 0.48, 0.0]","[2.0401502213058973, 1.348978189813191]",0,True,False
104,90.0,3000.0,0.0,-1,-1,0,"[False False False False False False False False False False False False
 False False False False False False False False False False False False
 False False False False False False False False False False False False
 False False False False False False False False False False False False
 False False False False False False False False False False False False
 False False False False False False False]","[False  True  True False False False  True False False False False  True
 False False False  True False False False  True False False False  True
  True False False False False  True  True False False False  True False
 False False  True  True False False False False False  True False False
 False  True  True False False False False False False False False False
 False False False False False False False]","[0.52, 0.48, 0.0]","[2.0401502213058973, 1.348978189813191]",0,True,False
105,91.0,3000.0,0.0,-1,-1,0,"[False False False False False False False False False False False False
 False False False False False False False False False False False False
 False False False False False False False False False False False False
 False False False False False False False False False False False False
 False False False False False False False False False False False False
 False False False False False False False]","[False False  True False False False  True  True False False False False
  True False False  True  True False False False  True False False False
 False False False False False  True False False False False  True  True
 False False False False False  True  True False False False False False
 False False False False False False False False False False False False
 False False False False False False False]","[0.48, 0.52, 0.0]","[1.9348409100817299, 1.472630473950306]",0,True,False
106,92.0,6000.0,0.0,-1,-1,0,"[False False False False False False False False False False False False
 False False False False False False False False False False False False
 False False False False False False False False False False False False
 False False False False False False False False False False False False
 False False False False False False False False False False False False
 False False False False False False False]","[False False False  True  True False False False  True False False False
  True False False False  True False False False False False False False
 False False False  True False False False  True False False False False
 False  True  True False False False  True False False False False False
 False False False False False False False False False False False False
 False False False False False False False]","[0.44, 0.56, 0.0]","[1.8169135474117328, 1.583275816739861]",0,True,False
107,93.0,3000.0,0.0,-1,-1,0,"[False False False False False False False False False False False False
 False False False False False False False False False False False False
 False False False False False False False False False False False False
 False False False False False False False False False False False False
 False False False False False False False False False False False False
 False False False False False False False]","[ True False False  True  True False False False False  True False False
  True  True False False False  True False False False  True  True False
 False False  True False False False False  True  True False False False
  True  True False False False  True False False False False False False
  True False False False False  True False False False False False False
 False False False False False False False]","[0.44, 0.56, 0.0]","[1.8169135474117328, 1.583275816739861]",0,True,False
108,94.0,750.0,0.0,1,1,0,"[False False  True False False False  True False False False  True  True
 False False False  True  True False False  True  True False False False
  True False False False False False False False False False False False
 False False False  True False False False False False False False False
 False False False False False False False False False False False False
 False False False  True False False False]","[False False  True False False False False False False False False  True
 False False False  True False False False  True  True False False False
  True False False False  True  True False False False False False False
 False False False False False False False False False False False False
 False False False False False False False False False False False False
 False False False False False False False]","[0.4, 0.6, 0.0]","[1.6832403249694212, 1.6832410393848654]",0,True,False
109,95.0,750.0,0.0,1,-1,0,"[False False False False False False False False False False False False
 False False False False False False False False False False False False
 False False False False False False False False False False False False
 False False False False False False False False False False False False
 False False False False False False False False False False False False
 False False False False False False False]","[False False False False False  True  True False False False False False
 False False False False False False False False False False False False
 False False False False False False False False False False False False
 False False False False False False False False False False False False
 False False False False False False False False False False False False
 False False False False False False False]","[0.44, 0.56, 0.0]","[1.8169135474117328, 2.135138788617833]",0,True,False
110,95.0,750.0,0.0,1,-1,0,"[False False False False False False False False False False False False
 False False False False False False False False False False False False
 False False False False False False False False False False False False
 False False False False False False False False False False False False
 False False False False False False False False False False False False
 False False False False False False False]","[False  True False False False  True  True False False False False False
 False False False False False False False False False False False False
 False False False False False False False False False False False False
 False False False False False False False False False False False False
 False False False False False False False False False False False False
 False False False False False False False]","[0.4, 0.6, 0.0]","[1.6832403249694212, 1.6832410393848654]",0,True,False
111,95.0,750.0,0.0,1,-1,0,"[ True False False False False False  True False False False False False
 False False False False False False False False False False False False
 False False False False False False False False False False False False
 False False False False False False False False False False False False
 False False False False False False False False False False False False
 False False False False False False False]","[ True  True False False False  True False False False False False False
 False False False False False False False False False False False False
 False False False False False False False False False False False False
 False False False False False False False False False False False False
 False False False False False False False False False False False False
 False False False False False False False]","[0.36, 0.64, 0.0]","[1.5294172755398876, 1.34897851762444]",0,True,False
112,95.0,750.0,0.0,1,1,0,"[ True False False False  True False False False False  True False False
 False False False False False False  True False False  True  True False
 False  True  True False False False  True False False False False False
  True False False False False False False False  True False False False
 False False False False False False False False False False False  True
 False False False  True False False False]","[ True False False False False False False False False  True False False
 False False False False False  True False False False  True  True False
 False  True  True False False False  True False False False False False
  True False False False  True False False False False False False False
 False False False False False False False False False False False False
 False False False False False False False]","[0.32, 0.68, 0.0]","[1.348977534191646, 1.0827894677165155]",0,True,False
113,96.0,3000.0,0.0,-1,-1,0,"[False False False False False False False False False False False False
 False False False False False False False False False False False False
 False False False False False False False False False False False False
 False False False False False False False False False False False False
 False False False False False False False False False False False False
 False False False False False False False]","[False False False  True  True False False  True  True False False False
  True False False False False  True False False False  True False False
 False  True False False False False False  True  True False False  True
  True False False False  True False False False False False False  True
 False False False False False False False False False False False False
 False False False False False False False]","[0.36, 0.64, 0.0]","[1.5294172755398876, 0.9775521605649683]",0,True,False
114,97.0,750.0,0.0,1,0,0,"[False False False False False False False False False False False False
 False False False False False False False False False False False False
 False False False False False False False False False False False False
 False False False False False False False False False False False False
 False False False False False False False False False False False False
 False False False False False False False]","[False  True False False False False False False False False False False
 False False False False False False False False False False False False
 False False False False False False False False False False False False
 False False False False False False False False False False False False
 False False False False False False False False False False False False
 False False False False False False False]","[0.32, 0.68, 0.0]","[2.300694208940575, 1.0827894677165155]",0,True,False
115,98.0,6000.0,0.0,-1,-1,0,"[False False False False False False False False False False False False
 False False False False False False False False False False False False
 False False False False False False False False False False False False
 False False False False False False False False False False False False
 False False False False False False False False False False False False
 False False False False False False False]","[False  True False False False False  True False False False  True False
 False False  True False False False  True  True False False False  True
 False False False False False  True False False False  True  True False
 False False False  True  True False False False  True False False False
 False False False False False False False False False False False False
 False False False False False False False]","[0.32, 0.64, 0.04]","[2.300694208940575, 0.9775521605649683]",0,True,False
116,99.0,6000.0,0.0,-1,-1,0,"[False False False False False False False False False False False False
 False False False False False False False False False False False False
 False False False False False False False False False False False False
 False False False False False False False False False False False False
 False False False False False False False False False False False False
 False False False False False False False]","[ True False False False  True False False False  True False False False
  True  True False False False  True False False False  True  True False
 False False  True False False False False  True  True False False False
  True  True False False False  True False False False False False  True
  True False False False False  True False False False False False False
 False False False False False False False]","[0.28, 0.68, 0.04]","[nan, 1.0827894677165155]",0,True,False
117,100.0,3000.0,0.0,-1,0,0,"[False False False False False False False False False False False False
 False False False False False False False False False False False False
 False False False False False False False False False False False False
 False False False False False False False False False False False False
 False False False False False False False False False False False False
 False False False False False False False]","[False False False False False False False False False False False False
 False False False False False False False False False False False False
 False False False False False False False False False False False False
 False False False False False False False False False False False False
 False False False False False False False False False False False False
 False False False False False False False]","[0.28, 0.68, 0.04]","[nan, 1.0827894677165155]",0,True,False
118,101.0,1500.0,0.0,1,-1,0,"[False False False False False False False False False False False False
 False False False False False False False False False False False False
 False False False False False False False False False False False False
 False False False False False False False False False False False False
 False False False False False False False False False False False False
 False False False False False False False]","[False  True  True False False False False False False False False False
 False False False False False False False False False False False False
 False False False False False False False False False False False False
 False False False False False False False False False False False False
 False False False False False False False False False False False False
 False False False False False False False]","[0.28, 0.64, 0.08]","[nan, 0.9775521605649683]",0,True,False
119,102.0,1500.0,0.0,1,1,0,"[ True  True False False False False False False False False  True False
 False  True  True False False  True  True False False False  True False
 False False False  True False False False False False False False False
 False False False  True False False False False False False False False
 False False False False False False False False False False  True False
 False False False False False False False]","[False False False False False  True False False False  True  True False
 False False False False False False False False False False False False
 False False False False False False False False False False False False
 False False False False False False False False False False False False
 False False False False False False False False False False False False
 False False False False False False False]","[0.24, 0.68, 0.08]","[nan, 0.7547834222332187]",0,True,False
120,103.0,1500.0,0.0,1,-1,0,"[False False False False False False False False False False False False
 False False False False False False False False False False False False
 False False False False False False False False False False False False
 False False False False False False False False False False False False
 False False False False False False False False False False False False
 False False False False False False False]","[False  True False False False False  True False False False False False
 False False False False False False False False False False False False
 False False False False False False False False False False False False
 False False False False False False False False False False False False
 False False False False False False False False False False False False
 False False False False False False False]","[0.28, 0.64, 0.08]","[nan, 0.9775521605649683]",0,True,False
121,103.0,1500.0,0.0,1,1,0,"[False  True False False False  True False False False False  True False
 False False False  True False False  True  True False False  True False
 False False False False False False False False False False  True False
 False False False False False False False False False False False False
  True False False False  True False False False False False False False
 False False False False False False False]","[False  True False False False False False False False False  True False
 False False  True False False False  True  True False False False  True
 False False False False False False False False False False False False
 False False False False False False False False False False False False
 False False False False False False False False False False False False
 False False False False False False False]","[0.28, 0.64, 0.08]","[nan, 0.6372783160801316]",0,True,False
122,104.0,750.0,0.0,1,-1,0,"[False False False False False False False False False False False False
 False False False False False False False False False False False False
 False False False False False False False False False False False False
 False False False False False False False False False False False False
 False False False False False False False False False False False False
 False False False False False False False]","[False  True  True False False False False False False False False False
 False False False False False False False False False False False False
 False False False False False False False False False False False False
 False False False False False False False False False False False False
 False False False False False False False False False False False False
 False False False False False False False]","[0.28, 0.64, 0.08]","[nan, 0.6372783160801316]",0,True,False
123,105.0,6000.0,0.0,-1,-1,0,"[False False False False False False False False False False False False
 False False False False False False False False False False False False
 False False False False False False False False False False False False
 False False False False False False False False False False False False
 False False False False False False False False False False False False
 False False False False False False False]","[False  True False False False  True  True False False False  True False
 False False False False False False  True False False False  True  True
 False False  True  True False False False False  True  True False False
 False  True False False False False False False  True False False False
  True  True False False False False False False False False False False
 False False False False False False False]","[0.28, 0.64, 0.08]","[nan, 0.31462117104709175]",0,True,False
124,106.0,750.0,0.0,1,1,0,"[False False False  True False False False False  True False False False
  True  True False False False  True False False False  True  True False
 False False  True False False False False False False False False False
 False False False False False False False False False False False False
 False False False  True False False False  True False False False False
 False False False False False False False]","[False False False False  True False False False  True False False False
 False  True False False False  True False False False  True False False
 False False  True False False False  True False False False False False
 False False False False False False False False False False False False
 False False False False False False False False False False False False
 False False False False False False False]","[0.24, 0.68, 0.08]","[nan, 0.4460153952645921]",0,True,False
125,107.0,1500.0,0.0,1,-1,0,"[False False False False False False False False False False False False
 False False False False False False False False False False False False
 False False False False False False False False False False False False
 False False False False False False False False False False False False
 False False False False False False False False False False False False
 False False False False False False False]","[False False  True False False False False  True False False False False
 False False False False False False False False False False False False
 False False False False False False False False False False False False
 False False False False False False False False False False False False
 False False False False False False False False False False False False
 False False False False False False False]","[0.28, 0.64, 0.08]","[nan, 0.31462117104709175]",0,True,False
126,108.0,3000.0,0.0,-1,-1,0,"[False False False False False False False False False False False False
 False False False False False False False False False False False False
 False False False False False False False False False False False False
 False False False False False False False False False False False False
 False False False False False False False False False False False False
 False False False False False False False]","[ True False False False  True  True False False  True  True False False
 False  True False False False  True  True False False  True  True False
 False False  True False False False False  True  True False False False
  True  True False False False False  True  True False False False  True
  True False False False False False False False False False False False
 False False False False False False False]","[0.24, 0.68, 0.08]","[nan, 0.1475824606895068]",0,True,False
127,109.0,6000.0,0.0,-1,-1,0,"[False False False False False False False False False False False False
 False False False False False False False False False False False False
 False False False False False False False False False False False False
 False False False False False  True False False False False False False
 False False False False False False False False False False False False
 False False False False False False False]","[False False  True False False False False  True False False False  True
  True False False False  True False False  True False False False False
  True False False False False False False False False False False  True
 False False False False  True  True False False False  True False False
 False False False False  True False False False  True  True False False
 False False False False False False False]","[0.24, 0.68, 0.08]","[nan, 0.1475824606895068]",0,True,False
128,110.0,750.0,0.0,1,1,0,"[False  True False False False  True False False False False  True False
 False False  True False False False  True  True False False  True False
 False False False  True False False False False False False False False
 False  True False False False False False False False  True False False
 False False False False False False False False  True False False False
 False False False False False False False]","[False False False False False False False False False  True False False
 False  True  True False False False False False False False False False
 False False False False False False False False False False False False
 False False False False False False False False False False False False
 False False False False False False False False False False False False
 False False False False False False False]","[0.2, 0.72, 0.08]","[nan, 0.2794204416008008]",0,True,False
129,111.0,3000.0,0.0,-1,-1,0,"[False False False False False False False False False False False False
 False False False False False False False False False False False False
 False False False False False False False False False False False False
 False False False False False False False False False False False False
 False False False False False False False False False False False False
 False False False False False False False]","[False False  True  True False False False  True False False False  True
 False False False  True  True False False False  True False False False
 False  True False False False False  True  True False False False  True
 False False False False False False False False False False False False
 False False False False False False False False False False False False
 False False False False False False False]","[0.24, 0.68, 0.08]","[nan, 0.4460153952645921]",0,True,False
130,112.0,3000.0,0.0,-1,-1,0,"[False False False False False False False False False False False False
 False False False False False False False False False False False False
 False False False False False False False False False False False False
 False False False False False False False False False False False False
 False False False False False False False False False False False False
 False False False False False False False]","[False False  True False False False False  True False False False  True
  True False False False  True False False False False  True False False
 False  True False False False False False False False False False  True
  True False False False  True False False False False False  True  True
 False False  True  True False False False False False False False False
 False False False False False False False]","[0.24, 0.68, 0.08]","[nan, 0.4460153952645921]",0,True,False
131,113.0,750.0,0.0,1,-1,0,"[False False False False False False False False False False False False
 False False False False False False False False False False False False
 False False False False False False False False False False False False
 False False False False False False False False False False False False
 False False False False False False False False False False False False
 False False False False False False False]","[False False  True False False False  True  True False False False False
 False False False False False False False False False False False False
 False False False False False False False False False False False False
 False False False False False False False False False False False False
 False False False False False False False False False False False False
 False False False False False False False]","[0.24, 0.68, 0.08]","[nan, 0.4460153952645921]",0,True,False
132,114.0,1500.0,0.0,1,1,0,"[False False  True False False False  True False False False False  True
 False False False  True  True False False  True False False False  True
  True False False False False  True False False False False False False
 False False False False False False False  True False False False False
 False False False False False False False  True False False False False
 False False False False False False False]","[False False  True False False False False  True False False False  True
 False False False  True False False False  True  True False False False
 False False False False False False False False False False False False
 False False False False False False False False False False False False
 False False False False False False False False False False False False
 False False False False False False False]","[0.24, 0.68, 0.08]","[nan, 0.1475824606895068]",0,True,False
133,115.0,6000.0,0.0,-1,-1,0,"[False False False False False False False False False False False False
 False False False False False False False False False False False False
 False False False False False False False False False False False False
 False False False False False False False False False False False False
 False False False False False False False False False False False False
 False False False False False False False]","[False False  True False False False  True  True False False  True  True
 False False False  True False False False  True  True False False  True
  True False False False False  True False False False  True  True False
 False False False  True False False False False False  True False False
 False False  True False False False False False False False False False
 False False False False False False False]","[0.28, 0.64, 0.08]","[nan, 0.0]",0,True,False
134,116.0,6000.0,0.0,-1,-1,0,"[False False False False False False False False False False False False
 False False False False False False False False False False False False
 False False False False False False False False False False False False
 False False False False False False False False False False False False
 False False False False False False False False False False False False
 False False False False False False False]","[False False False  True  True False False False  True False False False
  True False False False  True False False False  True  True False False
 False  True False False False  True False False False False  True  True
 False False False  True  True False False False  True False False False
 False False False  True False False False False  True False False False
 False False False False False False False]","[0.24, 0.68, 0.08]","[nan, 0.1475824606895068]",0,True,False
135,117.0,1500.0,0.0,1,1,0,"[ True False False False  True False False False False False False False
  True  True False False False  True False False False  True False False
 False  True  True False False False False False False False False False
  True False False False False False False False  True False False False
 False False False  True False False False False  True False False False
 False False False False False False False]","[False False False False False False False False  True  True False False
 False False False False False False False False False False False False
 False False False False False False False False False False False False
 False False False False False False False False False False False False
 False False False False False False False False False False False False
 False False False False False False False]","[0.24, 0.68, 0.08]","[nan, 0.4460153952645921]",0,True,False
136,118.0,750.0,0.0,1,-1,0,"[False False False False False False False False False False False False
 False False False False False False False False False False False False
 False False False False False False False False False False False False
 False False False False False False False False False False False False
 False False False False False False False False False False False False
 False False False False False False False]","[ True False False False  True False False False False False False False
 False False False False False False False False False False False False
 False False False False False False False False False False False False
 False False False False False False False False False False False False
 False False False False False False False False False False False False
 False False False False False False False]","[0.28, 0.64, 0.08]","[nan, 0.6372783160801316]",0,True,False
137,118.0,750.0,0.0,1,1,0,"[False  True  True False False False  True False False False  True  True
 False False False  True False False False  True False False False  True
 False False False False  True False False False False False  True False
 False False False False False False False False  True False False False
 False  True False False False False False False False False False False
 False False False False False False False]","[False False  True False False False  True False False False  True  True
 False False False  True False False False  True False False False  True
 False False False False  True False False False False False  True False
 False False  True  True False False False False False False False False
 False False False False False False False False False False False False
 False False False False False False False]","[0.28, 0.64, 0.08]","[nan, 0.6372783160801316]",0,True,False
138,119.0,3000.0,0.0,-1,-1,0,"[False False False False False False False False False False False False
 False False False False False False False False False False False False
 False False False False False False False False False False False False
 False False False False False False False False False False False False
 False False False False False False False False False False False False
 False False False False False False False]","[False  True False False False  True False False False False  True False
 False  True  True False False  True  True False False False  True False
 False False False  True False False False  True False False False False
  True  True False False False False False False False False False False
 False False False False False False False False False False False False
 False False False False False False False]","[0.28, 0.64, 0.08]","[nan, 0.6372783160801316]",0,True,False
139,120.0,6000.0,0.0,-1,1,0,"[False  True False False False False False False False False  True False
 False False False False False False False False False False False False
 False False False False False False False False False False False False
 False False False False False False False False False False False False
 False False False False False False False False False False False False
 False False False False False False False]","[False  True False False False False False False False False False False
 False False False False False False False False False False False False
 False False False False False False False False False False False False
 False False False False False False False False False False False False
 False False False False False False False False False False False False
 False False False False False False False]","[0.28, 0.64, 0.08]","[nan, 0.6372783160801316]",0,True,False
140,120.0,6000.0,0.0,-1,-1,0,"[False False False False False False False False False False False False
 False False False False False False False False False False False False
 False False False False False False False False False False False False
 False False False False False False False False False False False False
 False False False False False False False False False False False False
 False False False False False False False]","[ True False False False  True  True False False False  True False False
 False  True False False False  True  True False False False  True False
 False False  True False False False False False  True False False False
  True  True False False False False  True  True False False False  True
  True False False False False False False False False False False False
 False False False False False False False]","[0.32, 0.64, 0.04]","[2.300694208940575, 0.6372783160801316]",0,True,False
141,121.0,3000.0,0.0,-1,-1,0,"[False False False False False False False False False False False False
 False False False False False False False False False False False False
 False False False False False False False False False False False False
 False False False False False False False False False False False False
 False False False False False False False False False False False False
 False False False False False False False]","[False False  True False False False  True False False False  True  True
 False False  True  True False False  True  True False False False  True
 False False False False  True False False False False  True  True False
 False False  True  True False False False False False  True False False
 False False  True False False False False False False False False False
 False False False False False False False]","[0.32, 0.64, 0.04]","[2.300694208940575, 0.6372783160801316]",0,True,False
142,122.0,1500.0,0.0,1,1,0,"[ True False False False  True False False False  True  True False False
 False  True False False  True  True False False  True  True False False
 False False  True False False False False False False False False False
 False False False False  True False False False False False False False
 False False False False False False False False False False False False
 False False False False False False False]","[ True False False False False False False False  True False False False
  True  True False False  True  True False False False  True False False
 False  True  True False False False False False False False False False
 False False False False False False False False False False False False
 False False False False False False False False False False False False
 False False False False False False False]","[0.32, 0.64, 0.04]","[2.300694208940575, 0.6372783160801316]",0,True,False
143,123.0,6000.0,0.0,-1,-1,0,"[False False False False False False False False False False False False
 False False False False False False False False False False False False
 False False False False False False False False False False False False
 False False  True False False False False False False False False False
 False False False False False False False False False False False False
 False False False False False False False]","[ True False False False  True  True False False  True  True False False
  True  True False False False  True False False False False  True False
 False False False False  True False False  True  True False False False
 False False  True False False False  True  True False False False False
 False False False False False False False False False False False False
 False False False False False False False]","[0.36, 0.64, 0.0]","[2.4412761378064363, 0.6372783160801316]",0,True,False
144,124.0,3000.0,0.0,-1,-1,0,"[False False False False False False False False False False False False
 False False False False False False False False False False False False
 False False False False False False False False False False False False
 False False False False False False False False False False False False
 False False False False False False False False False False False False
 False False False False False False False]","[ True False False False  True False False False  True  True False False
  True  True False False False  True  True False False  True  True False
 False False False False  True False False False  True False False False
 False False  True  True False False False False False False False False
 False False False False False False False  True  True False False False
 False False False False False False False]","[0.36, 0.64, 0.0]","[2.4412761378064363, 0.9775521605649683]",0,True,False
145,125.0,750.0,0.0,1,1,0,"[ True False False False False False False False  True False False False
  True False False False False  True False False False  True  True False
 False  True  True False False False  True False False False False False
  True  True False False  True False False False  True False False False
 False False False  True  True False False False False False False False
 False False False False False False False]","[ True False False False False False False False  True False False False
 False  True False False False False False False False  True False False
 False  True  True False False False  True False False False False False
 False False False False  True False False False False  True False False
 False False False False False False False False False False False False
 False False False False False False False]","[0.32, 0.68, 0.0]","[2.300694208940575, 1.0827894677165155]",0,True,False
146,126.0,1500.0,0.0,1,-1,0,"[False False False False False False False False False False False False
 False False False False False False False False False False False False
 False False False False False False False False False False False False
 False False False False False False False False False False False False
 False False False False False False False False False False False False
 False False False False False False False]","[False False False  True False False  True  True False False False False
 False False False False False False False False False False False False
 False False False False False False False False False False False False
 False False False False False False False False False False False False
 False False False False False False False False False False False False
 False False False False False False False]","[0.36, 0.64, 0.0]","[2.4412761378064363, 1.34897851762444]",0,True,False
147,126.0,1500.0,0.0,1,-1,0,"[False False False False False False False False False False False False
 False False False False False False False False False False False False
 False False False False False False False False False False False False
 False False False False False False False False False False False False
 False False False False False False False False False False False False
 False False False False False False False]","[False False  True  True False False False False False False False False
 False False False False False False False False False False False False
 False False False False False False False False False False False False
 False False False False False False False False False False False False
 False False False False False False False False False False False False
 False False False False False False False]","[0.32, 0.68, 0.0]","[2.300694208940575, 1.0827894677165155]",0,True,False
148,126.0,1500.0,0.0,1,1,0,"[False False False False False False False  True False False False  True
 False False False False  True False False False  True False False False
  True False False False False  True False False False  True False False
 False False False False  True False False False  True False False False
  True False False False False  True False False False False False False
 False False False  True False False False]","[False False False False False False False  True False False False  True
 False False False False  True False False False  True False False False
  True False False False False  True False False False  True False False
 False False False False False False False  True  True False False False
  True False False False  True  True False False False False False False
 False False False False False False False]","[0.32, 0.68, 0.0]","[2.300694208940575, 1.0827894677165155]",0,False,False
149,127.0,750.0,0.0,1,-1,0,"[False False False False False False False False False False False False
 False False False False False False False False False False False False
 False False False False False False False False False False False False
 False False False False False False False False False False False False
 False False False False False False False False False False False False
 False False False False False False False]","[ True  True False False False False False False False False False False
 False False False False False False False False False False False False
 False False False False False False False False False False False False
 False False False False False False False False False False False False
 False False False False False False False False False False False False
 False False False False False False False]","[0.36, 0.64, 0.0]","[2.4412761378064363, 0.9775521605649683]",0,False,False
150,127.0,750.0,0.0,1,1,0,"[False False False  True False False False  True False False False False
  True False False False  True False False False  True False False False
 False False False False False  True False False False False False False
 False False False  True False False False False False False False False
  True False False False False False False False False False False  True
 False False False False False False False]","[False False False False False False False  True False False False False
  True False False False  True False False False  True False False False
  True  True False False False False False False False False False False
 False False False False False False False False False False False False
 False False False False False False False False False False False False
 False False False False False False False]","[0.32, 0.68, 0.0]","[2.300694208940575, 0.7547834222332187]",0,False,False
151,128.0,3000.0,0.0,-1,-1,0,"[False False False False False False False False False False False False
 False False False False False False False False False False False False
 False False False False False False False False False False False False
 False False False False False False False False False False False False
 False False False False False False False False False False False False
 False False False False False False False]","[False  True  True False False  True  True False False False  True False
 False  True  True False False False  True False False False False  True
 False False False False False False False False  True  True False False
 False  True False False False False  True False False False False False
 False  True False False False False False False False False False False
 False False False False False False False]","[0.36, 0.64, 0.0]","[2.4412761378064363, 0.9775521605649683]",0,False,False
152,129.0,3000.0,0.0,-1,-1,0,"[False False False False False False False False False False False False
 False False False False False False False False False False False False
 False False False False False False False False False False False False
 False False False False False False False False False False False False
 False False False False False False False False False False False False
 False False False False False False False]","[False False  True False False  True  True False False False  True False
 False False  True  True False False False  True False False False False
  True False False False False False  True False False  True  True False
 False False False False  True False False False  True  True False False
 False False False False False False False False False False False False
 False False False False False False False]","[0.36, 0.64, 0.0]","[2.4412761378064363, 0.9775521605649683]",0,False,False
153,130.0,6000.0,0.0,-1,-1,0,"[False False False False False False False False False False False False
 False False False False False False False False False False False False
 False False False False False False False False False False False False
 False False False False False False False False False False False False
 False False False False False False False False False False False False
 False False False False False False False]","[False  True  True False False False  True False False False  True False
 False False False  True False False False  True False False False  True
 False False False  True  True False False False False  True  True False
 False  True  True False False False  True  True False False False False
 False False False False False False  True  True False False False False
 False False False False False False False]","[0.36, 0.64, 0.0]","[2.4412761378064363, 0.9775521605649683]",0,False,False
154,131.0,750.0,0.0,1,-1,0,"[False False False False False False False False False False False False
 False False False False False False False False False False False False
 False False False False False False False False False False False False
 False False False False False False False False False False False False
 False False False False False False False False False False False False
 False False False False False False False]","[False False  True  True False False False False False False False False
 False False False False False False False False False False False False
 False False False False False False False False False False False False
 False False False False False False False False False False False False
 False False False False False False False False False False False False
 False False False False False False False]","[0.32, 0.68, 0.0]","[2.300694208940575, 1.0827894677165155]",0,False,False
155,131.0,750.0,0.0,1,1,0,"[False  True  True False False False False  True False False  True  True
 False False False  True False False False False False False False False
 False False False False False False  True False False False False False
 False False False False  True False False False  True False False False
 False False False False False False False False False False False False
 False False False False False False False]","[False False  True False False False  True False False False  True  True
 False False False  True False False False  True False False False False
 False False False False False False False False False False False False
 False False False False False False False False False False False False
 False False False False False False False False False False False False
 False False False False False False False]","[0.32, 0.68, 0.0]","[2.300694208940575, 0.7547834222332187]",0,False,False
156,132.0,1500.0,0.0,1,1,0,"[False False False  True False False False  True False False False False
 False False False False False False False False  True  True False False
 False  True False False False False False False False False  True False
 False False False False False False False False False False False False
 False False  True False False False False  True False False False False
 False False False False False False False]","[False False False  True False False False  True False False False False
  True False False False  True False False False False False False False
 False False False False False False False False False False False False
 False False False False False False False False False False False False
 False False False False False False False False False False False False
 False False False False False False False]","[0.36, 0.64, 0.0]","[2.4412761378064363, 0.6372783160801316]",0,False,False
157,133.0,6000.0,0.0,-1,-1,0,"[False False False False False False False False False False False False
 False False False False False False False False False False False False
 False False False False False False False False False False False False
 False False False False False False False False False False False False
 False False False False False False False False False False False False
 False False False False False False False]","[False  True False False False  True False False False False  True False
 False False False False False  True  True False False False  True False
 False False  True  True False False False False  True  True False False
  True  True False False False False False False False False False False
 False False False False False False False False False False False False
 False False False False False False False]","[0.4, 0.6, 0.0]","[2.5630985764077403, 0.8614539877232001]",0,False,False
158,134.0,1500.0,0.0,1,1,0,"[False False False  True  True False False False  True False False False
 False  True False False False False False False False  True False False
 False False  True False False False False  True  True False False False
 False False False False False False  True False False False  True False
 False False False  True False False False False False False False False
 False False False False False False False]","[False False False  True False False False False  True False False False
  True False False False  True  True False False False False False False
 False False False False False False False False False False False False
 False False False False False False False False False False False False
 False False False False False False False False False False False False
 False False False False False False False]","[0.36, 0.64, 0.0]","[2.4412761378064363, 0.9775521605649683]",0,False,False
159,135.0,6000.0,0.0,-1,-1,0,"[False False False False False False False False False False False False
 False False False False False False False False False False False False
 False False False False False False False False False False False False
 False False False False False False False False False False False False
 False False False False False False False False False False False False
 False False False False False False False]","[False False False  True  True False False False False  True False False
  True  True False False  True  True False False False False False False
 False False  True False False False False  True  True False False False
  True False False False False False False  True False False False  True
  True False False False False False False False False False False False
 False False False False False False False]","[0.4, 0.6, 0.0]","[2.5630985764077403, 0.8614539877232001]",0,False,False
160,136.0,6000.0,0.0,-1,-1,0,"[False False False False False False False False False False False False
 False False False False False False False False False False False False
 False False False False False False False False False False False False
 False False False False False False False False False False False False
 False False False False False False False False False False False False
 False False False False False False False]","[False False  True  True False False False  True False False False  True
  True False False False  True False False False  True False False False
 False False False  True False False  True  True False False False  True
  True False False False False False  True  True False False False False
 False False False False False False False False False False False False
 False False False False False False False]","[0.4, 0.6, 0.0]","[2.5630985764077403, 0.8614539877232001]",0,False,False
161,137.0,750.0,0.0,1,1,0,"[False  True False False False  True False False False False  True False
 False False False  True False False False  True False False False  True
 False False False False  True False False False False False  True False
 False False False False False False  True False False False False False
 False  True False False False  True False False False False False False
 False False False False False False False]","[False False False False False False False False False False False False
 False False  True False False False  True  True False False False False
 False False False False False False False False False False False False
 False False False False False False False False False False False False
 False False False False False False False False False False False False
 False False False False False False False]","[0.36, 0.64, 0.0]","[2.4412761378064363, 0.9775521605649683]",0,False,False
162,138.0,3000.0,0.0,-1,-1,0,"[False False False False False False False False False False False False
 False False False False False False False False False False False False
 False False False False False False False False False False False False
 False False False False False False False False False False False False
 False False False False False False False False False False False False
 False False False False False False False]","[ True False False False  True False False False  True  True False False
 False False False False False False  True False False False  True False
 False False False  True False False False  True False False False False
 False  True False False False False  True False False False False False
 False False False False False False False False False False False False
 False False False False False False False]","[0.4, 0.6, 0.0]","[2.5630985764077403, 1.2458505001420814]",0,False,False
163,139.0,3000.0,0.0,-1,-1,0,"[False False False False False False False False False False False False
 False False False False False False False False False False False False
 False False False False False False False False False False False False
 False False False False False False False False False False False False
 False False False False False False False False False False False False
 False False False False False False False]","[False False  True  True False False False  True False False False  True
  True False False  True  True False False False False False False False
 False False False False False False  True  True False False False  True
  True False False False False False  True False False False False  True
 False False False False False False False False False False False False
 False False False False False False False]","[0.36, 0.64, 0.0]","[2.4412761378064363, 1.34897851762444]",0,False,False
164,140.0,1500.0,0.0,1,1,0,"[False  True False False False False False False False False  True False
 False False  True False False False False  True False False False  True
  True False False False  True False False False  True False False False
  True False False False False False False False False False False False
 False False False  True False False False False False  True False False
 False False False False False False False]","[False  True False False False False False False False False False False
 False False  True False False False False  True False False False  True
 False False False  True  True False False  True  True False False False
 False False False False False False False False False False False False
 False False False False False False False False False False False False
 False False False False False False False]","[0.36, 0.64, 0.0]","[2.4412761378064363, 1.34897851762444]",0,False,False
165,141.0,750.0,0.0,1,-1,0,"[False False False False False False False False False False False False
 False False False False False False False False False False False False
 False False False False False False False False False False False False
 False False False False False False False False False False False False
 False False False False False False False False False False False False
 False False False False False False False]","[ True  True False False False False False False False False False False
 False False False False False False False False False False False False
 False False False False False False False False False False False False
 False False False False False False False False False False False False
 False False False False False False False False False False False False
 False False False False False False False]","[0.36, 0.64, 0.0]","[nan, 1.34897851762444]",0,False,False
166,141.0,750.0,0.0,1,1,0,"[False  True False False False False  True False False False  True  True
 False False False  True False False False  True  True False False False
  True False False False False False False False False False False False
 False False False  True False False False False False False False  True
 False False False  True  True False False False False False False False
 False False False False False False False]","[False False False False False False  True False False False  True  True
 False False False  True False False False  True False False False  True
 False False False  True  True False False False False False False False
 False False False False False False False False False False False False
 False False False False False False False False False False False False
 False False False False False False False]","[0.36, 0.64, 0.0]","[nan, 0.9775521605649683]",0,False,False
167,142.0,1500.0,0.0,1,-1,0,"[False False False False False False False False False False False False
 False False False False False False False False False False False False
 False False False False False False False False False False False False
 False False False False False False False False False False False False
 False False False False False False False False False False False False
 False False False False False False False]","[False False False  True  True False False False False False False False
 False False False False False False False False False False False False
 False False False False False False False False False False False False
 False False False False False False False False False False False False
 False False False False False False False False False False False False
 False False False False False False False]","[0.4, 0.6, 0.0]","[nan, 0.8614539877232001]",0,False,False
168,142.0,1500.0,0.0,1,1,0,"[ True False False False False False False False False  True False False
 False False  True False False False False False False False False False
 False False  True  True False False False  True False False False  True
 False False False False False False False False False  True  True False
 False False  True False False False False  True False False False False
 False  True False False False False False]","[False  True False False False False False False False False  True False
 False False False False False False False False False False False False
 False False False False False False False False False False False False
 False False False False False False False False False False False False
 False False False False False False False False False False False False
 False False False False False False False]","[0.36, 0.64, 0.0]","[nan, 0.6372783160801316]",0,False,False
169,143.0,750.0,0.0,1,1,0,"[ True False False False  True False False False False  True False False
 False False  True False False False  True False False  True False False
 False False  True  True False False False False False False False False
  True  True False False False False False False False  True False False
 False False False  True False False False False  True False False False
 False False False False False False False]","[False  True False False False  True False False False False False False
 False False False False False False False False False False False False
 False False False False False False False False False False False False
 False False False False False False False False False False False False
 False False False False False False False False False False False False
 False False False False False False False]","[0.4, 0.6, 0.0]","[nan, 0.5066938613135554]",0,False,False
170,144.0,1500.0,0.0,1,-1,0,"[False False False False False False False False False False False False
 False False False False False False False False False False False False
 False False False False False False False False False False False False
 False False False False False False False False False False False False
 False False False False False False False False False False False False
 False False False False False False False]","[False False  True  True False False False False False False False False
 False False False False False False False False False False False False
 False False False False False False False False False False False False
 False False False False False False False False False False False False
 False False False False False False False False False False False False
 False False False False False False False]","[0.44, 0.56, 0.0]","[nan, 0.3600244797379033]",0,False,False
171,145.0,1500.0,0.0,1,1,0,"[False False  True False False False False  True False False False  True
 False False False False  True False False  True  True False False False
  True  True False False False  True False False False  True False False
 False False False False False False False False False  True False False
 False  True False False False False False False False False False False
 False False False False False False False]","[False False False  True False False False  True False False False  True
 False False False  True  True False False False False False False False
 False False False False False False False False False False False False
 False False False False False False False False False False False False
 False False False False False False False False False False False False
 False False False False False False False]","[0.4, 0.6, 0.0]","[nan, 0.16730335606762126]",0,False,False
172,146.0,3000.0,0.0,-1,-1,0,"[False False False False False False False False False False False False
 False False False False False False False False False False False False
 False False False False False False False False False False False False
 False False False False False False False False False False False False
 False False False False False False False False False False False False
 False False False False False False False]","[ True False False False False False False  True  True False False False
  True False False False  True False False False False  True False False
 False  True False False False False False False False False False  True
 False False False  True False False False False False False  True False
 False False False False False False False False False False False False
 False False False False False False False]","[0.44, 0.56, 0.0]","[nan, 0.3600244797379033]",0,False,False
173,147.0,750.0,0.0,1,1,0,"[ True False False False  True False False False  True False False False
 False False False False  True  True False False False  True False False
 False False  True False False False False False False False False False
 False False False False False False False False False False False  True
 False False False False False False False False  True False False False
 False False False False False False False]","[False False False False  True False False False  True False False False
  True  True False False False False False False False False False False
 False False False False False False False False False False False False
 False False False False False False False False False False False False
 False False False False False False False False False False False False
 False False False False False False False]","[0.44, 0.56, 0.0]","[nan, 0.7322121668315051]",0,False,False
174,148.0,3000.0,0.0,-1,-1,0,"[False False False False False False False False False False False False
 False False False False False False False False False False False False
 False False False False False False False False False False False False
 False False False False False False False False False False False False
 False False False False False False False False False False False False
 False False False False False False False]","[False False  True  True False False False  True False False False  True
 False False False  True False False False False  True False False False
  True False False False False  True  True False False False  True False
 False False False False False  True False False False False False False
 False False False False False False False False False False False False
 False False False False False False False]","[0.44, 0.56, 0.0]","[nan, 0.7322121668315051]",0,False,False
175,149.0,6000.0,0.0,-1,-1,0,"[False False False False False False False False False False False False
 False False False False False False False False False False False False
 False False False False False False False False False False False False
 False False False False False False False False False False False False
 False False False False False False False False False False False False
 False False False False False False False]","[False  True False False False False  True False False  True  True False
 False False  True False False False  True  True False False  True  True
 False False False False False False False False False  True  True False
 False  True  True False False False False  True False False False False
 False  True False False False False False  True False False False False
 False False False False False False False]","[0.44, 0.56, 0.0]","[nan, 1.1318967437115721]",0,False,False
176,150.0,6000.0,0.0,-1,-1,0,"[False False False False False False False False False False False False
 False False False False False False False False False False False False
 False False False False False False False False False False False False
 False False False False  True False False False False False False False
 False False False False False False False False False False False False
 False False False False False False False]","[False False  True False False  True  True False False False  True  True
 False False False False False False  True  True False False  True  True
 False False False False  True  True False False False  True  True False
 False False False False  True False False False False False False False
 False False False False False False False False False False False False
 False False False False False False False]","[0.4, 0.6, 0.0]","[nan, 1.2458505001420814]",0,False,False
177,151.0,750.0,0.0,1,1,0,"[False False  True False False False False  True False False False  True
 False False False False  True False False False  True False False False
  True False False False False  True False False False  True False False
 False False False  True False False False  True  True False False False
  True False False False False False False  True False False False False
 False False False False False False False]","[False False False False False False False False False False False  True
 False False False False  True False False False  True False False False
  True False False False  True False False False False  True False False
 False False False  True False False False False  True False False False
  True False False False False False False False False False False False
 False False False False False False False]","[0.4, 0.6, 0.0]","[nan, 1.2458505001420814]",0,False,False
178,152.0,750.0,0.0,1,-1,0,"[False False False False False False False False False False False False
 False False False False False False False False False False False False
 False False False False False False False False False False False False
 False False False False False False False False False False False False
 False False False False False False False False False False False False
 False False False False False False False]","[False  True  True False False False False False False False False False
 False False False False False False False False False False False False
 False False False False False False False False False False False False
 False False False False False False False False False False False False
 False False False False False False False False False False False False
 False False False False False False False]","[0.44, 0.56, 0.0]","[nan, 1.1318967437115721]",0,False,False
179,152.0,750.0,0.0,1,1,0,"[ True False False False  True False False False  True  True False False
 False False  True False False False False False False False  True False
 False False  True False False False False False False False False False
 False  True False False False False False False False  True False False
 False False False False False False False False False False False False
 False False False False False False False]","[ True False False False False False False False False  True False False
 False  True False False False  True  True False False False False False
 False False False False False False False False False False False False
 False False False False False False False False False False False False
 False False False False False False False False False False False False
 False False False False False False False]","[0.44, 0.56, 0.0]","[nan, 0.7322121668315051]",0,False,False
180,153.0,1500.0,0.0,1,1,0,"[False False False  True False False False  True False False False  True
  True False False False False False False False  True  True False False
 False  True False False False False False False False False False False
 False False False False False False False False False False False False
  True False False False False False  True False False False False False
 False False False False False False False]","[False False False  True False False False  True False False False  True
  True False False False  True False False False  True False False False
  True False False False False False False False False False False False
 False False False False False False False False False False False False
 False False False False False False False False False False False False
 False False False False False False False]","[0.48, 0.52, 0.0]","[nan, 1.0048036057610192]",0,False,False
181,154.0,3000.0,0.0,-1,-1,0,"[False False False False False False False False False False False False
 False False False False False False False False False False False False
 False False False False False False False False False False False False
 False False False False False False False False False False False False
 False False False False False False False False False False False False
 False False False False False False False]","[False  True  True False False False  True  True False False  True  True
 False False  True  True False False False  True  True False False False
  True False False False  True False False False False False  True  True
 False False  True  True False False False False False False False False
 False False False False False False False False False False False False
 False False False False False False False]","[0.48, 0.52, 0.0]","[nan, 1.0048036057610192]",0,False,False
182,155.0,750.0,0.0,1,1,0,"[False  True False False False  True False False False False  True False
 False False  True False False False  True False False False False  True
 False False  True  True False False False False False False False False
 False  True False False False False False False False False  True False
 False False False False  True False False False False  True False False
 False False False False False False False]","[False  True False False False False  True False False False False False
 False False  True False False False  True False False False  True False
 False False False False False False False False False False False False
 False False False False False False False False False False False False
 False False False False False False False False False False False False
 False False False False False False False]","[0.44, 0.56, 0.0]","[nan, 1.1318967437115721]",0,False,False
183,156.0,1500.0,0.0,1,-1,0,"[False False False False False False False False False False False False
 False False False False False False False False False False False False
 False False False False False False False False False False False False
 False False False False False False False False False False False False
 False False False False False False False False False False False False
 False False False False False False False]","[ True False False False False  True False False False False False False
 False False False False False False False False False False False False
 False False False False False False False False False False False False
 False False False False False False False False False False False False
 False False False False False False False False False False False False
 False False False False False False False]","[0.48, 0.52, 0.0]","[nan, 1.0048036057610192]",0,False,False
184,156.0,1500.0,0.0,1,1,0,"[False False False False False  True False False False  True False False
 False  True False False False False  True False False False False False
 False False False  True False False False False False False False False
 False False False False False False False False  True False False False
 False  True False False False  True False False False False False False
 False False False False False False False]","[False  True False False False  True False False False  True False False
 False False  True False False False False False False False False False
 False False False False False False False False False False False False
 False False False False False False False False False False False False
 False False False False False False False False False False False False
 False False False False False False False]","[0.44, 0.56, 0.0]","[nan, 0.7322121668315051]",0,False,False
185,157.0,3000.0,0.0,-1,-1,0,"[False False False False False False False False False False False False
 False False False False False False False False False False False False
 False False False False False False False False False False False False
 False False False False False False False False False False False False
 False False False False False False False False False False False False
 False False False False False False False]","[False False  True  True False False False  True False False False  True
 False False False  True  True False False False  True False False False
  True False False False False  True False False False False False  True
 False False False  True False False False False False False False False
 False False False False False False False False False False False False
 False False False False False False False]","[0.48, 0.52, 0.0]","[nan, 0.5867619998972957]",0,False,False
186,158.0,6000.0,0.0,-1,-1,0,"[False False False False False False False False False False False False
 False False False False False False False False False False False False
 False False False False False False False False False False False False
 False False False False False False False False False False False False
 False False False False False False False False False False False False
 False False False False False False False]","[False  True False False False  True  True False False False  True False
 False False False  True False False False  True False False False  True
 False False False False False False False False  True False False False
 False  True  True False False False  True False False False False False
 False False False False False False False False False False False False
 False False False False False False False]","[0.48, 0.52, 0.0]","[nan, 0.5867619998972957]",0,False,False
187,159.0,6000.0,0.0,-1,-1,0,"[False False False False False False False False False False False False
 False False False False False False False False False False False False
 False False False False False False False False False False False False
 False False False False False False False False False False False False
 False False False False False False False False False False False False
 False False False False False False False]","[ True  True False False False  True False False False  True False False
 False  True False False False  True  True False False  True  True False
 False False  True False False False False  True  True False False False
 False  True False False False False False False False False False False
 False False False False False False False False False False False False
 False False False False False False False]","[0.44, 0.56, 0.0]","[nan, 0.7322121668315051]",0,False,False
188,160.0,1500.0,0.0,1,-1,0,"[False False False False False False False False False False False False
 False False False False False False False False False False False False
 False False False False False False False False False False False False
 False False False False False False False False False False False False
 False False False False False False False False False False False False
 False False False False False False False]","[False  True  True False False False False False False False False False
 False False False False False False False False False False False False
 False False False False False False False False False False False False
 False False False False False False False False False False False False
 False False False False False False False False False False False False
 False False False False False False False]","[0.44, 0.56, 0.0]","[nan, 0.7322121668315051]",0,False,False
189,161.0,3000.0,0.0,-1,-1,0,"[False False False False False False False False False False False False
 False False False False False False False False False False False False
 False False False False False False False False False False False False
 False False False False False False False False False False False False
 False False False False False False False False False False False False
 False False False False False False False]","[False False  True  True False False  True  True False False  True  True
 False False  True  True False False False False False False False  True
  True False False False False  True  True False False False  True False
 False False False False False  True False False False False False False
 False False False False False False False False False False False False
 False False False False False False False]","[0.44, 0.56, 0.0]","[nan, 0.3600244797379033]",0,False,False
190,162.0,3000.0,0.0,-1,-1,0,"[False False False False False False False False False False False False
 False False False False False False False False False False False False
 False False False False False False False False False False False False
 False False False False False False False False False False False False
 False False False False False False False False False False False False
 False False False False False False False]","[False  True  True False False  True  True False False False  True False
 False False False  True False False  True  True False False False  True
 False False False False  True  True False False False  True  True False
 False False  True False False False False False False  True False False
 False False False False False False False False False False False False
 False False False False False False False]","[0.4, 0.6, 0.0]","[nan, 0.5066938613135554]",0,False,False
191,163.0,750.0,0.0,1,-1,0,"[False False False False False False False False False False False False
 False False False False False False False False False False False False
 False False False False False False False False False False False False
 False False False False False False False False False False False False
 False False False False False False False False False False False False
 False False False False False False False]","[False False  True False False False  True False False False False False
 False False False False False False False False False False False False
 False False False False False False False False False False False False
 False False False False False False False False False False False False
 False False False False False False False False False False False False
 False False False False False False False]","[0.4, 0.6, 0.0]","[nan, 0.8614539877232001]",0,False,False
192,163.0,750.0,0.0,1,1,0,"[False False  True False False False  True False False False False False
 False False  True  True False False False  True False False False  True
 False False False False  True False False False  True False False False
 False False False False False False  True False False False False False
 False False False False  True  True False False False  True False False
 False False False False False False False]","[False False  True False False False  True False False False  True False
 False False  True  True False False False  True False False False  True
 False False False  True False False False False False False False False
 False False False False False False False False False False False False
 False False False False False False False False False False False False
 False False False False False False False]","[0.36, 0.64, 0.0]","[nan, 0.6372783160801316]",0,False,False
193,164.0,6000.0,0.0,-1,-1,0,"[False False False False False False False False False False False False
 False False False False False False False False False False False False
 False False False False False False False False False False False False
 False False False False False False False False False False False False
 False False False False False False False False False False False False
 False False False False False False False]","[ True False False False  True False False False  True  True False False
  True False False False False  True False False False  True False False
 False  True  True False False  True  True False False False False False
  True False False False False False False False False False False False
 False False False False False False False False False False False False
 False False False False False False False]","[0.4, 0.6, 0.0]","[nan, 0.8614539877232001]",0,False,False
194,165.0,1500.0,0.0,1,1,0,"[False  True False False False  True False False False False  True False
 False False  True False False False False False False False False False
 False False False False  True False False False False False False False
 False False False False False False False False False False False  True
 False False False False False False False False False False False False
 False False False False False False False]","[False  True False False False  True  True False False False  True False
 False False  True False False False  True False False False False False
 False False False False False False False False False False False False
 False False False False False False False False False False False False
 False False False False False False False False False False False False
 False False False False False False False]","[0.36, 0.64, 0.0]","[nan, 0.9775521605649683]",0,False,False
195,166.0,750.0,0.0,1,-1,0,"[False False False False False False False False False False False False
 False False False False False False False False False False False False
 False False False False False False False False False False False False
 False False False False False False False False False False False False
 False False False False False False False False False False False False
 False False False False False False False]","[ True False False  True  True False False False False False False False
 False False False False False False False False False False False False
 False False False False False False False False False False False False
 False False False False False False False False False False False False
 False False False False False False False False False False False False
 False False False False False False False]","[0.36, 0.64, 0.0]","[nan, 0.9775521605649683]",0,False,False
196,167.0,1500.0,0.0,1,-1,0,"[False False False False False  True False False False False False False
 False False False False False False False False False False False False
 False False False False False False False False False False False False
 False False False False False False False False False False False False
 False False False False False False False False False False False False
 False False False False False False False]","[False  True False False False False False False False False False False
 False False False False False False False False False False False False
  True False False False False False False False False False False False
 False False False False False False False False False False False False
 False False False False False False False False False False False False
 False False False False False False False]","[0.36, 0.64, 0.0]","[nan, 0.9775521605649683]",0,False,False
197,167.0,1500.0,0.0,1,-1,0,"[False False False False False False False False False False False False
 False False False False False False False False False False False False
 False False False False False False False False False False False False
 False False False False False False False False False False False False
 False False False False False False False False False False False False
 False False False False False False False]","[False False False False  True False False False  True False False False
 False False False False False False False False False False False False
 False False False False False False False False False False False False
 False False False False False False False False False False False False
 False False False False False False False False False False False False
 False False False False False False False]","[0.32, 0.68, 0.0]","[nan, 0.7547834222332187]",0,False,False
198,167.0,1500.0,0.0,1,1,0,"[False  True False False False  True False False False  True False False
 False False  True False False  True False False False  True  True False
 False False False False False False False  True False False False False
 False False False False False False False False False False False False
 False False False False False False False False False False False False
  True False False False False False False]","[False  True False False False  True False False False  True False False
 False  True  True False False False  True False False False False False
 False False False False False False False False False False False False
 False False False False False False False False False False False False
 False False False False False False False False False False False False
 False False False False False False False]","[0.32, 0.68, 0.0]","[nan, 0.4460153952645921]",0,False,False
199,168.0,6000.0,0.0,-1,-1,0,"[False False False False False False False False False False False False
 False False False False False False False False False False False False
 False False False False False False False False False False False False
 False False False False False False False False False False False False
 False False False False False False False False False False False False
 False False False False False False False]","[False False False False  True  True False False False  True False False
 False  True False False False  True False False False  True  True False
 False False  True False False False False  True  True False False False
  True False False False False False  True False False False False False
 False False False False False False False False False False False False
 False False False False False False False]","[0.32, 0.68, 0.0]","[nan, 0.4460153952645921]",0,False,False
200,169.0,1500.0,0.0,1,-1,0,"[False False False False False False False False False False False False
 False False False False False False False False False False False False
 False False False False False False False False False False False False
 False False False False False False False False False False False False
 False False False False False False False False False False False False
 False False False False False False False]","[False False False  True False False False  True  True False False False
 False False False False False False False False False False False False
 False False False False False False False False False False False False
 False False False False False False False False False False False False
 False False False False False False False False False False False False
 False False False False False False False]","[0.32, 0.68, 0.0]","[nan, 0.4460153952645921]",0,False,False
201,169.0,1500.0,0.0,1,-1,0,"[False False False False False False False False False False False False
 False False False False False False False False False False False False
 False False False False False False False False False False False False
 False False False False False False False False False False False False
 False False False False False False False False False False False False
 False False False False False False False]","[False  True False False False  True  True False False False False False
 False False False False False False False False False False False False
 False False False False False False False False False False False False
 False False False False False False False False False False False False
 False False False False False False False False False False False False
 False False False False False False False]","[0.32, 0.68, 0.0]","[nan, 0.1475824606895068]",0,False,False
202,169.0,1500.0,0.0,1,1,0,"[False False False False False  True False False False  True False False
 False False False False False  True  True False False False  True False
 False False  True False False False False False False False  True  True
 False False False False False False False False  True False False False
 False False False False False False False False False False False False
 False False False False False False False]","[False  True False False False  True False False False  True False False
 False False False False False  True  True False False False  True False
 False False  True False False False  True False False False False False
 False False False False False False False False False False False False
 False False False False False False False False False False False False
 False False False False False False False]","[0.32, 0.68, 0.0]","[nan, -0.1475824606895068]",0,False,False
203,170.0,6000.0,0.0,-1,-1,0,"[False False False False False False False False False False False False
 False False False False False False False False False False False False
 False False False False False False False False False False False False
 False False False False False False False False False False False False
 False False False False False False False False False False False False
 False False False False False False False]","[False False  True False False False  True False False False  True  True
 False False  True  True False False False  True False False False  True
 False False False  True  True False False False False  True  True False
 False  True  True False False False False False False False False False
 False False False False False False False False False False False False
 False False False False False False False]","[0.32, 0.68, 0.0]","[nan, -0.1475824606895068]",0,False,False
204,171.0,3000.0,0.0,-1,-1,0,"[False False False False False False False False False False False False
 False False False False False False False False False False False False
 False False False False False False False False False False False False
 False False False False False False False False False False False False
 False False False False False False False False False False False False
 False False False False False False False]","[False False  True False False False  True False False False  True False
 False False  True False False False  True False False False False False
 False False False False False False False  True False False False False
 False  True False False False  True  True False False False False False
 False False False False False False False False False False False False
 False False False False False False False]","[0.32, 0.68, 0.0]","[nan, 0.1475824606895068]",0,False,False
205,172.0,750.0,0.0,1,1,0,"[ True False False False  True False False False  True False False False
 False  True False False False  True False False False False False False
 False False False False False False  True False False False False False
 False False False False False False False False False False False False
 False False False False False False False False False False False False
 False False False False False False False]","[ True False False False  True False False False False False False False
 False False False False  True  True False False  True  True False False
 False False False False False False False False False False False False
 False False False False False False False False False False False False
 False False False False False False False False False False False False
 False False False False False False False]","[0.28, 0.72, 0.0]","[nan, 0.2794204416008008]",0,False,False
206,173.0,750.0,0.0,1,-1,0,"[False False False False False False False False False False False False
 False False False False False False False False False False False False
 False False False False False False False False False False False False
 False False False False False False False False False False False False
 False False False False False False False False False False False False
 False False False False False False False]","[False  True False False False  True  True False False False False False
 False False False False False False False False False False False False
 False False False False False False False False False False False False
 False False False False False False False False False False False False
 False False False False False False False False False False False False
 False False False False False False False]","[0.28, 0.72, 0.0]","[nan, 0.2794204416008008]",0,False,False
207,173.0,750.0,0.0,1,1,0,"[ True False False False  True False False False  True False False False
 False  True False False False False False False False  True False False
 False False False False False False  True False False False False False
 False False False False False False False  True False False False False
 False False False False False False False False False False False False
 False False False False False False False]","[ True False False False False False False False False False False False
 False False False False  True  True False False False False False False
 False False False False False False False False False False False False
 False False False False False False False False False False False False
 False False False False False False False False False False False False
 False False False False False False False]","[0.28, 0.72, 0.0]","[nan, 0.0]",0,False,False
208,174.0,6000.0,0.0,-1,-1,0,"[False False False False False False False False False False False False
 False False False False False False False False False False False False
 False False False False False False False False False False False False
 False False False False False False False False False False False False
 False False False False False False False False False False False False
 False False False False False False False]","[False False  True False False  True  True False False False False False
 False False  True False False False False  True False False False  True
 False False False  True False False False False  True False False False
  True False False False False  True  True False False False  True  True
 False False False False False False False False False False False False
 False False False False False False False]","[0.28, 0.72, 0.0]","[nan, 0.0]",0,False,False
209,175.0,3000.0,0.0,-1,-1,0,"[False False False False False False False False False False False False
 False False False False False False False False False False False False
 False False False False False False False False False False False False
 False False False False False False False False False False False False
 False False False False False False False False False False False False
 False False False False False False False]","[False  True  True False False False  True False False False  True False
 False False  True False False False  True  True False False False  True
 False False False False False  True False False False  True  True False
 False False  True False False False False False False False False False
 False False False False False False False False False False False False
 False False False False False False False]","[0.28, 0.72, 0.0]","[nan, 0.2794204416008008]",0,False,False
210,176.0,750.0,0.0,1,-1,0,"[False False False False False False False False False False False False
 False False False False False False False False False False False False
 False False False False False False False False False False False False
 False False False False False False False False False False False False
 False False False False False False False False False False False False
 False False False False False False False]","[ True False False  True  True False False False False False False False
 False False False False False False False False False False False False
 False False False False False False False False False False False False
 False False False False False False False False False False False False
 False False False False False False False False False False False False
 False False False False False False False]","[0.24, 0.76, 0.0]","[nan, 0.3984024372208471]",0,False,False
211,176.0,750.0,0.0,1,1,0,"[ True False False False  True False False False False  True False False
 False  True False False False  True False False False False False False
 False False False False False False False False False False False  True
  True False False False False False False False  True  True False False
 False False False False False False False False False False False False
 False False False False False False False]","[False False False False False False False False False False False False
 False  True False False False  True False False False  True False False
 False  True False False False False False False False False False False
 False False False False False False False False False False False False
 False False False False False False False False False False False False
 False False False False False False False]","[0.24, 0.76, 0.0]","[nan, 0.1320235552040756]",0,False,False
212,177.0,6000.0,0.0,-1,-1,0,"[False False False False False False False False False False False False
 False False False False False False False False False False False False
 False False False False False False False False False False False False
 False False False False False False False False False False False False
 False False False False False False False False False False False False
 False False False False False False False]","[False False False False False  True  True False False  True  True False
 False False  True False False False  True False False False  True False
 False False  True False False False False  True False False False False
  True  True False False False  True False False False False False False
 False False False False False False False False False False False False
 False False False False False False False]","[0.28, 0.72, 0.0]","[nan, 0.0]",0,False,False
213,178.0,6000.0,0.0,-1,1,0,"[ True False False False  True False False False False False False False
 False False False False False False False False False False False False
 False False False False False False False False False False False False
 False False False False False False False False False False False False
 False False False False False False False False False False False False
 False False False False False False False]","[False False False False False False False False False False False False
 False False False False False False False False False False False False
 False False False False False False False False False False False False
 False False False False False False False False False False False False
 False False False False False False False False False False False False
 False False False False False False False]","[0.28, 0.72, 0.0]","[nan, 0.0]",0,False,False
214,178.0,6000.0,0.0,-1,-1,0,"[False False False False False False False False False False False False
 False False False False False False False False False False False False
 False False False False False False False False False False False False
 False False False False False False False False False False False False
 False False False False False False False False False False False False
 False False False False False False False]","[False  True False False False  True  True False False False False False
 False False  True False False False  True False False False  True False
 False False False False False False False  True False False False False
  True  True False False False  True False False False False False False
 False False False False False False False False False False False False
 False False False False False False False]","[0.32, 0.68, 0.0]","[2.300694208940575, 0.1475824606895068]",0,False,False
215,179.0,3000.0,0.0,-1,-1,0,"[False False False False False False False False False False False False
 False False False False False False False False False False False False
 False False False False False False False False False False False False
 False False False False False False False False False False False False
 False False False False False False False False False False False False
 False False False False False False False]","[False False False False False False False False False False False False
 False False False False False  True  True False False  True  True False
 False False  True False False False  True False False False  True  True
 False False False  True False False False False  True False False False
 False  True False False False False False False False False False False
 False False False False False False False]","[0.32, 0.68, 0.0]","[2.300694208940575, 0.1475824606895068]",0,False,False
216,180.0,1500.0,0.0,1,0,0,"[False False False False False False False False False False False False
 False False False False False False False False False False False False
 False False False False False False False False False False False False
 False False False False False False False False False False False False
 False False False False False False False False False False False False
 False False False False False False False]","[False False False False False False False False False False False False
 False False False False False False False False False False False False
 False False False False False False False False False False False False
 False False False False False False False False False False False False
 False False False False False False False False False False False False
 False False False False False False False]","[0.32, 0.68, 0.0]","[2.300694208940575, 0.1475824606895068]",0,False,False
217,180.0,1500.0,0.0,1,-1,0,"[False False False False False False False False False False False False
 False False False False False False False False False False False False
 False False False False False False False False False False False False
 False False False False False False False False False False False False
 False False False False False False False False False False False False
 False False False False False False False]","[False  True False False False False False False False  True  True False
 False False False False False False False False False False False False
 False False False False False False False False False False False False
 False False False False False False False False False False False False
 False False False False False False False False False False False False
 False False False False False False False]","[0.32, 0.64, 0.04]","[2.300694208940575, 0.31462117104709175]",0,False,False
218,180.0,1500.0,0.0,1,0,0,"[False False False False False False False False False False False False
 False False False False False False False False False False False False
 False False False False False False False False False False False False
 False False False False False False False False False False False False
 False False False False False False False False False False False False
 False False False False False False False]","[False False False False False False False False False False False False
 False False False False False False False False False False False False
 False False False False False False False False False False False False
 False False False False False False False False False False False False
 False False False False False False False False False False False False
 False False False False False False False]","[0.28, 0.68, 0.04]","[2.135136527393951, 0.1475824606895068]",0,False,False
