,Trial index,Stim frequency,Stim AM rate,Category,Response,Task,Right licks,Left licks,Choice rate,dprimes,Timeline events,Flagged,Easy
0,0.0,3000.0,0.0,-1,1,0,"[False  True False False False False False False False False  True False
 False False False False False False False False False False False False
 False False False False False False False False False False False False
 False False False False False False False False False False False False
 False False False False False False False False False False False False
 False False False False False False False]","[False False False False False False False False False False False False
 False False False False False False False False False False False False
 False False False False False False False False False False False False
 False False False False False False False False False False False False
 False False False False False False False False False False False False
 False False False False False False False]","[0, 0, 0]","[0, 0]",0,False,False
1,0.0,3000.0,0.0,-1,1,0,"[False False False  True False False False False False False False False
  True False False False False False False False False False False False
 False False False False False False False False False False False False
 False False False False False False False False False False False False
 False False False False False False False False False False False False
 False False False False False False False]","[False False False False False False False False False False False False
 False False False False False False False False False False False False
 False False False False False False False False False False False False
 False False False False False False False False False False False False
 False False False False False False False False False False False False
 False False False False False False False]","[1.0, 0.0, 0.0]","[nan, 0.0]",0,False,False
2,0.0,3000.0,0.0,-1,1,0,"[False False False False False  True False False False  True False False
 False False False False False False False False False False False False
 False False False False False False False False False False False False
 False False False False False False False False False False False False
 False False False False False False False False False False False False
 False False False False False False False]","[False False False False False False False False False False False False
 False False False False False False False False False False False False
 False False False False False False False False False False False False
 False False False False False False False False False False False False
 False False False False False False False False False False False False
 False False False False False False False]","[1.0, 0.0, 0.0]","[nan, 0.0]",0,False,False
3,0.0,3000.0,0.0,-1,1,0,"[False False False False False False False False False False  True False
 False False False False False False False False False False False False
 False False False False  True False False False False False False False
 False False False False False False False False False False False False
 False False False False False False False False False False False False
 False False False False False False False]","[False False False False False False False False False False False False
 False False False False False False False False False False False False
 False False False False False False False False False False False False
 False False False False False False False False False False False False
 False False False False False False False False False False False False
 False False False False False False False]","[1.0, 0.0, 0.0]","[nan, 0.0]",0,False,False
4,0.0,3000.0,0.0,-1,1,0,"[False False False False False False False False False False False False
 False False False False False False  True False False False False False
 False False False  True False False False False False False False False
 False False False False False False False False False False False False
 False False False False False False False False False False False False
 False False False False False False False]","[False False False False False False False False False False False False
 False False False False False False False False False False False False
 False False False False False False False False False False False False
 False False False False False False False False False False False False
 False False False False False False False False False False False False
 False False False False False False False]","[1.0, 0.0, 0.0]","[nan, 0.0]",0,False,False
5,1.0,6000.0,0.0,-1,1,0,"[False False False False False False False False False False False False
 False False False False False False  True False False False False False
 False False False False  True False False False False False False False
 False False False False False False False False False False False False
 False False False False False False False False False False False False
 False False False False False False False]","[False False False False False False False False False False False False
 False False False False False False False False False False False False
 False False False False False False False False False False False False
 False False False False False False False False False False False False
 False False False False False False False False False False False False
 False False False False False False False]","[1.0, 0.0, 0.0]","[nan, 0.0]",0,False,False
6,1.0,6000.0,0.0,-1,1,0,"[False False False False False False False False  True False False False
 False  True False False False False False False False False False False
 False False False False False False False False False False False False
 False False False False False False False False False False False False
 False False False False False False False False False False False False
 False False False False False False False]","[False False False False False False False False False False False False
 False False False False False False False False False False False False
 False False False False False False False False False False False False
 False False False False False False False False False False False False
 False False False False False False False False False False False False
 False False False False False False False]","[1.0, 0.0, 0.0]","[nan, 0.0]",0,False,False
7,1.0,6000.0,0.0,-1,1,0,"[False False False False  True False False False False False False False
 False  True False False False False False False False False False False
 False False False False False False False False False False False False
 False False False False False False False False False False False False
 False False False False False False False False False False False False
 False False False False False False False]","[False False False False False False False False False False False False
 False False False False False False False False False False False False
 False False False False False False False False False False False False
 False False False False False False False False False False False False
 False False False False False False False False False False False False
 False False False False False False False]","[1.0, 0.0, 0.0]","[nan, 0.0]",0,False,False
8,2.0,1500.0,0.0,1,1,0,"[False False False False  True False False False False False False False
 False False  True False False False  True False False False False  True
 False False False False False False False False  True False False  True
 False False False False  True False False False False False False False
 False False False False False False False False False False False False
 False False False False False False False]","[False False False False False False False False False False False False
 False False False False False False False False False False False False
 False False False False False False False False False False False  True
 False False False False  True False False False False False  True False
 False False False False False False False False False False False False
 False False False False False False False]","[1.0, 0.0, 0.0]","[nan, 0.0]",0,False,False
9,3.0,6000.0,0.0,-1,1,0,"[False False False False False False  True False False False  True False
 False False False False False False False False False False False False
 False False False False False False False False False False False False
 False False False False False False False False False False False False
 False False False False False False False False False False False False
 False False False False False False False]","[False False False False False False False False False False False False
 False False False False False False False False False False False False
 False False False False False False False False False False False False
 False False False False False False False False False False False False
 False False False False False False False False False False False False
 False False False False False False False]","[1.0, 0.0, 0.0]","[-2.4412761378064363, 0.0]",0,False,False
10,3.0,6000.0,0.0,-1,1,0,"[False False False False  True False False False False  True False False
 False False False False False False False False False False False False
 False False False False False False False False False False False False
 False False False False False False False False False False False False
 False False False False False False False False False False False False
 False False False False False False False]","[False False False False False False False False False False False False
 False False False False False False False False False False False False
 False False False False False False False False False False False False
 False False False False False False False False False False False False
 False False False False False False False False False False False False
 False False False False False False False]","[1.0, 0.0, 0.0]","[-2.5630985764077403, 0.0]",0,False,False
11,3.0,6000.0,0.0,-1,1,0,"[False  True False False False False False False False False  True False
 False False False False False False False False False False False False
 False False False False False False False False False False False False
 False False False False False False False False False False False False
 False False False False False False False False False False False False
 False False False False False False False]","[False False False False False False False False False False False False
 False False False False False False False False False False False False
 False False False False False False False False False False False False
 False False False False False False False False False False False False
 False False False False False False False False False False False False
 False False False False False False False]","[1.0, 0.0, 0.0]","[-2.670350930522295, 0.0]",0,False,False
12,3.0,6000.0,0.0,-1,0,0,"[False False  True False False False False False False False False False
 False False False False False False False False False False False False
 False False False False False False False False False False False False
 False False False False False False False False False False False False
 False False False False False False False False False False False False
 False False False False False False False]","[False False False False False False False False False False False False
 False False False False False False False False False False False False
 False False False False False False False False False False False False
 False False False False False False False False False False False False
 False False False False False False False False False False False False
 False False False False False False False]","[1.0, 0.0, 0.0]","[-2.765983730024195, 0.0]",0,False,False
13,3.0,6000.0,0.0,-1,-1,0,"[False False False False False False False False False False False False
 False False False False False False False False False False False False
 False False False False False False False False False False False False
 False False False False False False False False False False False False
 False False False False False False False False False False False False
 False False False False False False False]","[ True False False False False  True False False  True False False False
 False  True False False False False False False False  True False False
 False  True False False False False False False False False False False
 False False False False  True  True False False False False  True False
 False False False False False False False False False False False False
 False False False False False False False]","[0.9230769230769231, 0.0, 0.07692307692307693]","[-2.765983730024195, 0.0]",0,False,False
14,4.0,750.0,0.0,1,1,0,"[False False False False False False False False False False False  True
 False False False  True False False False False  True  True False False
 False  True False False False  True False False False  True  True False
 False False False False False False False False  True False False False
 False False False False False False False False False False False False
 False False False  True False False False]","[False False False False False False False False False False False False
 False False False False False False False False False False False False
 False False False False False  True False False False  True  True False
 False False  True False False False False False False False False False
  True False False False False False False False False False False False
 False False False False False False False]","[0.8571428571428571, 0.07142857142857142, 0.07142857142857142]","[-2.765983730024195, nan]",0,False,False
15,5.0,3000.0,0.0,-1,1,0,"[False False False False False False False False False False False False
 False False False False False False False False False False False False
 False False False False False False False False False False False False
 False False False False False  True False False False  True False False
 False False False False False False False False False False False False
 False False False False False False False]","[False False False False False False False False False False False False
 False False False False False False False False False False False False
 False False False False False False False False False False False False
 False False False False False False False False False False False False
 False False False False False False False False False False False False
 False False False False False False False]","[0.8666666666666667, 0.06666666666666667, 0.06666666666666667]","[-2.0401502213058973, nan]",0,False,False
16,5.0,3000.0,0.0,-1,1,0,"[False  True False False False  True False False False False False False
 False False False False False False False False False False False False
 False False False False False False False False False False False False
 False False False False False False False False False False False False
 False False False False False False False False False False False False
 False False False False False False False]","[False False False False False False False False False False False False
 False False False False False False False False False False False False
 False False False False False False False False False False False False
 False False False False False False False False False False False False
 False False False False False False False False False False False False
 False False False False False False False]","[0.875, 0.0625, 0.0625]","[-2.135138788617833, nan]",0,False,False
17,5.0,3000.0,0.0,-1,1,0,"[False  True False False False False False False False False  True False
 False False False False False False False False False False False False
 False False False False False False False False False False False False
 False False False False False False False False False False False False
 False False False False False False False False False False False False
 False False False False False False False]","[False False False False False False False False False False False False
 False False False False False False False False False False False False
 False False False False False False False False False False False False
 False False False False False False False False False False False False
 False False False False False False False False False False False False
 False False False False False False False]","[0.8823529411764706, 0.058823529411764705, 0.058823529411764705]","[-2.2215409645048307, nan]",0,False,False
18,5.0,3000.0,0.0,-1,0,0,"[False False False False False False False False False False False False
 False False False False False False False False False False False False
 False False False False False False False False False False False False
 False False False False False False False False False False False False
 False False False False False False False False False False False False
 False False False False False False False]","[False False False False False False False False False False False False
 False False False False False False False False False False False False
 False False False False False False False False False False False False
 False False False False False False False False False False False False
 False False False False False False False False False False False False
 False False False False False False False]","[0.8888888888888888, 0.05555555555555555, 0.05555555555555555]","[-2.3006964861980523, nan]",0,False,False
19,5.0,3000.0,0.0,-1,0,0,"[False False False False False False False False False False False False
 False False False False False False False False False False False False
 False False False False False False False False False False False False
 False False False False False False False False False False False False
 False False False False False False False False False False False False
 False False False False False False False]","[False False False False False False False False False False False False
 False False False False False False False False False False False False
 False False False False False False False False False False False False
 False False False False False False False False False False False False
 False False False False False False False False False False False False
 False False False False False False False]","[0.8421052631578947, 0.05263157894736842, 0.10526315789473684]","[-2.3006964861980523, nan]",0,False,False
20,5.0,3000.0,0.0,-1,-1,0,"[False False False False False False False False False False False False
 False False False False False False False False False False False False
 False False False False False False False False False False False False
 False False False False False False False False False False False False
 False False False False False False False False False False False False
 False False False False False False False]","[False False False  True False False False False  True False False False
 False  True False False False  True False False False False  True False
 False False  True False False False  True False False False  True False
 False False False False  True False False False False False False False
  True False False False False False False False False False False False
 False False False False False False False]","[0.8, 0.05, 0.15]","[-2.3006964861980523, nan]",0,False,False
21,6.0,1500.0,0.0,1,1,0,"[False False False False False False False False False False False False
 False False False False False False False  True False False False False
 False False False False  True False False False False  True False False
 False  True  True False False False  True False False False False False
 False False False False False False False False False False False False
 False False False False False False False]","[False False False False False False False False False False False False
 False False False False False False False False False False False False
 False False False False False False False False False False False False
 False False False False False False  True False False False  True False
 False False False False False False False False False False False False
 False False False False False False False]","[0.7619047619047619, 0.09523809523809523, 0.14285714285714285]","[-2.3006964861980523, nan]",0,False,False
22,7.0,1500.0,0.0,1,1,0,"[ True False False False False  True False False False False  True False
 False False False  True False False False  True False False False False
 False False False False  True False False False False False False False
 False False  True False False False False False False False False False
 False False False False False False False False False False False False
 False False False False False False False]","[False False False False False False False False False False False False
 False False False False False False False  True False False False  True
 False False False False False False False False  True False False False
 False False False False False False False False False False False False
 False False False False False False False False False False False False
 False False False False False False False]","[0.7727272727272727, 0.09090909090909091, 0.13636363636363635]","[-1.8577975158376967, nan]",0,False,False
23,8.0,750.0,0.0,1,1,0,"[False False False False False False False  True False False False False
  True False False False False  True False False False  True  True False
 False False False False False False False  True False False  True  True
 False False False  True False False False False False False False False
 False  True  True False False False False False False False False False
 False False False False False False False]","[False False False False False False False False False False False False
 False False False False False False False False False False False False
 False False  True False False False False False False False  True False
 False False False  True False False False False False False False False
 False False False False False False False False False False False False
 False False False False False False False]","[0.782608695652174, 0.08695652173913043, 0.13043478260869565]","[-1.5294183119860194, nan]",0,False,False
24,9.0,750.0,0.0,1,1,0,"[False False False False False  True False False False False  True False
 False False  True  True False False False  True False False False False
 False False False False  True False False False False False False False
 False False False False False False False  True False False False False
 False False False False False False False False False False False False
 False False False False False False False]","[False False False False False False False False False False False False
 False False False False False False False False False False False  True
 False False False False False False False False  True False False False
 False False False False False False False False False False False False
 False False False False False False False False False False False False
 False False False False False False False]","[0.7916666666666666, 0.08333333333333333, 0.125]","[-1.2672792382708389, nan]",0,False,False
25,10.0,3000.0,0.0,-1,-1,0,"[False False False False False False False False False False False False
 False False False False False False False False False False False False
 False False False False False False False False False False False False
 False False False False False False False False False False False False
 False False False False False False False False False False False False
 False False False False False False False]","[False False False False False False False False False False False False
 False False False False  True False False  True  True False False False
 False False False False False  True False False False False  True False
 False False  True False False False False False  True False False False
  True False False False False False  True False False False False False
 False False False False False False False]","[0.8, 0.08, 0.12]","[-1.048800450608045, nan]",0,False,False
26,11.0,6000.0,0.0,-1,1,0,"[False False False False False False False False False False False  True
  True False False False False False False False False False False False
 False False False False False False False False False False False False
 False False False False False False False False False False False False
 False False False False False False False False False False False False
 False False False False False False False]","[False False False False False False False False False False False False
 False False False False False False False False False False False False
 False False False False False False False False False False False False
 False False False False False False False False False False False False
 False False False False False False False False False False False False
 False False False False False False False]","[0.76, 0.12, 0.12]","[-0.9590107617555952, nan]",0,False,False
27,11.0,6000.0,0.0,-1,0,0,"[False False False False False False False False False False False False
 False False False False False False False False False False False False
 False False False False False False False False False False False False
 False False False False False False False False False False False False
 False False False False False False False False False False False False
 False False False False False False False]","[False False False False False False False False False False False False
 False False False False False False False False False False False False
 False False False False False False False False False False False False
 False False False False False False False False False False False False
 False False False False False False False False False False False False
 False False False False False False False]","[0.76, 0.12, 0.12]","[-0.9590107617555952, nan]",0,False,False
28,11.0,6000.0,0.0,-1,-1,0,"[False False False False False False False False False False False False
 False False False False False False False False False False False False
 False False False False False False False False False False False False
 False False False False False False False False False False False False
 False False False False False False False False False False False False
 False False False False False False False]","[False False False False False False  True False False False False False
 False False  True  True False False False False False False False False
  True False False False  True False False False False False False False
 False  True False False False  True False False False False  True False
 False False False False  True False False  True  True False False False
 False False False False False False False]","[0.72, 0.12, 0.16]","[-0.861454089588674, nan]",0,False,False
29,12.0,3000.0,0.0,-1,-1,0,"[False False False False False False False False False False False False
 False False False False False False False False False False False False
 False False False False False False False False False False False False
 False False False False False False False False False False False False
 False False False False False False False False False False False False
 False False False False False False False]","[False False False False False False False False False False False False
 False False False False False False False False  True False False False
  True False False False False  True False False False False False False
 False False  True False False False  True False False False  True False
 False False False  True False False False False  True  True False False
 False False False False False False  True]","[0.68, 0.16, 0.16]","[-0.7547834222332187, nan]",0,False,False
30,13.0,6000.0,0.0,-1,-1,0,"[False False False False False False False False False False False False
 False False False False False False False False False False False False
 False False False False False False False False False False False False
 False False False False False False False False False False False False
 False False False False False False False False False False False False
 False False False False False False False]","[False False False False False False False False False False False False
 False  True False False False False  True False False False False False
 False False False  True False False False False False False False False
 False False False False False  True False False False False False  True
 False False False  True False False False False False False False False
 False False False False False False False]","[0.64, 0.2, 0.16]","[-0.6372783160801316, nan]",0,False,False
31,14.0,1500.0,0.0,1,-1,0,"[False False False False False False False False False False False False
 False False False False False False False False False False False False
 False False False False False False False False False False False False
 False False False False False False False False False False False False
 False False False False False False False False False False False False
 False False False False False False False]","[False False False False False False False False False False False False
 False False False False False False False  True False False False  True
 False False False False False False False False False False False False
 False False False False False False False False False False False False
 False False False False False False False False False False False False
 False False False False False False False]","[0.6, 0.24, 0.16]","[-0.5066938613135554, nan]",0,False,False
32,14.0,1500.0,0.0,1,0,0,"[False False False False False False False False False False False False
 False False False False False False False False False False False False
 False False False False False False False False False False False False
 False False False False False False False False False False False False
 False False False False False False False False False False False False
 False False False False False False False]","[False False False False False False False False False False False False
 False False False False False False False False False False False False
 False False False False False False False False False False False False
 False False False False False False False False False False False False
 False False False False False False False False False False False False
 False False False False False False False]","[0.56, 0.28, 0.16]","[-0.3600244797379033, 2.135136527393951]",0,False,False
33,14.0,1500.0,0.0,1,-1,0,"[False False False False False False False False False False False False
 False False False False False False False False False False False False
 False False False False False False False False False False False False
 False False False False False False False False False False False False
 False False False False False False False False False False False False
 False False False False False False False]","[False False False  True False False False False  True False False False
 False False False False False False False False False False False False
 False False False False False False False False False False False False
 False False False False False False False False False False False False
 False False False False False False False False False False False False
 False False False False False False False]","[0.52, 0.28, 0.2]","[-0.1931170816217559, 2.135136527393951]",0,False,False
34,14.0,1500.0,0.0,1,-1,0,"[False False False False False False False False False False False False
 False False False False False False False False False False False False
 False False False False False False False False False False False False
 False False False False False False False False False False False False
 False False False False False False False False False False False False
 False False False False False False False]","[ True False False  True  True False False False False False False False
 False False False False False False False False False False False False
 False False False False False False False False False False False False
 False False False False False False False False False False False False
 False False False False False False False False False False False False
 False False False False False False False]","[0.48, 0.32, 0.2]","[-0.42085643268640105, 1.348977534191646]",0,False,False
35,14.0,1500.0,0.0,1,0,0,"[False False False False False False False False False False False False
 False False False False False False False False False False False False
 False False False False False False False False False False False False
 False False False False False False False False False False False False
 False False False False False False False False False False False False
 False False False False False False False]","[False False False False False False False False False False False False
 False False False False False False False False False False False False
 False False False False False False False False False False False False
 False False False False False False False False False False False False
 False False False False False False False False False False False False
 False False False False False False False]","[0.44, 0.36, 0.2]","[-0.2283703801950016, 0.8614535802617546]",0,False,False
36,14.0,1500.0,0.0,1,-1,0,"[False False False False False False False False False False False False
 False False False False False False False False False False False False
 False False False False False False False False False False False False
 False False False False False False False False False False False False
 False False False False False False False False False False False False
 False False False False False False False]","[False  True False False False  True  True False False False False False
 False False False False False False False False False False False False
 False False False False False False False False False False False False
 False False False False False False False False False False False False
 False False False False False False False False False False False False
 False False False False False False False]","[0.4, 0.36, 0.24]","[0.0, 0.8614535802617546]",0,False,False
37,15.0,750.0,0.0,1,1,0,"[False False False False False False False False False False False False
 False False False False False False False False False False False False
 False  True False False False False False False False False False False
 False False False False False False False False False False False False
  True False False False False  True  True False False  True  True False
 False False False False False False  True]","[False False False False False False False False False False False False
 False False False False False False False False False False False False
 False False False False False False False False False False False False
 False False False False False False False False False False False False
 False False False False False False False False False False False False
 False  True  True False False False False]","[0.36, 0.4, 0.24]","[0.2794202853486787, 0.5066936887499858]",0,False,False
38,16.0,3000.0,0.0,-1,1,0,"[False False  True False False False  True False False False False False
 False False False False False False False False False False False False
 False False False False False False False False False False False False
 False False False False False False False False False False False False
 False False False False False False False False False False False False
 False False False False False False False]","[False False False False False False False False False False False False
 False False False False False False False False False False False False
 False False False False False False False False False False False False
 False False False False False False False False False False False False
 False False False False False False False False False False False False
 False False False False False False False]","[0.4, 0.4, 0.2]","[0.5066936887499858, 0.5066936887499858]",0,False,False
39,17.0,750.0,0.0,1,1,0,"[False False False  True False False False  True False False False False
  True  True False False  True  True False False False  True False False
 False False False False False False False False False False False False
 False False False False False False False False False False False False
 False False False  True False False False False False False False False
 False False False False False False False]","[False False False False False False False False False False False False
 False False False False False False False False False  True False False
 False  True False False False False False False False False False False
  True False False False False False False False False False False False
 False False False False False False False False False False False False
 False False False False False False False]","[0.44, 0.36, 0.2]","[0.2283703801950016, 0.2794202853486787]",0,False,False
40,18.0,750.0,0.0,1,1,0,"[False False False False False False False False  True False False False
 False False False False False  True False False False  True  True False
 False False  True False False False False False False False False  True
 False False False False False False False False False False False False
 False False False False False False False False False False False False
 False False False False False False False]","[False False False False False False False False False False False False
 False False False False False False False False False False False False
 False False False False False False  True False False False False False
 False False False  True False False False False False False False False
 False False False False False False False False False False False False
 False False False False False False False]","[0.44, 0.36, 0.2]","[0.2283703801950016, 0.2794202853486787]",0,False,False
41,19.0,6000.0,0.0,-1,-1,0,"[False False False False False False False False False False False False
 False False False False False False False False False False False False
 False False False False False False False False False False False False
 False False False False False False False False False False False False
 False False False False False False False False False False False False
 False False False False False False False]","[False False False False False False False False False False False False
 False False  True False False False  True False False False False  True
 False False False  True False False False False False False False False
  True False False False  True False False False  True False False False
 False False  True False False False False  True False False False False
 False False False False False False False]","[0.44, 0.36, 0.2]","[0.6975107308138484, 0.2794202853486787]",0,False,False
42,20.0,750.0,0.0,1,-1,0,"[False False False False False False False False False False False False
 False False False False False False False False False False False False
 False False False False False False False False False False False False
 False False False False False False False False False False False False
 False False False False False False False False False False False False
 False False False False False False False]","[False False False False False False  True False False False  True False
 False False False False False False False False False False False False
 False False False False False False False False False False False False
 False False False False False False False False False False False False
 False False False False False False False False False False False False
 False False False False False False False]","[0.4, 0.4, 0.2]","[1.04879987536743, 0.5066936887499858]",0,False,False
43,21.0,6000.0,0.0,-1,1,0,"[False False False False False False False False False False False False
 False False False False False False False False False False False False
 False False False False False False  True False False False False False
 False False False False False False False False  True False False False
 False False False False False False False False False False False False
 False False False False False False False]","[False False False False False False False False False False False False
 False False False False False False False False False False False False
 False False False False False False False False False False False False
 False False False False False False False False False False False False
 False False False False False False False False False False False False
 False False False False False False False]","[0.36, 0.44, 0.2]","[1.5294172755398876, 0.2283703801950016]",0,False,False
44,21.0,6000.0,0.0,-1,-1,0,"[False False False False False False False False False False False False
 False False False False False False False False False False False False
 False False False False False False False False False False False False
 False False False False False False False False False False False False
 False False False False False False False False False False False False
 False False False False False False False]","[False False False False False False False False False False False False
 False False False False False False  True False False False False False
 False False False  True False False False False False False False False
 False False False False False False False False False False  True False
 False False  True False False False  True False False False False  True
  True False False False False  True False]","[0.4, 0.44, 0.16]","[1.04879987536743, 0.2283703801950016]",0,False,False
45,22.0,1500.0,0.0,1,1,0,"[False False False False False False False False False False False False
 False False False  True False False False  True False False False False
  True False False False False False False False False  True False False
 False False False False False False False False False False False False
 False False False False False  True False False False False False False
 False False False False False False False]","[False False False False False False False False False False False False
 False False False False False False False False False False False False
 False False False False  True False False False False False False False
 False  True False False False False False False False False False False
 False False False False False False False False False False False False
 False False False False False False False]","[0.4, 0.48, 0.12]","[1.04879987536743, 0.42085643268640105]",0,False,False
46,23.0,6000.0,0.0,-1,1,0,"[False False False False False False False False False False  True False
 False False False  True False False False False False False False False
 False False False False False False False False False False False False
 False False False False False False False False False False False False
 False False False False False False False False False False False False
 False False False False False False False]","[False False False False False False  True False False False False False
 False False False False False False False False False False False False
 False False False False False False False False False False False False
 False False False False False False False False False False False False
 False False False False False False False False False False False False
 False False False False False False False]","[0.44, 0.44, 0.12]","[1.2091694501633, 0.2283703801950016]",0,False,False
47,24.0,3000.0,0.0,-1,-1,0,"[False False False False False False False False False False False False
 False False False False False False False False False False False False
 False False False False False False False False False False False False
 False False False False False False False False False False False False
 False False False False False False False False False False False False
 False False False False False False False]","[False False  True False False False  True False False False  True False
 False False False  True False False False False  True False False False
  True False False False False  True False False False False  True  True
 False False False  True False False False False False False False False
 False False False False False False False False False False False False
 False False False False False False False]","[0.44, 0.44, 0.12]","[0.6975107308138484, 0.2283703801950016]",0,False,False
48,25.0,1500.0,0.0,1,-1,0,"[False False False False False False False False False False False False
 False False False False False False False False False False False False
 False False False False False False False False False False False False
 False False False False False False False False False False False False
 False False False False False False False False False False False False
 False False False False False False False]","[False False False False False False False False False False False False
 False False False False False False False  True False False False  True
 False False False False False False False False False False False False
 False False False False False False False False False False False False
 False False False False False False False False False False False False
 False False False False False False False]","[0.4, 0.48, 0.12]","[0.5066936887499858, 0.42085643268640105]",0,False,False
49,26.0,6000.0,0.0,-1,-1,0,"[False False False False False False False False False False False False
 False False False False False False False False False False False False
 False False False False False False False False False False False False
 False False False False False False False False False False False False
 False False False False False False False False False False False False
 False False False False False False False]","[False False False  True False False False  True False False False False
  True False False False False False False False False  True False False
 False  True False False False False False False False False  True False
 False False False False  True False False False  True False False False
 False False False False False False False False False False False False
 False False False False False False False]","[0.36, 0.52, 0.12]","[0.2794202853486787, 0.1931170816217559]",0,False,False
50,27.0,750.0,0.0,1,1,0,"[ True False False False False  True False False False False False False
 False False False  True False False False  True False False False False
 False False False False  True False False False False False False False
 False False False False False False False False False False False False
 False False False False False False  True False False False False False
 False False False False False False False]","[False False False False False False False False False False False False
 False False False False False False False  True False False False  True
 False False False False  True False False False  True False False False
 False False False False False False False False False False False False
 False False False False False False False False False False False False
 False False False False False False False]","[0.32, 0.56, 0.12]","[0.0, 0.3600244797379033]",0,False,False
51,28.0,1500.0,0.0,1,-1,0,"[False False False False False False False False False False False False
 False False False False False False False False False False False False
 False False False False False False False False False False False False
 False False False False False False False False False False False False
 False False False False False False False False False False False False
 False False False False False False False]","[False False False False False False  True False False False False False
 False False False False  True False False False False False False False
 False False False False False False False False False False False False
 False False False False False False False False False False False False
 False False False False False False False False False False False False
 False False False False False False False]","[0.36, 0.52, 0.12]","[0.2794202853486787, 0.1931170816217559]",0,False,False
52,29.0,3000.0,0.0,-1,1,0,"[False False False False  True False False False False  True False False
 False False False False False False False False False False False False
 False False False False False False False False False False False False
 False False False False False False False False False False False False
 False False False False False False False False False False False False
 False False False False False False False]","[False False False False False False False False False False False False
 False False False False False False False False False False False False
 False False False False False False False False False False False False
 False False False False False False False False False False False False
 False False False False False False False False False False False False
 False False False False False False False]","[0.32, 0.56, 0.12]","[0.6372779040108865, 0.0]",0,False,False
53,30.0,1500.0,0.0,1,-1,0,"[False False False False False False False False False False False False
 False False False False False False False False False False False False
 False False False False False False False False False False False False
 False False False False False False False False False False False False
 False False False False False False False False False False False False
 False False False False False False False]","[False False False False False False False False False False  True False
 False False  True  True False False False False False False False False
 False False False False False False False False False False False False
 False False False False False False False False False False False False
 False False False False False False False False False False False False
 False False False False False False False]","[0.36, 0.56, 0.08]","[0.2794202853486787, 0.0]",0,False,False
54,31.0,3000.0,0.0,-1,-1,0,"[False False False False False False False False False False False False
 False False False False False False False False False False False False
 False False False False False False False False False False False False
 False False False False False False False False False False False False
 False False False False False False False False False False False False
 False False False False False False False]","[False False False False False False False False False  True False False
 False  True False False False False False  True False False False  True
 False False False False False False False  True False False False False
  True False False False  True False False False  True False False False
 False  True False False False False False  True False False False False
 False False False False  True False False]","[0.36, 0.56, 0.08]","[0.2794202853486787, -0.3600244797379033]",0,False,False
55,32.0,6000.0,0.0,-1,1,0,"[False False False False False False False False False False False False
 False False False False False False False False False False False False
 False False False False False False False False False False False False
 False False  True False False False False False False False False False
 False False False False False False False False False False False False
 False False False False False False  True]","[False False False False False False False False False False False False
 False False False False False False False False False False False False
 False False False False False False False False False False False False
 False False False False False False False False False False False False
 False False False False False False False False False False False False
 False False False False False False False]","[0.36, 0.56, 0.08]","[0.2794202853486787, -0.3600244797379033]",0,False,False
56,32.0,6000.0,0.0,-1,-1,0,"[False False False False False False False False False False False False
 False False False False False False False False False False False False
 False False False False False False False False False False False False
 False False False False False False False False False False False False
 False False False False False False False False False False False False
 False False False False False False False]","[False False False False False False False False False False False False
 False  True False False False False  True False False False False False
 False False False False False False False  True False False False False
 False False False False False False False False False False False False
  True False False False False  True False False False  True False False
 False False False False False False False]","[0.4, 0.52, 0.08]","[0.0, -0.5867619998972957]",0,False,False
57,33.0,750.0,0.0,1,0,0,"[False False False False  True False False False False False False False
 False False False False False False False False False False False False
 False False False False False False False False False False False False
 False False False False False False False False False False False False
 False False False False False False False False False False False False
 False False False False False False False]","[False False False False False False False False False False False False
 False False False False False False False False False False False False
 False False False False False False False False False False False False
 False False False False False False False False False False False False
 False False False False False False False False False False False False
 False False False False False False False]","[0.4, 0.52, 0.08]","[0.0, -0.1931170816217559]",0,False,False
58,34.0,1500.0,0.0,1,0,0,"[False False False False False False False False False False False False
 False False False False False False False False False False False False
 False False False False False False False False False False False False
 False False False False False False False False False False False False
 False False False False False False False False False False False False
 False False False False False False False]","[False False False False False False False False False False False False
 False False False False False False False False False False False False
 False False False False False False False False False False False False
 False False False False False False False False False False False False
 False False False False False False False False False False False False
 False False False False False False False]","[0.4, 0.52, 0.08]","[0.0, -0.1931170816217559]",0,False,False
59,34.0,1500.0,0.0,1,-1,0,"[False False False False False False False False False False False False
 False False False False False False False False False False False False
 False False False False False False False False False False False False
 False False False False False False False False False False False False
 False False False False False False False False False False False False
 False False False False False False False]","[False False False False False False False False False  True False False
 False  True False False False False False False False False False False
 False False False False False False False False False False False False
 False False False False False False False False False False False False
 False False False False False False False False False False False False
 False False False False False False False]","[0.4, 0.48, 0.12]","[0.0, 0.0]",0,False,False
60,35.0,750.0,0.0,1,1,0,"[False False False False False False False False False  True False False
 False False False False False False False False False False False False
 False False False False False False False False False False False False
  True False False False False False  True False False False  True False
 False False False False False False  True  True False False False False
 False False False  True False False False]","[False False False False False False False False False False False False
 False False False False False False False False False False False False
 False False False False False False False False False False False False
 False False False False False False False False False False False False
 False False  True False False False  True False False False  True  True
 False False False False False False False]","[0.4, 0.48, 0.12]","[0.0, 0.0]",0,False,False
61,36.0,3000.0,0.0,-1,1,0,"[False False False False  True False False False  True False False False
 False False False False False False False False False False False False
 False False False False False False False False False False False False
 False False False False False False False False False False False False
 False False False False False False False False False False False False
 False False False False False False False]","[False False False False False False False False False False False False
 False False False False False False False False False False False False
 False False False False False False False False False False False False
 False False False False False False False False False False False False
 False False False False False False False False False False False False
 False False False False False False False]","[0.44, 0.48, 0.08]","[0.2283703801950016, 0.0]",0,False,False
62,36.0,3000.0,0.0,-1,1,0,"[False False  True  True False False False False False False False False
 False False False False False False False False False False False False
 False False False False False False False False False False False False
 False False False False False False False False False False False False
 False False False False False False False False False False False False
 False False False False False False False]","[False False False False False False False False False False False False
 False False False False False False False False False False False False
 False False False False False False False False False False False False
 False False False False False False False False False False False False
 False False False False False False False False False False False False
 False False False False False False False]","[0.48, 0.44, 0.08]","[0.0, 0.2283703801950016]",0,False,False
63,37.0,750.0,0.0,1,1,0,"[False False False False  True False False False  True False False False
 False False False False False False  True False False False False False
 False False  True  True False False False False False False False False
 False False False False False False False False False False False False
 False False False False False False False False False False False False
 False False False False False False False]","[False False False False False False False False False False False False
 False False False False False False  True False False False  True False
 False False False False False False  True  True False False False False
 False False False False False False False False False False False False
 False False False False False False False False False False False False
 False False False False False False False]","[0.48, 0.44, 0.08]","[-0.42085643268640105, 0.2283703801950016]",0,False,False
64,38.0,1500.0,0.0,1,1,0,"[False False False False False False False False False False False False
 False False False False False  True False False False  True False False
 False False  True False False False  True  True False False False False
 False False False  True False False False False False False False False
 False  True  True False False False False False False False False False
 False False False False  True False False]","[False False False False False False False False False False False False
 False False False False False False False False False False False False
 False False False False False False False False False False False  True
 False False False False False False False  True False False False False
 False False False False False False False False False False False False
 False False False False False False False]","[0.48, 0.44, 0.08]","[0.0, 0.2283703801950016]",0,False,False
65,39.0,1500.0,0.0,1,1,0,"[False False  True False False False  True False False False False  True
 False False False  True False False False False False False False False
  True False False False False False False False False False  True  True
 False False False False False False False False False False False False
 False  True False False False False False False False False False False
 False False False False False False False]","[False False False False False False False False False False False False
 False False False False False False False  True  True False False False
 False False False False False False False False False False False False
 False False False False False False False False False False False False
 False False False False False False False False False False False False
 False False False False False False False]","[0.48, 0.44, 0.08]","[0.0, 0.2283703801950016]",0,False,False
66,40.0,3000.0,0.0,-1,1,0,"[False False False False  True False False False False False False False
  True False False False False False False False False False False False
 False False False False False False False False False False False False
 False False False False False False False False False False False False
 False False False False False False False False False False False False
 False False False False False False False]","[False False False False False False False False False False False False
 False False False False False False False False False False False False
 False False False False False False False False False False False False
 False False False False False False False False False False False False
 False False False False False False False False False False False False
 False False False False False False False]","[0.48, 0.44, 0.08]","[0.0, 0.2283703801950016]",0,False,False
67,40.0,3000.0,0.0,-1,1,0,"[False  True False False False  True False False False False False False
 False False False False False False False False False False False False
 False False False False False False False False False False False False
 False False False False False False False False False False False False
 False False False False False False False False False False False False
 False False False False False False False]","[False False False False False False False False False False False False
 False False False False False False False False False False False False
 False False False False False False False False False False False False
 False False False False False False False False False False False False
 False False False False False False False False False False False False
 False False False False False False False]","[0.52, 0.4, 0.08]","[-0.1931170816217559, 0.0]",0,False,False
68,40.0,3000.0,0.0,-1,-1,0,"[False False False False False False False False False False False False
 False False False False False False False False False False False False
 False False False False False False False False False False False False
 False False False False False False False False False False False False
 False False False False False False False False False False False False
 False False False False False False False]","[False False False False False False False False False False False False
 False False False False  True  True False False False  True False False
 False  True False False False False  True False False False  True False
 False False  True False False False False False False False False False
  True  True False False False False False False False False False False
 False False False False False False False]","[0.56, 0.36, 0.08]","[-0.3600244797379033, 0.2794202853486787]",0,False,False
69,41.0,3000.0,0.0,-1,-1,0,"[False False False False False False False False False False False False
 False False False False False False False False False False False False
 False False False False False False False False False False False False
 False False False False False False False False False False False False
 False False False False False False False False False False False False
 False False False False False False False]","[False False False False False False False False False False False False
 False False False False False False False False False False False  True
  True False False False  True False False False False False False False
 False  True False False False  True False False False False  True False
 False False  True False False False False False  True False False False
 False False False False False False False]","[0.52, 0.4, 0.08]","[-0.1931170816217559, 0.5066936887499858]",0,False,False
70,42.0,3000.0,0.0,-1,-1,0,"[False False False False False False False False False False False False
 False False False False False False False False False False False False
 False False False False False False False False False False False False
 False False False False False False False False False False False False
 False False False False False False False False False False False False
 False False False False False False False]","[False False False False False False False False False False False False
 False False False False False  True False False False False  True False
 False False False  True False False False  True False False False False
 False False False False False False False False False False False False
 False  True False False False False False  True False False False False
 False False False False False False False]","[0.52, 0.4, 0.08]","[-0.1931170816217559, 0.5066936887499858]",0,False,False
71,43.0,750.0,0.0,1,1,0,"[False False False False False False False False False False False False
  True False False False False False False False False  True False False
 False False  True False False False  True  True False False False  True
 False False False False False False False False  True False False False
 False False False False False False False False False False  True False
 False False False False False False False]","[False False False False False False False False False False False False
 False False False False False False False False False False False False
 False False False False False False False False False False False  True
 False False False  True False False False False False False False False
  True False False False False False False False False False False False
 False False False False False False False]","[0.48, 0.44, 0.08]","[-0.42085643268640105, 0.6975107308138484]",0,False,False
72,44.0,1500.0,0.0,1,1,0,"[False False False False False False False False  True False False False
  True False False False False False False False False False False False
 False False False False False False False  True False False False False
 False False False False False False False False False  True  True False
 False False False False False False False False False False False False
 False False False False False False False]","[False False False False False False False False False False False False
 False False False False False False False False False False False False
 False False  True False False False False False False False  True  True
 False False False False False False False False False False False False
 False False False False False False False False False False False False
 False False False False False False False]","[0.48, 0.44, 0.08]","[0.0, 0.6975107308138484]",0,False,False
73,45.0,6000.0,0.0,-1,-1,0,"[False False False False False False False False False False False False
 False False False False False False False False False False False False
 False False False False False False False False False False False False
 False False False False False False False False False False False False
 False False False False False False False False False False False False
 False False False False False False False]","[False False False False False False False False False False False  True
 False False False  True False False False False False False False False
 False  True False False False  True False False False  True False False
 False False  True False False False  True False False False False False
 False  True False False False False False False False False False False
 False False False False False False False]","[0.52, 0.4, 0.08]","[0.1931170816217559, 0.5066936887499858]",0,False,False
74,46.0,6000.0,0.0,-1,-1,0,"[False False False False False False False False False False False False
 False False False False False False False False False False False False
 False False False False False False False False False False False False
 False False False False False False False False False False False False
 False False False False False False False False False False False False
 False False False False False False False]","[False False False False False False False False False False  True False
 False False False  True False False False False  True False False False
 False  True False False False  True False False False False  True False
 False False  True False False False  True False False False False False
 False  True False False False False False False False False False False
 False False False False False False False]","[0.52, 0.4, 0.08]","[0.1931170816217559, 1.04879987536743]",0,False,False
75,47.0,6000.0,0.0,-1,1,0,"[False False False False False False False False False False False False
 False False False False False False False False False False False False
 False False False False False False False False False False False False
 False False False False False False  True  True False False False False
 False False False False False False False False False False False False
 False False False False False False False]","[False False False False False False False False False False False False
 False False False False False False False False False False False False
 False False False False False False False False False False False False
 False False False False False False False False False False False False
 False False False False False False False False False False False False
 False False False False False False False]","[0.52, 0.4, 0.08]","[0.1931170816217559, 1.04879987536743]",0,False,False
76,48.0,1500.0,0.0,1,1,0,"[False False False False False False False False  True False False False
  True False False False False  True False False False  True False False
 False False False False False False  True False False False False False
 False False  True False False False False False False False False False
 False False False False False False False False False False False False
 False False False False False False False]","[False False False False False False False False False False False False
 False False False False False False False False False False False False
 False  True False False False False False False False False  True False
 False False False False False False False False False False False False
 False False False False False False False False False False False False
 False False False False False False False]","[0.52, 0.4, 0.08]","[-0.1931170816217559, 1.04879987536743]",0,False,False
77,49.0,1500.0,0.0,1,1,0,"[False False False False False False False False False False  True False
 False False False  True False False False False  True False False False
  True False False False False False False False False  True False False
 False False False False False False False False False False False False
  True False False False False False False False False  True False False
 False  True False False False False False]","[False False False False False False False False False False False False
 False False False False False False False False False False False False
 False False False False False False False False False False False False
 False  True False False False False False False False False False False
 False False False False False False False False False False False False
 False False False False False False False]","[0.56, 0.36, 0.08]","[0.0, 1.5294172755398876]",0,False,False
78,50.0,750.0,0.0,1,1,0,"[ True False False False False False False False False  True False False
 False  True  True False False False  True False False False False False
 False False False  True False False False  True False False False False
 False False False False False  True  True False False False False False
 False False False False False False False False False False False False
 False False False False False False False]","[False False False False False False False False False False False False
 False False False False False False False False False False  True False
 False False False False False False False  True False False False  True
 False False False False False False False False False False False False
 False False False False False False False False False False False False
 False False False False False False False]","[0.56, 0.36, 0.08]","[0.3600244797379033, 1.5294172755398876]",0,False,False
79,51.0,6000.0,0.0,-1,-1,0,"[False False False False False False False False False False False False
 False False False False False False False False False False False False
 False False False False False False False False False False False False
 False False False False False False False False False False False False
 False False False False False False False False False False False False
 False False False False False False False]","[False False False False False False False False False False False False
 False False False False  True  True False False False False False False
 False False  True False False False False  True False False False  True
 False False False False  True False False False  True False False False
 False False False  True False False False False False False False False
 False False False False False False False]","[0.6, 0.32, 0.08]","[0.5066938613135554, 2.300694208940575]",0,False,False
80,52.0,1500.0,0.0,1,-1,0,"[False False False False False False False False False False False False
 False False False False False False False False False False False False
 False False False False False False False False False False False False
 False False False False False False False False False False False False
 False False False False False False False False False False False False
 False False False False False False False]","[False False False False False False False False False False False False
 False False False False False False False False  True False False False
 False False False False False  True  True False False False False False
 False False False False False False False False False False False False
 False False False False False False False False False False False False
 False False False False False False False]","[0.6, 0.32, 0.08]","[0.5066938613135554, 2.300694208940575]",0,False,False
81,53.0,3000.0,0.0,-1,1,0,"[False False False False False False False False False False False False
 False False False False False False False False False False  True False
 False False False  True False False False False False False False False
 False False False False False False False False False False False False
 False False False False False False False False False False False False
 False False False False False False False]","[False False False False False False False False False False False False
 False False False False False False False False False False False False
 False False False False False False False False False False False False
 False False False False False False False False False False False False
 False False False False False False False False False False False False
 False False False False False False False]","[0.56, 0.36, 0.08]","[0.7322121668315051, 1.5294172755398876]",0,False,False
82,53.0,3000.0,0.0,-1,-1,0,"[False False False False False False False False False False False False
 False False False False False False False False False False False False
 False False False False False False False False False False False False
 False False False False False False False False False False False False
 False False False False False False False False False False False False
 False False False False False False False]","[False False False False  True False False False False False False False
 False False  True False False False False  True False False False False
 False False False False  True False False False  True False False False
  True False False False False False False False False False False  True
 False False False False False False False False False False False False
 False False False False False False False]","[0.6, 0.32, 0.08]","[0.5066938613135554, 1.348977534191646]",0,False,False
83,54.0,6000.0,0.0,-1,-1,0,"[False False False False False False False False False False False False
 False False False False False False False False False False False False
 False False False False False False False False False False False False
 False False False False False False False False False False False False
 False False False False False False False False False False False False
 False False False False False False False]","[False  True  True False False False False False False False False  True
 False False False False False False False False  True False False False
  True False False False False False False False False False  True False
 False False False False False False False False False False False False
 False False False False False False False False False False False False
 False False False False False False False]","[0.6, 0.36, 0.04]","[0.5066938613135554, 1.5294172755398876]",0,False,False
84,55.0,3000.0,0.0,-1,-1,0,"[False False False False False False False False False False False False
 False False False False False False False False False False False False
 False False False False False False False False False False False False
 False False False False False False False False False False False False
 False False False False False False False False False False False False
 False False False False False False False]","[False False False False False False False False False False False False
 False  True False False False False  True False False False False  True
 False False False False  True False False False False False False False
 False  True False False False  True False False False  True False False
 False False False  True  True False False False  True False False False
 False False False False False False False]","[0.6, 0.4, 0.0]","[0.5066938613135554, 1.6832403249694212]",0,False,False
85,56.0,750.0,0.0,1,-1,0,"[False False False False False False False False False False False False
 False False False False False False False False False False False False
 False False False False False False False False False False False False
 False False False False False False False False False False False False
 False False False False False False False False False False False False
 False False False False False False False]","[False False False False False False False False False False False False
 False False False False False False False  True False False False  True
 False False False False False False False False False False False False
 False False False False False False False False False False False False
 False False False False False False False False False False False False
 False False False False False False False]","[0.6, 0.4, 0.0]","[0.5066938613135554, 2.5630985764077403]",0,False,False
86,57.0,750.0,0.0,1,-1,0,"[False False False False False False False False False False False False
 False False False False False False False False False False False False
 False False False False False False False False False False False False
 False False False False False False False False False False False False
 False False False False False False False False False False False False
 False False False False False False False]","[False False False False False False  True False False False  True  True
 False False False False False False False False False False False False
 False False False False False False False False False False False False
 False False False False False False False False False False False False
 False False False False False False False False False False False False
 False False False False False False False]","[0.56, 0.44, 0.0]","[0.3600244797379033, 1.8169135474117328]",0,False,False
87,57.0,750.0,0.0,1,-1,0,"[False False False False False False False False False False False False
 False False False False False False False False False False False False
 False False False False False False False False False False False False
 False False False False False False False False False False False False
 False False False False False False False False False False False False
 False False False False False False False]","[False False False False False  True False False False  True False False
 False False False False False False False False False False False False
 False False False False False False False False False False False False
 False False False False False False False False False False False False
 False False False False False False False False False False False False
 False False False False False False False]","[0.52, 0.48, 0.0]","[0.5867619998972957, 1.348978189813191]",0,False,False
88,58.0,6000.0,0.0,-1,-1,0,"[False False False False False False False False False False False False
 False False False False False False False False False False False False
 False False False False False False False False False False False False
 False False False False False False False False False False False False
 False False False False False False False False False False False False
 False False False False False False False]","[False  True False False False  True False False False False  True False
 False False False False False False  True False False False False  True
 False False False  True False False False False False False False False
 False False  True False False False False False False False False False
 False False False False False False False False False False False False
 False False False False False False False]","[0.48, 0.52, 0.0]","[0.8614538349250738, 1.0048036057610192]",0,False,False
89,59.0,6000.0,0.0,-1,-1,0,"[False False False False False False False False False False False False
 False False False False False False False False False False False False
 False False False False False False False False False False False False
 False False False False False False False False False False False False
 False False False False False False False False False False False False
 False False False False False False False]","[False False False False False False  True  True False False False  True
 False False False False  True False False False  True False False False
  True False False False False  True False False False False False False
 False False False  True False False False False  True False False False
 False False False False False False False False False False False False
 False False False False False False False]","[0.44, 0.56, 0.0]","[0.6975107308138484, 1.1318967437115721]",0,False,False
90,60.0,750.0,0.0,1,-1,0,"[False False False False False False False False False False False False
 False False False False False False False False False False False False
 False False False False False False False False False False False False
 False False False False False False False False False False False False
 False False False False False False False False False False False False
 False False False False False False False]","[False False False False False False False False False False False False
 False False False False False False False False False False False  True
 False False False  True False False False False False False False False
 False False False False False False False False False False False False
 False False False False False False False False False False False False
 False False False False False False False]","[0.4, 0.6, 0.0]","[0.5066936887499858, 1.2458505001420814]",0,False,False
91,60.0,750.0,0.0,1,1,0,"[False False False False False False False False False False False False
 False False False False False False False  True False False False  True
 False False False False False False False False False  True False False
 False  True False False False False False False False False False False
 False  True  True False False False False False False False False False
 False False False False False False False]","[False False False False False False False False False False False False
 False False False False False False False False False False False False
 False False False False False False False False False False False False
 False  True False False False  True False False False False  True False
 False False False False False False False False False False False False
 False False False False False False False]","[0.36, 0.64, 0.0]","[0.2794202853486787, 0.9775521605649683]",0,False,False
92,61.0,3000.0,0.0,-1,-1,0,"[False False False False False False False False False False False False
 False False False False False False False False False False False False
 False False False False False False False False False False False False
 False False False False False False False False False False False False
 False False False False False False False False False False False False
 False False False False False False False]","[False False False False False False False False False False False False
 False False False False False False False False False False False False
 False False False False False False False False  True False False False
 False False False False  True False False False False False False False
 False False False False False False False  True False False False False
  True False False False False False False]","[0.36, 0.64, 0.0]","[0.8614535802617546, 0.9775521605649683]",0,False,False
93,62.0,3000.0,0.0,-1,-1,0,"[False False False False False False False False False False False False
 False False False False False False False False False False False False
 False False False False False False False False False False False False
 False False False False False False False False False False False False
 False False False False False False False False False False False False
 False False False False False False False]","[False False False False False False False False False False False False
 False False  True False False False False  True False False False False
  True False False False False  True False False False  True False False
 False False  True False False False  True False False False False False
 False False False False False  True False False False False False False
 False False False False False False False]","[0.32, 0.68, 0.0]","[1.348977534191646, 1.0827894677165155]",0,False,False
94,63.0,1500.0,0.0,1,-1,0,"[False False False False False False False False False False False False
 False False False False False False False False False False False False
 False False False False False False False False False False False False
 False False False False False False False False False False False False
 False False False False False False False False False False False False
 False False False False False False False]","[False False False False False False False False False False False False
 False False False False False False False False False False False False
 False False False False False False False False False False False  True
 False False False  True  True False False False False False False False
 False False False False False False False False False False False False
 False False False False False False False]","[0.32, 0.68, 0.0]","[1.348977534191646, 1.0827894677165155]",0,False,False
95,64.0,1500.0,0.0,1,1,0,"[False False False False False False False False False False False False
 False False False False False False False False False False False False
 False False False False False False False False False False False False
 False False False False False  True False False False False False False
 False False  True False False False  True False False False False False
 False False False False False False False]","[False False False False False False  True False False False False False
 False False False False False False False False False False False False
 False False False False False False False False False False False False
 False False False False False False False False False False False False
 False False False False False False False False False False False False
 False False False  True False False False]","[0.32, 0.68, 0.0]","[1.348977534191646, 0.7547834222332187]",0,False,False
96,65.0,3000.0,0.0,-1,-1,0,"[False False False False False False False False False False False False
 False False False False False False False False False False False False
 False False False False False False False False False False False False
 False False False False False False False False False False False False
 False False False False False False False False False False False False
 False False False False False False False]","[False False False False False False False False False False False False
 False False False False False False False False False  True False False
 False False  True False False False False  True False False False False
 False False False False  True False False False False  True False False
 False  True False False False False  True  True False False False False
 False False  True False False False False]","[0.36, 0.64, 0.0]","[1.5294172755398876, 0.6372783160801316]",0,False,False
97,66.0,750.0,0.0,1,-1,0,"[False False False False False False False False False False False False
 False False False False False False False False False False False False
 False False False False False False False False False False False False
 False False False False False False False False False False False False
 False False False False False False False False False False False False
 False False False False False False False]","[False False False False False False False False False False False False
 False False False False False False False  True False False False False
 False False False  True  True False False False False False False False
 False False False False False False False False False False False False
 False False False False False False False False False False False False
 False False False False False False False]","[0.32, 0.68, 0.0]","[1.348977534191646, 0.7547834222332187]",0,False,False
98,66.0,750.0,0.0,1,-1,0,"[False False False False False False False False False False False False
 False False False False False False False False False False False False
 False False False False False False False False False False False False
 False False False False False False False False False False False False
 False False False False False False False False False False False False
 False False False False False False False]","[False False False False False False False False False False False False
 False False False False False  True  True False False False False False
 False False False False False False False False False False False False
 False False False False False False False False False False False False
 False False False False False False False False False False False False
 False False False False False False False]","[0.28, 0.72, 0.0]","[1.1318958430703367, 0.5644319722741228]",0,False,False
99,67.0,6000.0,0.0,-1,-1,0,"[False False False False False False False False False False False False
 False False False False False False False False False False False False
 False False False False False False False False False False False False
 False False False False False False False False False False False False
 False False False False False False False False False False False False
 False False False False False False False]","[False False False False False False False False False False False False
 False False False False False False False False False  True  True False
 False False  True False False False False  True False False False False
 False False False  True False False False False False False False False
 False False False False False False False False False  True False False
 False False False False False False False]","[0.28, 0.72, 0.0]","[1.1318958430703367, 0.2794204416008008]",0,False,False
100,68.0,3000.0,0.0,-1,1,0,"[False False False False False False False False False False False False
 False False False False False False False False False False False False
 False False False False False False False False False False False False
 False False False False False False False False False False False False
 False False False False False False  True False False False  True False
 False False False False False False False]","[False False False False False False False False False False  True False
 False False False False False False False False False False False False
 False False False False False False False False False False False False
 False False False False False False False False False False False False
 False False False False False False False False False False False False
 False False False False False False False]","[0.28, 0.72, 0.0]","[1.1318958430703367, 0.2794204416008008]",0,False,False
101,69.0,6000.0,0.0,-1,0,0,"[False False False False False False False False False False False False
 False False False False False False False False False False False False
 False False False False False False False False False False False False
 False False False False False False False False False False False False
 False False False False False False False False False False False False
 False False False False False False False]","[False False False False False False False False False False False False
 False False False False False False False False False False False False
 False False False False False False False False False False False False
 False False False False False False False False False False False False
 False False False False False False False False False False False False
 False False False False False False False]","[0.28, 0.72, 0.0]","[1.1318958430703367, 0.2794204416008008]",0,False,False
102,69.0,6000.0,0.0,-1,1,0,"[False False False False False False False False False False False False
 False False False False False False False False False False False False
 False False False False False False False False False False False False
  True False False False  True False False False False False False False
 False False False False False False False False False False False False
 False False False False False False False]","[False False False False False False False False False False False False
 False False False False False False False False False False False False
 False False False False False False False False False False False False
 False False False False False False False False False False False False
 False False False False False False False False False False False False
 False False False False False False False]","[0.24, 0.72, 0.04]","[0.8614530709359598, 0.2794204416008008]",0,False,False
103,70.0,3000.0,0.0,-1,-1,0,"[False False False False False False False False False False False False
 False False False False False False False False False False False False
 False False False False False False False False False False False False
 False False False False False False False False False False False False
 False False False False False False False False False False False False
 False False False False False False False]","[False False False False False False False False False False False False
 False False False False False False  True False False False False False
 False False False False False False False False  True False False False
 False False False False False False False False False  True False False
 False False  True False False False  True False False False  True False
 False False False False  True False False]","[0.24, 0.72, 0.04]","[0.0, 0.2794204416008008]",0,False,False
104,71.0,750.0,0.0,1,0,0,"[False False False False False False False False False False False False
 False False False False False False False False False False False False
 False False False False False False False False False False False False
 False False False False False False False False False False False False
 False False False False False False False False False False False False
 False False False False False False False]","[False False False False False False False False False False False False
 False False False False False False False False False False False False
 False False False False False False False False False False False False
 False False False False False False False False False False False False
 False False False False False False False False False False False False
 False False False False False False False]","[0.2, 0.76, 0.04]","[-0.5066931710605553, 0.3984024372208471]",0,False,False
105,71.0,750.0,0.0,1,1,0,"[False False False False False False False False False False False False
 False False False False False False False False False False  True False
 False False False False False False False False False False False False
 False False False False False False False False False False False False
 False False False False False False False False False False  True False
 False False False  True  True False False]","[False False False False False False False False False False False False
 False False False False False False False False False False False False
 False False False False False False False False False False False False
 False False False False False False False False False False False False
 False False False False False False False False False False False False
 False False False False False False False]","[0.2, 0.72, 0.08]","[-0.5066931710605553, 0.2794204416008008]",0,False,False
106,72.0,750.0,0.0,1,0,0,"[False False False False False False False False False False False False
 False False False False False False False False False False False False
 False False False False False False False False False False False False
 False False False False False False False False False False False False
 False False False False False False False False False False False False
 False False False False False False False]","[False False False False False False False False False False False False
 False False False False False False False False False False False False
 False False False False False False False False False False False False
 False False False False False False False False False False False False
 False False False False False False False False False False False False
 False False False False False False False]","[0.24, 0.68, 0.08]","[0.0, 0.4460153952645921]",0,False,False
107,72.0,750.0,0.0,1,1,0,"[False False False False False False False False False False False False
 False False False False False False False False False False False False
 False False False False False False False False False False False False
 False False False False False False False False False False False False
 False False False False False False False False False False False False
 False  True False False False  True False]","[False False False False False False False False False False False False
 False False False False False False False False False False False False
 False False False False False False False False False False False False
 False False False False False False False False False False False False
 False False False False False False False False False False False False
 False False False False False False False]","[0.2, 0.68, 0.12]","[0.5066931710605553, 0.4460153952645921]",0,False,False
108,73.0,1500.0,0.0,1,0,0,"[False False False False False False False False False False False False
 False False False False False False False False False False False False
 False False False False False False False False False False False False
 False False False False False False False False False False False False
 False False False False False False False False False False False False
 False False False False False False False]","[False False False False False False False False False False False False
 False False False False False False False False False False False False
 False False False False False False False False False False False False
 False False False False False False False False False False False False
 False False False False False False False False False False False False
 False False False False False False False]","[0.24, 0.64, 0.12]","[0.8614530709359598, 0.31462117104709175]",0,False,False
109,74.0,3000.0,0.0,-1,-1,0,"[False False False False False False False False False False False False
 False False False False False False False False False False False False
 False False False False False False False False False False False False
 False False False False False False False False False False False False
 False False False False False False False False False False False False
 False False False False False False False]","[False False False False False False False False False False False False
 False False False False False False False False False False False False
  True False False False  True  True False False False  True False False
 False False  True False False False False False False False False  True
 False False False False False False False  True False False False False
  True False False False False False False]","[0.24, 0.6, 0.16]","[0.8614530709359598, 0.16730335606762126]",0,False,False
110,75.0,750.0,0.0,1,1,0,"[False False False False False False False False False False False False
 False False False False False False False False False False False False
 False False False False False False False False False False False False
 False False False False False False False False False False False False
 False False False  True False False False False False False False False
  True False False False False False  True]","[False False False False False False False False False False False False
 False False False False False False False False False False False False
 False False False False False False False False False False False False
 False False False False False False False False False False False False
 False False False False False False False False False False False False
 False False False False False False False]","[0.24, 0.6, 0.16]","[0.8614530709359598, 0.16730335606762126]",0,False,False
111,76.0,1500.0,0.0,1,0,0,"[False False False False False False False False False False False False
 False False False False False False False False False False False False
 False False False False False False False False False False False False
 False False False False False False False False False False False False
 False False False False False False False False False False False False
 False False False False False False False]","[False False False False False False False False False False False False
 False False False False False False False False False False False False
 False False False False False False False False False False False False
 False False False False False False False False False False False False
 False False False False False False False False False False False False
 False False False False False False False]","[0.28, 0.56, 0.16]","[1.1318958430703367, 0.3600244797379033]",0,False,False
112,76.0,1500.0,0.0,1,-1,0,"[False False False False False False False False False False False False
 False False False False False False False False False False False False
 False False False False False False False False False False False False
 False False False False False False False False False False False False
 False False False False False False False False False False False False
 False False False False False False False]","[False False False False False False False False False False False False
 False False  True False False False  True False False False False False
 False False False False False False False False False False False False
 False False False False False False False False False False False False
 False False False False False False False False False False False False
 False False False False False False False]","[0.28, 0.52, 0.2]","[1.1318958430703367, 0.5867619998972957]",0,False,False
113,76.0,1500.0,0.0,1,0,0,"[False False False False False False False False False False False False
 False False False False False False False False False False False False
 False False False False False False False False False False False False
 False False False False False False False False False False False False
 False False False False False False False False False False False False
 False False False False False False False]","[False False False False False False False False False False False False
 False False False False False False False False False False False False
 False False False False False False False False False False False False
 False False False False False False False False False False False False
 False False False False False False False False False False False False
 False False False False False False False]","[0.28, 0.52, 0.2]","[1.1318958430703367, 0.5867619998972957]",0,False,False
114,77.0,6000.0,0.0,-1,1,0,"[False False False False False False False False False False False False
 False False False False False False False False False False False False
 False False False False False False False False False False False False
 False False False False False False  True False False False  True False
 False False False False False False False False False False False False
 False False False False False False False]","[False False False False False False False False False False False False
 False False False False False False False False False False False False
 False False False False False False False False False False False False
 False False False False False False False False False False False False
 False False False False False False False False False False False False
 False False False False False False False]","[0.28, 0.48, 0.24]","[1.1318958430703367, 0.42085643268640105]",0,False,False
115,77.0,6000.0,0.0,-1,0,0,"[False False False False False False False False False False False False
 False False False False False False False False False False False False
 False False False False False False False False False False False False
 False False False False False False False False False False False False
 False False False False False False False False False False False False
 False False False False False False False]","[False False False False False False False False False False False False
 False False False False False False False False False False False False
 False False False False False False False False False False False False
 False False False False False False False False False False False False
 False False False False False False False False False False False False
 False False False False False False False]","[0.32, 0.44, 0.24]","[0.6372779040108865, 0.2283703801950016]",0,False,False
116,77.0,6000.0,0.0,-1,0,0,"[False False False False False False False False False False False False
 False False False False False False False False False False False False
 False False False False False False False False False False False False
 False False False False False False False False False False False False
 False False False False False False False False False False False False
 False False False False False False False]","[False False False False False False False False False False False False
 False False False False False False False False False False False False
 False False False False False False False False False False False False
 False False False False False False False False False False False False
 False False False False False False False False False False False False
 False False False False False False False]","[0.32, 0.4, 0.28]","[0.6372779040108865, 0.5066936887499858]",0,False,False
117,77.0,6000.0,0.0,-1,0,0,"[False False False False False False False False False False False False
 False False False False False False False False False False False False
 False False False False False False False False False False False False
 False False False False False False False False False False False False
 False False False False False False False False False False False False
 False False False False False False False]","[False False False False False False False False False False False False
 False False False False False False False False False False False False
 False False False False False False False False False False False False
 False False False False False False False False False False False False
 False False False False False False False False False False False False
 False False False False False False False]","[0.28, 0.4, 0.32]","[0.36002421977424204, 0.5066936887499858]",0,False,False
118,78.0,1500.0,0.0,1,0,0,"[False False False False False False False False False False False False
 False False False False False False False False False False False False
 False False False False False False False False False False False False
 False False False False False False False False False False False False
 False False False False False False False False False False False False
 False False False False False False False]","[False False False False False False False False False False False False
 False False False False False False False False False False False False
 False False False False False False False False False False False False
 False False False False False False False False False False False False
 False False False False False False False False False False False False
 False False False False False False False]","[0.28, 0.36, 0.36]","[0.36002421977424204, 0.2794202853486787]",0,False,False
119,79.0,6000.0,0.0,-1,0,0,"[False False False False False False False False False False False False
 False False False False False False False False False False False False
 False False False False False False False False False False False False
 False False False False False False False False False False False False
 False False False False False False False False False False False False
 False False False False False False False]","[False False False False False False False False False False False False
 False False False False False False False False False False False False
 False False False False False False False False False False False False
 False False False False False False False False False False False False
 False False False False False False False False False False False False
 False False False False False False False]","[0.28, 0.32, 0.4]","[0.36002421977424204, 0.0]",0,False,False
120,80.0,6000.0,0.0,-1,0,0,"[False False False False False False False False False False False False
 False False False False False False False False False False False False
 False False False False False False False False False False False False
 False False False False False False False False False False False False
 False False False False False False False False False False False False
 False False False False False False False]","[False False False False False False False False False False False False
 False False False False False False False False False False False False
 False False False False False False False False False False False False
 False False False False False False False False False False False False
 False False False False False False False False False False False False
 False False False False False False False]","[0.28, 0.28, 0.44]","[0.36002421977424204, 0.36002421977424204]",0,False,False
121,80.0,6000.0,0.0,-1,0,0,"[False False False False False False False False False False False False
 False False False False False False False False False False False False
 False False False False False False False False False False False False
 False False False False False False False False False False False False
 False False False False False False False False False False False False
 False False False False False False False]","[False False False False False False False False False False False False
 False False False False False False False False False False False False
 False False False False False False False False False False False False
 False False False False False False False False False False False False
 False False False False False False False False False False False False
 False False False False False False False]","[0.24, 0.28, 0.48]","[0.0, 0.36002421977424204]",0,False,False
122,80.0,6000.0,0.0,-1,0,0,"[False False False False False False False False False False False False
 False False False False False False False False False False False False
 False False False False False False False False False False False False
 False False False False False False False False False False False False
 False False False False False False False False False False False False
 False False False False False False False]","[False False False False False False False False False False False False
 False False False False False False False False False False False False
 False False False False False False False False False False False False
 False False False False False False False False False False False False
 False False False False False False False False False False False False
 False False False False False False False]","[0.24, 0.24, 0.52]","[0.0, 0.0]",0,False,False
123,81.0,3000.0,0.0,-1,0,0,"[False False False False False False False False False False False False
 False False False False False False False False False False False False
 False False False False False False False False False False False False
 False False False False False False False False False False False False
 False False False False False False False False False False False False
 False False False False False False False]","[False False False False False False False False False False False False
 False False False False False False False False False False False False
 False False False False False False False False False False False False
 False False False False False False False False False False False False
 False False False False False False False False False False False False
 False False False False False False False]","[0.24, 0.2, 0.56]","[0.0, 0.5066931710605553]",0,False,False
124,82.0,3000.0,0.0,-1,0,0,"[False False False False False False False False False False False False
 False False False False False False False False False False False False
 False False False False False False False False False False False False
 False False False False False False False False False False False False
 False False False False False False False False False False False False
 False False False False False False False]","[False False False False False False False False False False False False
 False False False False False False False False False False False False
 False False False False False False False False False False False False
 False False False False False False False False False False False False
 False False False False False False False False False False False False
 False False False False False False False]","[0.24, 0.16, 0.6]","[0.0, 1.3489755673346382]",0,False,False
125,83.0,6000.0,0.0,-1,0,0,"[False False False False False False False False False False False False
 False False False False False False False False False False False False
 False False False False False False False False False False False False
 False False False False False False False False False False False False
 False False False False False False False False False False False False
 False False False False False False False]","[False False False False False False False False False False False False
 False False False False False False False False False False False False
 False False False False False False False False False False False False
 False False False False False False False False False False False False
 False False False False False False False False False False False False
 False False False False False False False]","[0.24, 0.12, 0.64]","[0.0, 0.8614515429653226]",0,False,False
126,84.0,3000.0,0.0,-1,0,0,"[False False False False False False False False False False False False
 False False False False False False False False False False False False
 False False False False False False False False False False False False
 False False False False False False False False False False False False
 False False False False False False False False False False False False
 False False False False False False False]","[False False False False False False False False False False False False
 False False False False False False False False False False False False
 False False False False False False False False False False False False
 False False False False False False False False False False False False
 False False False False False False False False False False False False
 False False False False False False False]","[0.2, 0.12, 0.68]","[0.5066931710605553, 0.8614515429653226]",0,False,False
127,84.0,3000.0,0.0,-1,0,0,"[False False False False False False False False False False False False
 False False False False False False False False False False False False
 False False False False False False False False False False False False
 False False False False False False False False False False False False
 False False False False False False False False False False False False
 False False False False False False False]","[False False False False False False False False False False False False
 False False False False False False False False False False False False
 False False False False False False False False False False False False
 False False False False False False False False False False False False
 False False False False False False False False False False False False
 False False False False False False False]","[0.2, 0.12, 0.68]","[0.5066931710605553, 0.8614515429653226]",0,False,False
128,85.0,750.0,0.0,1,0,0,"[False False False False False False False False False False False False
 False False False False False False False False False False False False
 False False False False False False False False False False False False
 False False False False False False False False False False False False
 False False False False False False False False False False False False
 False False False False False False False]","[False False False False False False False False False False False False
 False False False False False False False False False False False False
 False False False False False False False False False False False False
 False False False False False False False False False False False False
 False False False False False False False False False False False False
 False False False False False False False]","[0.16, 0.12, 0.72]","[1.3489755673346382, 0.8614515429653226]",0,False,False
129,85.0,750.0,0.0,1,0,0,"[False False False False False False False False False False False False
 False False False False False False False False False False False False
 False False False False False False False False False False False False
 False False False False False False False False False False False False
 False False False False False False False False False False False False
 False False False False False False False]","[False False False False False False False False False False False False
 False False False False False False False False False False False False
 False False False False False False False False False False False False
 False False False False False False False False False False False False
 False False False False False False False False False False False False
 False False False False False False False]","[0.16, 0.08, 0.76]","[1.3489755673346382, 0.0]",0,False,False
130,85.0,750.0,0.0,1,0,0,"[False False False False False False False False False False False False
 False False False False False False False False False False False False
 False False False False False False False False False False False False
 False False False False False False False False False False False False
 False False False False False False False False False False False False
 False False False False False False False]","[False False False False False False False False False False False False
 False False False False False False False False False False False False
 False False False False False False False False False False False False
 False False False False False False False False False False False False
 False False False False False False False False False False False False
 False False False False False False False]","[0.16, 0.08, 0.76]","[1.3489755673346382, 0.0]",0,False,False
131,86.0,1500.0,0.0,1,0,0,"[False False False False False False False False False False False False
 False False False False False False False False False False False False
 False False False False False False False False False False False False
 False False False False False False False False False False False False
 False False False False False False False False False False False False
 False False False False False False False]","[False False False False False False False False False False False False
 False False False False False False False False False False False False
 False False False False False False False False False False False False
 False False False False False False False False False False False False
 False False False False False False False False False False False False
 False False False False False False False]","[0.12, 0.08, 0.8]","[0.8614515429653226, 0.0]",0,False,False
132,87.0,6000.0,0.0,-1,0,0,"[False False False False False False False False False False False False
 False False False False False False False False False False False False
 False False False False False False False False False False False False
 False False False False False False False False False False False False
 False False False False False False False False False False False False
 False False False False False False False]","[False False False False False False False False False False False False
 False False False False False False False False False False False False
 False False False False False False False False False False False False
 False False False False False False False False False False False False
 False False False False False False False False False False False False
 False False False False False False False]","[0.12, 0.08, 0.8]","[0.8614515429653226, 0.0]",0,False,False
133,87.0,6000.0,0.0,-1,0,0,"[False False False False False False False False False False False False
 False False False False False False False False False False False False
 False False False False False False False False False False False False
 False False False False False False False False False False False False
 False False False False False False False False False False False False
 False False False False False False False]","[False False False False False False False False False False False False
 False False False False False False False False False False False False
 False False False False False False False False False False False False
 False False False False False False False False False False False False
 False False False False False False False False False False False False
 False False False False False False False]","[0.08, 0.08, 0.84]","[0.0, 0.0]",0,False,False
134,88.0,750.0,0.0,1,0,0,"[False False False False False False False False False False False False
 False False False False False False False False False False False False
 False False False False False False False False False False False False
 False False False False False False False False False False False False
 False False False False False False False False False False False False
 False False False False False False False]","[False False False False False False False False False False False False
 False False False False False False False False False False False False
 False False False False False False False False False False False False
 False False False False False False False False False False False False
 False False False False False False False False False False False False
 False False False False False False False]","[0.08, 0.08, 0.84]","[0.0, 0.0]",0,False,False
135,89.0,750.0,0.0,1,0,0,"[False False False False False False False False False False False False
 False False False False False False False False False False False False
 False False False False False False False False False False False False
 False False False False False False False False False False False False
 False False False False False False False False False False False False
 False False False False False False False]","[False False False False False False False False False False False False
 False False False False False False False False False False False False
 False False False False False False False False False False False False
 False False False False False False False False False False False False
 False False False False False False False False False False False False
 False False False False False False False]","[0.08, 0.04, 0.88]","[0.0, nan]",0,False,False
136,89.0,750.0,0.0,1,0,0,"[False False False False False False False False False False False False
 False False False False False False False False False False False False
 False False False False False False False False False False False False
 False False False False False False False False False False False False
 False False False False False False False False False False False False
 False False False False False False False]","[False False False False False False False False False False False False
 False False False False False False False False False False False False
 False False False False False False False False False False False False
 False False False False False False False False False False False False
 False False False False False False False False False False False False
 False False False False False False False]","[0.04, 0.04, 0.92]","[nan, nan]",0,False,False
137,90.0,750.0,0.0,1,0,0,"[False False False False False False False False False False False False
 False False False False False False False False False False False False
 False False False False False False False False False False False False
 False False False False False False False False False False False False
 False False False False False False False False False False False False
 False False False False False False False]","[False False False False False False False False False False False False
 False False False False False False False False False False False False
 False False False False False False False False False False False False
 False False False False False False False False False False False False
 False False False False False False False False False False False False
 False False False False False False False]","[0.04, 0.04, 0.92]","[nan, nan]",0,False,False
138,91.0,1500.0,0.0,1,0,0,"[False False False False False False False False False False False False
 False False False False False False False False False False False False
 False False False False False False False False False False False False
 False False False False False False False False False False False False
 False False False False False False False False False False False False
 False False False False False False False]","[False False False False False False False False False False False False
 False False False False False False False False False False False False
 False False False False False False False False False False False False
 False False False False False False False False False False False False
 False False False False False False False False False False False False
 False False False False False False False]","[0.04, 0.0, 0.96]","[nan, 0.0]",0,False,False
