,Trial index,Stim frequency,Stim AM rate,Category,Response,Task,Right licks,Left licks,Choice rate,dprimes,Timeline events,Flagged,Easy
0,0.0,3000.0,0.0,-1,1,0,"[False False False False False False False False False False False False
 False False False False False False False False False False False False
 False  True False False False  True False False False False False False
 False False False False False False False False False False False False
 False False False False False False False False False False False False
 False False False False False False False]","[False False False False False False False False False False False False
 False False False False False False False False False False False False
 False False False False False False False False False False False False
 False False False False False False False False False False False False
 False False False False False False False False False False False False
 False False False False False False False]","[0, 0, 0]","[0, 0]",0,False,False
1,1.0,6000.0,0.0,-1,-1,0,"[False False False False False False False False False False False False
 False False False False False False False False False False False False
 False False False False False False False False False False False False
 False False False False False False False False False False False False
 False False False False False False False False False False False False
 False False False False False False False]","[False False False False False False False False False False False False
 False False False False False False False False False False False False
 False False False False False False False False False False False False
 False False False False False False False False False False  True False
 False False False  True False False False False False False False False
 False False False False False False False]","[1.0, 0.0, 0.0]","[nan, 0.0]",0,False,True
2,2.0,750.0,0.0,1,1,0,"[False False False False False False False False False False False False
 False False False False False False False False False False False False
 False False False False False False False False False False False  True
 False False False False False False False False  True False False False
 False False False False False  True False False False  True False False
 False  True False False False  True  True]","[False False False False False False False False False False False False
 False False False False False False False False False False False False
 False False False False False False False False False False False False
 False False False False False False False False False False False False
 False False False False False False False False False False False False
 False False False False False False False]","[0.5, 0.5, 0.0]","[nan, nan]",0,False,True
3,3.0,1500.0,0.0,1,1,0,"[False False False False False  True False False False  True False False
 False False  True False False False  True  True False False  True  True
 False False False  True False False False False False  True False False
 False  True False False False False False False False False False False
 False  True False False False False False False False False False False
 False False False False False False False]","[False False False False False False False False False False False False
 False False False False False False False False False False False False
 False False False False False False False False False False False False
 False False False False False False False False False False False False
 False False False False False False False False False False False False
 False False False False False False False]","[0.6666666666666666, 0.3333333333333333, 0.0]","[0.0, nan]",0,False,True
4,4.0,750.0,0.0,1,1,0,"[False False False False False False False False False False False False
 False False False False False False False False False False False False
  True False False False  True  True False False False  True  True False
 False  True  True False False False False False False False False False
 False False False False  True False False False False False False False
 False False False False False False False]","[False False False False False False False False False False False False
 False False False False False False False False False False False False
 False False False False False False False False False False False False
 False False False False False False False False False False False False
 False False False False False False False False False False False False
 False False False False False False False]","[0.75, 0.25, 0.0]","[0.8614515429653226, nan]",0,False,True
5,5.0,6000.0,0.0,-1,-1,0,"[False False False False False False False False False False False False
 False False False False False False False False False False False False
 False False False False False False False False False False False False
 False False False False False False False False False False False False
 False False False False False False False False False False False False
 False False False False False False False]","[False False False False False False False False False False False False
 False False False False False False False False False False False False
 False False False False False False False False False False False False
 False False False  True False False False False  True False False False
 False  True False False False False False False False False False  True
 False False False False False False False]","[0.8, 0.2, 0.0]","[1.3489755673346382, nan]",0,False,True
6,6.0,1500.0,0.0,1,1,0,"[False False False False False False False False False False  True False
 False False  True False False False False  True False False False  True
 False False False  True  True False False False  True False False False
 False False False False False False  True False False False False False
 False False False False False  True False False False False False False
 False False False False False False False]","[False False False False False False False False False False False False
 False False False False False False False False False False False False
 False False False False False False False False False False False False
 False False False False False False False False False False False False
 False False False False False False False False False False False False
 False False False False False False False]","[0.6666666666666666, 0.3333333333333333, 0.0]","[1.3489755673346382, nan]",0,False,True
7,7.0,1500.0,0.0,1,1,0,"[False False False  True False False False  True False False False  True
  True False False False  True False False False  True  True False False
 False  True False False False False False False False False False  True
 False False False False False False False False False False False False
 False False False False False False  True False False False False False
 False False False False False False False]","[False False False False False False False False False False False False
 False False False False False False False False False False False False
 False False False False False False False False False False False False
 False False False False False False False False False False False False
 False False False False False False False False False False False False
 False False False False False False False]","[0.7142857142857143, 0.2857142857142857, 0.0]","[1.6832381817308146, nan]",0,False,True
8,8.0,3000.0,0.0,-1,-1,0,"[False False False False False False False False False False False False
 False False False False False False False False False False False False
 False False False False False False False False False False False False
 False False False False False False False False False False False False
 False False False False False False False False False False False False
 False False False False False False False]","[False False False False False False  True False False False False False
 False False False  True False False False False  True False False False
  True False False False  True False False False False False False False
 False False False False False False False  True False False False False
 False False False False False False False False False  True False False
 False False False False False False False]","[0.75, 0.25, 0.0]","[1.9348386864218154, nan]",0,False,True
9,9.0,6000.0,0.0,-1,-1,0,"[False False False False False False False False False False False False
 False False False False False False False False False False False False
 False False False False False False False False False False False False
 False False False False False False False False False False False False
 False False False False False False False False False False False False
 False False False False False False False]","[False False False False False False False False False False False  True
 False False False False False False False False False False False False
 False False False False False  True False False False False  True False
 False False False  True False False False False False False False False
 False False False False False False False False False False  True False
 False False False False False False  True]","[0.6666666666666666, 0.3333333333333333, 0.0]","[1.9348386864218154, nan]",0,False,True
10,10.0,3000.0,0.0,-1,-1,0,"[False False False False False False False False False False False False
 False False False False False False False False False False False False
 False False False False False False False False False False False False
 False False False False False False False False False False False False
 False False False False False False False False False False False False
 False False False False False False False]","[False False False False False  True  True False False False  True False
 False False False  True False False False  True False False False  True
 False False False False  True False False False  True False False False
 False False False False False False False False False False False False
  True False False False False False False False False False False False
 False False False False False False False]","[0.6, 0.4, 0.0]","[1.9348386864218154, nan]",0,False,True
11,11.0,3000.0,0.0,-1,-1,0,"[False False False False False False False False False False False False
 False False False False False False False False False False False False
 False False False False False False False False False False False False
 False False False False False False False False False False False False
 False False False False False False False False False False False False
 False False False False False False False]","[ True False False False  True False False False False  True False False
 False  True  True False False  True  True False False False  True False
 False False False False  True False False False False False False False
 False False False  True False False False  True False False False False
 False False False False False False  True False False False False False
 False False False False False False False]","[0.5454545454545454, 0.45454545454545453, 0.0]","[1.9348386864218154, nan]",0,False,True
12,12.0,750.0,0.0,1,1,0,"[False False False False  True False False False  True False False False
 False  True False False False  True False False False  True  True False
 False False  True False False False  True  True False False False False
 False  True False False False False False False False False False  True
 False False False False False False False False False False False False
 False False False False False False False]","[False False False False False False False False False False False False
 False False False False False False False False False False False False
 False False False False False False False False False False False False
 False False False False False False False False False False False False
 False False False False False False False False False False False False
 False False False False False False False]","[0.5, 0.5, 0.0]","[1.9348386864218154, nan]",0,False,True
13,13.0,750.0,0.0,1,1,0,"[False  True False False False False False False False False False False
 False False  True False False False False  True False False False  True
  True False False False False False False False  True False False False
 False False False False False False  True False False False False False
 False False  True  True False False False False False False False False
 False  True False False False False False]","[False False False False False False False False False False False False
 False False False False False False False False False False False False
 False False False False False False False False False False False False
 False False False False False False False False False False False False
 False False False False False False False False False False False False
 False False False False False False False]","[0.5384615384615384, 0.46153846153846156, 0.0]","[2.135136527393951, nan]",0,False,True
14,14.0,6000.0,0.0,-1,-1,0,"[False False False False False False False False False False False False
 False False False False False False False False False False False False
 False False False False False False False False False False False False
 False False False False False False False False False False False False
 False False False False False False False False False False False False
 False False False False False False False]","[False False  True False False False  True False False False False  True
 False False False  True False False False  True  True False False False
  True False False False False False  True False False False False False
 False False False False  True False False False False False  True False
 False False False False False False False False False False False False
 False False False False False False False]","[0.5714285714285714, 0.42857142857142855, 0.0]","[2.300694208940575, nan]",0,False,True
15,15.0,1500.0,0.0,1,1,0,"[False False False False False False False False False False False False
  True False False False  True False False False False  True False False
 False  True  True False False  True  True False False False  True False
 False False False False  True False False False False False False False
 False False  True False False False False False False False False False
 False False False False False False False]","[False False False False False False False False False False False False
 False False False False False False False False False False False False
 False False False False False False False False False False False False
 False False False False False False False False False False False False
 False False False False False False False False False False False False
 False False False False False False False]","[0.5333333333333333, 0.4666666666666667, 0.0]","[2.300694208940575, nan]",0,False,True
16,16.0,1500.0,0.0,1,1,0,"[False False False False False False False False False False False False
 False False False False False False  True False False False  True False
 False False  True  True False False False  True  True False False  True
  True False False False  True False False False False False False False
 False False False False False False False False  True False False False
  True  True False False False False False]","[False False False False False False False False False False False False
 False False False False False False False False False False False False
 False False False False False False False False False False False False
 False False False False False False False False False False False False
 False False False False False False False False False False False False
 False False False False False False False]","[0.5625, 0.4375, 0.0]","[2.4412761378064363, nan]",0,False,True
17,17.0,6000.0,0.0,-1,-1,0,"[False False False False False False False False False False False False
 False False False False False False False False False False False False
 False False False False False False False False False False False False
 False False False False False False False False False False False False
 False False False False False False False False False False False False
 False False False False False False False]","[False False False False False False False False False False  True False
 False False  True False False False False  True False False False  True
  True False False  True  True False False False  True False False False
 False  True False False False  True False False False False False  True
 False False False False False  True False False False False False False
 False False False False False False False]","[0.5882352941176471, 0.4117647058823529, 0.0]","[2.5630985764077403, nan]",0,False,True
18,18.0,750.0,0.0,1,1,0,"[False False False False False False False False False False False False
 False False False  True False False False False  True False False False
 False False False False False  True False False False  True False False
 False False False False False False  True False False False  True False
 False False False False False False False False False False  True False
 False False  True False False False False]","[False False False False False False False False False False False False
 False False False False False False False False False False False False
 False False False False False False False False False False False False
 False False False False False False False False False False False False
 False False False False False False False False False False False False
 False False False False False False False]","[0.5555555555555556, 0.4444444444444444, 0.0]","[2.5630985764077403, nan]",0,False,True
19,19.0,6000.0,0.0,-1,-1,0,"[False False False False False False False False False False False False
 False False False False False False False False False False False False
 False False False False False False False False False False False False
 False False False False False False False False False False False False
 False False False False False False False False False False False False
 False False False False False False False]","[False False  True False False False False False False False False False
 False False False  True False False False False  True False False False
  True False False False  True False False False False  True False False
 False  True False False False False False False False False False False
 False False False False False False False False False False False False
 False False  True False False False  True]","[0.5789473684210527, 0.42105263157894735, 0.0]","[2.670350930522295, nan]",0,False,True
20,20.0,750.0,0.0,1,1,0,"[False False False False False False False False False False False False
 False False False False False False False False False False False False
 False False False False False False False False False  True False False
 False  True False False False  True  True False False False  True  True
 False False  True  True False False  True  True False False False False
 False  True False False False False False]","[False False False False False False False False False False False False
 False False False False False False False False False False False False
 False False False False False False False False False False False False
 False False False False False False False False False False False False
 False False False False False False False False False False False False
 False False False False False False False]","[0.55, 0.45, 0.0]","[2.670350930522295, nan]",0,False,True
21,21.0,1500.0,0.0,1,1,0,"[ True False False False False False False False False False False False
 False False False False False False  True False False False False  True
  True False False False  True False False False  True False False False
 False  True False False False  True False False False False False  True
 False False False False False False False False False False False False
 False  True False False False  True False]","[False False False False False False False False False False False False
 False False False False False False False False False False False False
 False False False False False False False False False False False False
 False False False False False False False False False False False False
 False False False False False False False False False False False False
 False False False False False False False]","[0.5714285714285714, 0.42857142857142855, 0.0]","[2.765983730024195, nan]",0,False,True
22,22.0,3000.0,0.0,-1,-1,0,"[False False False False False False False False False False False False
 False False False False False False False False False False False False
 False False False False False False False False False False False False
 False False False False False False False False False False False False
 False False False False False False False False False False False False
 False False False False False False False]","[False False False False False False False False False  True  True False
 False False  True False False False  True False False False  True False
 False False  True  True False False  True  True False False False False
 False  True False False False False False  True False False False False
 False False False  True  True False False False False False False False
 False False  True False False False False]","[0.5909090909090909, 0.4090909090909091, 0.0]","[2.8521492405688016, nan]",0,False,True
23,23.0,1500.0,0.0,1,1,0,"[False  True False False False  True  True False False False  True False
 False False  True  True False False  True  True False False False  True
 False False False False  True False False False False False  True False
 False False False  True False False False False False False False False
 False False False False False False False False False False False False
 False False False False False False False]","[False False False False False False False False False False False False
 False False False False False False False False False False False False
 False False False False False False False False False False False False
 False False False False False False False False False False False False
 False False False False False False False False False False False False
 False False False False False False False]","[0.5652173913043478, 0.43478260869565216, 0.0]","[2.8521492405688016, nan]",0,False,True
24,24.0,750.0,0.0,1,1,0,"[False False False False False False False False False False False False
 False False False False False False False False False False False False
 False False False False False  True False False False  True False False
 False  True  True False False False  True  True False False False False
 False False False  True False False False  True False False False False
 False False False False False False False]","[False False False False False False False False False False False False
 False False False False False False False False False False False False
 False False False False False False False False False False False False
 False False False False False False False False False False False False
 False False False False False False False False False False False False
 False False False False False False False]","[0.5833333333333334, 0.4166666666666667, 0.0]","[2.9304631030763524, nan]",0,False,True
25,25.0,3000.0,0.0,-1,-1,0,"[False False False False False False False False False False False False
 False False False False False False False False False False False False
 False False False False False False False False False False False False
 False False False False False False False False False False False False
 False False False False False False False False False False False False
 False False False False False False False]","[False False False False  True  True False False False False  True False
 False False  True False False False  True False False False False  True
 False False False  True False False False False False False False False
 False False False False False False  True False False False  True False
 False False False False  True False False False False False False False
 False False False False False False False]","[0.6, 0.4, 0.0]","[3.002167432214091, nan]",0,False,False
26,26.0,6000.0,0.0,-1,-1,0,"[False False False False False False False False False False False False
 False False False False False False False False False False False False
 False False False False False False False False False False False False
 False False False False False False False False False False False False
 False False False False False False False False False False False False
 False False False False False False False]","[False False False  True False False False False  True False False False
 False  True False False  True  True False False False  True False False
 False  True False False False False False False False False False False
 False False False False  True False False False  True  True False False
 False False False False False False False False False False False  True
 False False False False False False False]","[0.56, 0.44, 0.0]","[nan, nan]",0,False,False
27,27.0,750.0,0.0,1,1,0,"[False False False False False False False False False  True False False
 False False False False False False  True False False False False  True
 False False False  True  True False False  True  True False False False
  True False False False  True  True False False  True  True False False
 False False False False False False False False False False False False
  True False False False False False False]","[False False False False False False False False False False False False
 False False False False False False False False False False False False
 False False False False False False False False False False False False
 False False False False False False False False False False False False
 False False False False False False False False False False False False
 False False False False False False False]","[0.56, 0.44, 0.0]","[nan, nan]",0,False,False
28,28.0,6000.0,0.0,-1,-1,0,"[False False False False False False False False False False False False
 False False False False False False False False False False False False
 False False False False False False False False False False False False
 False False False False False False False False False False False False
 False False False False False False False False False False False False
 False False False False False False False]","[False False False  True False False False  True False False False False
  True  True False False  True  True False False False  True False False
 False False  True False False False  True False False False False False
  True False False False  True  True False False False  True False False
 False False False False  True False False False False False False False
 False False False False False False False]","[0.56, 0.44, 0.0]","[nan, nan]",0,False,False
29,29.0,1500.0,0.0,1,1,0,"[False False  True False False  True False False False False  True  True
 False False  True  True False False False  True False False False  True
  True False False False  True False False False False False  True False
 False False False False False False  True  True False False False False
 False  True False False False  True False False False False  True False
 False False False False False False False]","[False False False False False False False False False False False False
 False False False False False False False False False False False False
 False False False False False False False False False False False False
 False False False False False False False False False False False False
 False False False False False False False False False False False False
 False False False False False False False]","[0.52, 0.48, 0.0]","[nan, nan]",0,False,False
30,30.0,3000.0,0.0,-1,-1,0,"[False False False False False False False False False False False False
 False False False False False False False False False False False False
 False False False False False False False False False False False False
 False False False False False False False False False False False False
 False False False False False False False False False False False False
 False False False False False False False]","[False False  True False False False False  True False False False  True
  True False False  True  True False False  True  True False False False
  True False False False  True  True False False False False  True  True
 False False False False False False False False False  True False False
 False False False False False False False False False False False False
 False False False False False False False]","[0.52, 0.48, 0.0]","[nan, nan]",0,False,False
31,31.0,3000.0,0.0,-1,1,0,"[False  True False False  True  True False False False False False False
 False False False False False False False False False False False False
 False False False False False False False False False False False False
 False False False False False False False False False False False False
 False False False False False False False False False False False False
 False False False False False False False]","[False False False False False False False False False False False False
 False False False False False False False False False False False False
 False False False False False False False False False False False False
 False False False False False False False False False False False False
 False False False False False False False False False False False False
 False False False False False False False]","[0.52, 0.48, 0.0]","[nan, nan]",0,False,False
32,32.0,750.0,0.0,1,1,0,"[ True False False False False  True False False False  True  True False
 False  True  True False False False  True False False False  True False
 False False  True  True False False False  True False False False False
 False  True False False False False False False False  True False False
 False False False False  True False False False  True False False False
 False False False False False False False]","[False False False False False False False False False False False False
 False False False False False False False False False False False False
 False False False False False False False False False False False False
 False False False False False False False False False False False False
 False False False False False False False False False False False False
 False False False False False False False]","[0.52, 0.48, 0.0]","[2.8521492405688016, nan]",0,False,False
33,33.0,6000.0,0.0,-1,-1,0,"[False False False False False False False False False False False False
 False False False False False False False False False False False False
  True False False False False False False False False False False False
 False False False False False False False False False False False False
 False False False False False False False False False False False False
 False False False False False False False]","[False False  True False False False False False False False  True  True
 False False False False  True False False False  True False False  True
  True False False False  True False False False  True  True False False
 False False False False False False  True  True False False False  True
 False False False  True False False False False False False False False
 False False False False False False False]","[0.52, 0.48, 0.0]","[2.8521492405688016, nan]",0,False,False
34,34.0,6000.0,0.0,-1,1,0,"[ True False False False  True  True False False False False False False
 False False False False False False False False False False False False
 False False False False False False False False False False False False
 False False False False False False False False False False False False
 False False False False False False False False False False False False
 False False False False False False False]","[False False False False False False False False False False False False
 False False False False False False False False False False False False
 False False False False False False False False False False False False
 False False False False False False False False False False False False
 False False False False False False False False False False False False
 False False False False False False False]","[0.52, 0.48, 0.0]","[2.8521492405688016, nan]",0,False,False
35,35.0,3000.0,0.0,-1,1,0,"[False  True False False False  True  True False False False False False
 False False False False False False False False False False False False
 False False False False False False False False False False False False
 False False False False False False False False False False False False
 False False False False False False False False False False False False
 False False False False False False False]","[False False False False False False False False False False False False
 False False False False False False False False False False False False
 False False False False False False False False False False False False
 False False False False False False False False False False False False
 False False False False False False False False False False False False
 False False False False False False False]","[0.56, 0.44, 0.0]","[2.135138788617833, nan]",0,False,False
36,36.0,1500.0,0.0,1,1,0,"[False False False  True False False False  True False False False  True
  True False False False  True  True False False  True  True False False
  True  True False False False  True False False False False False False
 False False False  True False False False False False False False False
 False False False False False False  True False False  True  True False
 False False False False False False False]","[False False False False False False False False False False False False
 False False False False False False False False False False False False
 False False False False False False False False False False False False
 False False False False False False False False False False False False
 False False False False False False False False False False False False
 False False False False False False False]","[0.6, 0.4, 0.0]","[1.6832410393848654, nan]",0,False,False
37,37.0,1500.0,0.0,1,-1,0,"[False False False False False False False False False False False False
 False False False False False False False False False False False False
 False False False False False False False False False False False False
 False False False False False False False False False False False False
 False False False False False False False False False False False False
 False False False False False False False]","[False False False False  True False False False  True False False False
 False False False False False False False False False False False False
 False False False False False False False False False False False False
 False False False False False False False False False False False False
 False False False False False False False False False False False False
 False False False False False False False]","[0.64, 0.36, 0.0]","[1.7742916679085448, nan]",0,False,False
38,38.0,1500.0,0.0,1,1,0,"[False False False False False  True False False False  True False False
 False  True  True  True False False  True  True False False False False
 False False False  True False False False  True False False False False
 False  True  True False False False False False False False False False
  True False False False False False False False False False False False
 False False False False False False False]","[False False False False False False False False False False False False
 False False False False False False False False False False False  True
 False False False False False False False False False False False False
 False False False False False False False False False False False False
  True False False False False False False False False False False False
 False False False False False False False]","[0.6, 0.4, 0.0]","[1.6832410393848654, 2.5630985764077403]",0,False,False
39,39.0,6000.0,0.0,-1,-1,0,"[False  True False False False False False False False False False False
 False False False False False False False False False False False False
 False False False False False False False False False False False False
 False False False False False False False False False False False False
 False False False False False False False False False False False False
 False False False False False False False]","[False False False False False False False False False False False False
 False False False False False False False False False False False False
  True False False False  True  True False False False  True False False
 False  True False False False  True False False False False  True False
 False False  True  True False False False False  True False False False
 False False  True  True False False False]","[0.6, 0.4, 0.0]","[1.6832410393848654, 2.5630985764077403]",0,False,False
40,40.0,750.0,0.0,1,1,0,"[False False  True False False False False  True False False False  True
 False False False  True  True False False  True False False False False
  True False False False  True  True False False False False False  True
 False False False False False False False  True  True False False False
 False  True False False False False False False False False False False
 False False False False False False False]","[False False False False False False False False False False False False
 False False False False False False False False False False False False
 False False False False False False False False False False False False
 False False False False False False False False False False False False
 False False False False False False False False False False False False
 False False False False False False False]","[0.6, 0.4, 0.0]","[1.6832410393848654, 2.5630985764077403]",0,False,False
41,41.0,3000.0,0.0,-1,-1,0,"[False False False False False False False False False False False False
 False False False False False False False False False False False False
 False False False False False False False False False False False False
 False False False False False False False False False False False False
 False False False False False False False False False False False False
 False False False False False False False]","[False False False False False False False False False False False False
 False False False False False False False False False False  True  True
 False False False  True  True False False  True  True False False False
  True False False False  True False False False  True  True False False
 False False False False False False False False False False False False
 False False False False False False False]","[0.6, 0.4, 0.0]","[1.6832410393848654, 2.5630985764077403]",0,False,False
42,42.0,3000.0,0.0,-1,1,0,"[False False  True False False  True False False False False False False
 False False False False False False False False False False False False
 False False False False False False False False False False False False
 False False False False False False False False False False False False
 False False False False False False False False False False False False
 False False False False False False False]","[False False False False False False False False False False False False
 False False False False False False False False False False False False
 False False False False False False False False False False False False
 False False False False False False False False False False False False
 False False False False False False False False False False False False
 False False False False False False False]","[0.56, 0.44, 0.0]","[1.583275816739861, 2.670350930522295]",0,False,False
43,42.0,3000.0,0.0,-1,1,0,"[ True  True False False False False False False False False False False
 False False False False False False False False False False False False
 False False False False False False False False False False False False
 False False False False False False False False False False False False
 False False False False False False False False False False False False
 False False False False False False False]","[False False False False False False False False False False False False
 False False False False False False False False False False False False
 False False False False False False False False False False False False
 False False False False False False False False False False False False
 False False False False False False False False False False False False
 False False False False False False False]","[0.6, 0.4, 0.0]","[1.2458505001420814, 2.5630985764077403]",0,False,False
44,43.0,6000.0,0.0,-1,1,0,"[False  True  True False False False False False False False False False
 False False False False False False False False False False False False
 False False False False False False False False False False False False
 False False False False False False False False False False False False
 False False False False False False False False False False False False
 False False False False False False False]","[False False False False False False False False False False False False
 False False False False False False False False False False False False
 False False False False False False False False False False False False
 False False False False False False False False False False False False
 False False False False False False False False False False False False
 False False False False False False False]","[0.6, 0.4, 0.0]","[0.8614539877232001, 2.5630985764077403]",0,False,False
45,44.0,3000.0,0.0,-1,-1,0,"[False False False False False False False False False False False False
 False False False False False False False False False False False False
 False False False False False False False False False False False False
 False False False False False False False False False False False False
 False False False False False False False False False False False False
 False False False False False False False]","[ True False False False False  True False False False  True  True False
 False False  True False False  True  True False False False  True False
 False False  True False False False False False False False False False
  True  True False False False False False False False False False False
 False False False False  True False False False False False False False
 False False False False False False False]","[0.64, 0.36, 0.0]","[0.6372783160801316, 2.4412761378064363]",0,False,False
46,45.0,750.0,0.0,1,1,0,"[False False False  True  True False False False  True False False False
  True False False False False  True False False False  True False False
 False False  True False False False False False False False False  True
  True False False False False False False False  True False False False
 False False  True  True False False False  True False False False False
 False False False False False False False]","[False False False False False False False False False False False False
 False False False False False False False False False False False False
 False False False False False False False False False False False False
 False False False False False False False False False False False False
 False False False False False False False False False False False False
 False False False False False False False]","[0.6, 0.4, 0.0]","[0.5066938613135554, 2.5630985764077403]",0,False,False
47,46.0,1500.0,0.0,1,-1,0,"[False False False False False False False False False False False False
 False False False False False False False False False False False False
 False False False False False False False False False False False False
 False False False False False False False False False False False False
 False False False False False False False False False False False False
 False False False False False False False]","[False False False False  True False False False  True False False False
 False False False False False False False False False False False False
 False False False False False False False False False False False False
 False False False False False False False False False False False False
 False False False False False False False False False False False False
 False False False False False False False]","[0.6, 0.4, 0.0]","[0.5066938613135554, 2.5630985764077403]",0,False,False
48,47.0,750.0,0.0,1,1,0,"[ True False False False  True  True False False False  True False False
 False  True  True False False  True  True False False  True  True False
 False False  True False False False False  True False False False False
  True  True False False False False False False False False  True  True
 False False False  True False False False False False False False False
 False False False False False False False]","[False False False False False False False False False False False False
 False False False False False  True  True False False False False False
 False False  True False False False False False False False False False
 False False False False False False False False False False False False
 False False False False False False False False False False False False
 False False False False False False False]","[0.6, 0.4, 0.0]","[0.5066938613135554, 1.6832403249694212]",0,False,False
49,48.0,750.0,0.0,1,1,0,"[False False False  True  True False False  True False False False False
  True  True False False  True  True False False  True  True False False
  True  True False False False  True  True False False False False  True
 False False False False  True False False False  True False False False
 False False  True  True False False False False False False False  True
  True False False False False False False]","[False False False False False False False False False False False False
 False False False False False False False False  True  True False False
 False False False False False False False False False False False False
 False False False False False False False False False False False False
 False False False False False False False False False False False False
 False False False False False False False]","[0.6, 0.4, 0.0]","[0.5066938613135554, 1.6832403249694212]",0,False,False
50,49.0,1500.0,0.0,1,1,0,"[False False  True False False False False False False False False False
 False False False False  True False False False  True  True False False
 False  True False False False False False False False  True  True False
 False False False False False False False False  True False False False
 False False False False False False False  True False False False False
 False False False  True False False False]","[False False False False False False False False False False False False
 False False False False False False False False False False False False
 False False False False False  True False False False False False False
 False False  True False False False False False False False False False
 False False False False False False False False False False False False
 False False False False False False False]","[0.6, 0.4, 0.0]","[0.5066938613135554, 1.6832403249694212]",0,False,False
51,50.0,1500.0,0.0,1,1,0,"[ True False False False False False False False False False False False
 False  True False False False  True  True False False False  True False
 False False False  True False False False  True  True False False  True
 False False False False  True False False False False  True  True False
 False False False False False False  True False False False False False
  True False False False False False  True]","[False False False False False False False False False False False False
 False False False False False False False False False False False False
 False False False False False False  True  True False False False False
 False False False False False False False False False False False False
 False False False False False False False False False False False False
 False False False False False False False]","[0.64, 0.36, 0.0]","[0.6372783160801316, 1.5294172755398876]",0,False,False
52,51.0,3000.0,0.0,-1,-1,0,"[False False False False False False False False False False False False
 False False False False False False False False False False False False
 False False False False False False False False False False False False
 False False False False False False False False False False False False
 False False False False False False False False False False False False
 False False False False False False False]","[False False False False False False False False False False False False
 False False False  True False False False  True  True False False False
  True False False False  True False False False  True  True False False
 False  True False False False  True False False False False False  True
 False False False False False False False False False False  True False
 False False False False False False False]","[0.68, 0.32, 0.0]","[0.7547834222332187, 1.348977534191646]",0,False,False
53,52.0,750.0,0.0,1,1,0,"[False  True  True False False False  True False False False  True  True
 False False  True  True False False False  True  True False False False
  True False False False False False  True False False False  True  True
 False False False False False False False False  True  True False False
 False False  True False False False  True False False False False False
 False False False False False False  True]","[False False False False False False False False False False False False
 False False False False False False False False False False False False
 False False False False False False False False False False False False
 False False False False False False False False False False False False
 False False False False False False False False False False False False
 False False False False False False False]","[0.64, 0.36, 0.0]","[0.6372783160801316, 1.5294172755398876]",0,False,False
54,53.0,1500.0,0.0,1,1,0,"[False False False  True  True False False False  True False False False
  True  True False False  True  True False False False  True  True False
 False False  True False False False False  True  True False False False
 False False False False  True  True False False False False  True  True
 False False False  True  True False False False False False False False
 False False False False False False False]","[False False False False False False False False False False False False
 False False False False False False False False False False False False
 False False False False False False False False False False False False
 False False False False False  True False False False False False False
 False False False False False False False False False False False False
 False False False False False False False]","[0.68, 0.32, 0.0]","[0.7547834222332187, 1.348977534191646]",0,False,False
55,54.0,6000.0,0.0,-1,-1,0,"[False False False False False False False False False False False False
 False False False False False False False False False False False False
 False False False False False False False False False False False False
 False False False False False False False False False False False False
 False False False False False False False False False False False False
 False False False False False False False]","[False  True  True False False False False False False False  True False
 False False False False False False False False False False False False
 False False False False  True False False False False False  True False
 False False False False False False False False  True False False False
 False False False False False False False False False False False False
 False False False False False False False]","[0.68, 0.32, 0.0]","[0.7547834222332187, 1.348977534191646]",0,False,False
56,55.0,1500.0,0.0,1,1,0,"[False False  True  True False False  True False False False False  True
  True False False False  True False False False  True False False False
  True  True False False False False  True  True False False False False
 False False False False  True  True False False False  True False False
 False False  True False False False False False False False False False
 False False False False False False False]","[False False False False False False False False False False False False
 False False False  True False False False False False False False False
 False False False False False False False False False False False False
 False False False False False False False False False False False False
 False False False False False False False False False False False False
 False False False False False False False]","[0.68, 0.32, 0.0]","[0.7547834222332187, 1.348977534191646]",0,False,False
57,56.0,6000.0,0.0,-1,-1,0,"[False False False False False False False False False False False False
 False False False False False False False False False False False False
 False False False False False False False False False False False False
 False False False False False False False False False False False False
 False False False False False False False False False False False False
 False False False False False False False]","[ True False False False  True False False False  True  True False False
 False  True False False False  True False False False  True  True False
 False False False  True False False False False False False False False
 False False False False False  True False False False False False False
 False False False False False False False False False False False False
 False False False False False False False]","[0.68, 0.32, 0.0]","[1.0827894677165155, 1.348977534191646]",0,False,False
58,57.0,6000.0,0.0,-1,-1,0,"[False False False False False False False False False False False False
 False False False False False False False  True False False False False
 False False False False False False False False False False False False
 False False False False False False False False False False False False
 False False False False False False False False False False False False
 False False False False False False False]","[False  True False False False False  True False False False False  True
 False False False  True False False  True False False False False False
  True False False False False  True  True False False  True  True False
 False False False False  True False False False  True  True False False
 False False False False False False False False False False False False
 False False False False False False False]","[0.64, 0.36, 0.0]","[0.9775521605649683, 1.5294172755398876]",0,False,False
59,58.0,3000.0,0.0,-1,1,0,"[False  True False False  True  True False False False False False False
 False False False False False False False False False False False False
 False False False False False False False False False False False False
 False False False False False False False False False False False False
 False False False False False False False False False False False False
 False False False False False False False]","[False False False False False False False False False False False False
 False False False False False False False False False False False False
 False False False False False False False False False False False False
 False False False False False False False False False False False False
 False False False False False False False False False False False False
 False False False False False False False]","[0.64, 0.36, 0.0]","[0.9775521605649683, 1.5294172755398876]",0,False,False
60,59.0,750.0,0.0,1,1,0,"[False False  True  True False False False  True False False False  True
  True False False  True  True False False  True  True False False False
  True False False False False  True False False False False False False
 False False False  True False False False  True False False False  True
 False False False False False False False False False False False False
  True False False False False False False]","[False False False False False False False False False False False False
 False False False  True  True False False False False False False False
  True False False False False False False False False False False False
 False False False False False False False False False False False False
 False False False False False False False False False False False False
 False False False False False False False]","[0.64, 0.36, 0.0]","[0.9775521605649683, 1.5294172755398876]",0,False,False
61,60.0,750.0,0.0,1,0,0,"[False False False False False False False False False False False False
 False False False False False False False False False False False False
 False False False False False False False False False False False False
 False False False False False False False False False False False False
 False False False False False False False False False False False False
 False False False False False False False]","[False False False False False False False False False False False False
 False False False False False False False False False False False False
 False False False False False False False False False False False False
 False False False False False False False False False False False False
 False False False False False False False False False False False False
 False False False False False False False]","[0.64, 0.36, 0.0]","[1.34897851762444, 1.5294172755398876]",0,False,False
62,61.0,3000.0,0.0,-1,-1,0,"[False False False False False False False False False False False False
 False False False False False False False False False False False False
 False False False False False False False False False False False False
 False False False False False False False False False False False False
 False False False False False False False False False False False False
 False False False False False False False]","[False False False  True False False False  True False False False False
  True False False  True  True False False False  True False False False
  True False False False  True  True False False False  True False False
 False False False  True False False False False False False False  True
 False False False False False False  True False False False False False
 False False False False False False False]","[0.6, 0.36, 0.04]","[1.2458505001420814, 1.5294172755398876]",0,False,False
63,62.0,6000.0,0.0,-1,-1,0,"[False False False False False False False False False False False False
 False False False False False False False False False False False False
 False False False False False False False False False False False False
 False False False False False False False False False False False False
 False False False False False False False False False False False False
 False False False False False False False]","[False False False False  True False False  True  True False False False
  True False False False  True  True False False  True  True False False
  True  True False False False  True  True False False False  True False
 False False False False  True False False False  True False False False
 False False False False False False False False False False False False
 False False False False False False False]","[0.6, 0.36, 0.04]","[1.2458505001420814, 2.4412761378064363]",0,False,False
64,63.0,3000.0,0.0,-1,-1,0,"[False False False False False False False False False False False False
 False False False False False False False False False False False False
 False False False False False False False False False False False False
 False False False False False False False False False False False False
 False False False False False False False False False False False False
 False False False False False False False]","[False False False  True  True False False False False False False False
 False  True False False  True False False False False  True  True False
 False False False False False False False False False False False  True
  True False False False False  True False False False False False False
 False False False False  True False False False False False False False
 False False False False False False False]","[0.56, 0.4, 0.04]","[1.1318967437115721, 2.5630985764077403]",0,False,False
65,64.0,1500.0,0.0,1,1,0,"[False  True  True False False  True  True False False False  True  True
 False False  True False False False  True  True False False False  True
 False False False False False False  True False False False False False
 False False False False  True False False False  True False False False
 False False False False False False False False False False False  True
  True False False False  True False False]","[False False False False False False False False False False False False
 False False  True  True False False False False False False False False
 False False False False False False False False False  True False False
 False False False False False False False False False False False False
 False False False False False False False False False False False False
 False False False False False False False]","[0.56, 0.4, 0.04]","[1.1318967437115721, 2.5630985764077403]",0,False,False
66,65.0,1500.0,0.0,1,-1,0,"[False False False False False False False False False False False False
 False False False False False False False False False False False False
 False False False False False False False False False False False False
 False False False False False False False False False False False False
 False False False False False False False False False False False False
 False False False False False False False]","[ True False False False  True  True False False False False False False
 False False False False False False False False False False False False
 False False False False False False False False False False False False
 False False False False False False False False False False False False
 False False False False False False False False False False False False
 False False False False False False False]","[0.56, 0.4, 0.04]","[1.1318967437115721, 2.5630985764077403]",0,False,False
67,65.0,1500.0,0.0,1,1,0,"[False  True False False False  True False False False  True  True False
 False  True False False False False  True  True False False  True  True
 False False  True  True False False False False  True  True False False
 False False False False False False False False False False False False
 False False False False  True  True False False False False  True  True
 False False False False False False False]","[False False False False False False False False False False False False
 False False False False False False False False False False False False
 False False False  True False False False False False False False False
 False  True False False False False False False False False False False
 False False False False False False False False False False False False
 False False False False False False False]","[0.56, 0.4, 0.04]","[1.1318967437115721, 1.6832403249694212]",0,False,False
68,66.0,6000.0,0.0,-1,-1,0,"[False False False False False False False False False False False False
 False False False False False False False False False False False False
 False False False False False False False False False False False False
 False False False False False False False False False False False False
 False False False False False False False False False False False False
 False False False False False False False]","[False  True False False False False  True False False False False  True
 False False  True  True False False  True  True False False False  True
  True False False False  True False False False False  True  True False
 False False  True False False False False False False  True False False
 False False False False False False False False False False False False
 False False False False False False False]","[0.56, 0.4, 0.04]","[1.583275816739861, 1.6832403249694212]",0,False,False
69,67.0,3000.0,0.0,-1,-1,0,"[False False False False False False False False False False False False
 False False False False False False False False False False False False
 False False False False False False False False False False False False
 False False False False False False False False False False False False
 False False False False False False False False False False False False
 False False False False False False False]","[ True False False False False  True False False False False  True False
 False  True  True False False  True  True False False False  True  True
 False False False False  True  True False False False False False False
 False False False  True False False False False False False False False
 False False False False False False False False False False False False
 False False False False False False False]","[0.52, 0.44, 0.04]","[2.0401502213058973, 1.8169135474117328]",0,False,False
70,68.0,750.0,0.0,1,1,0,"[ True False False  True False False False False  True  True False False
  True  True False False  True  True False False False  True  True False
 False False False False False False False False  True False False False
 False False False False False False  True False False False  True  True
 False False False False False False False False False False False False
 False False False False  True False False]","[False False False False False False False False False False False False
 False False False False False False False False False False False False
 False False False False False False False False False False False False
  True False False False False False False False False False False False
 False False False False False False False False False False False False
 False False False False False False False]","[0.48, 0.48, 0.04]","[2.765983730024195, 1.9348409100817299]",0,False,False
71,69.0,3000.0,0.0,-1,-1,0,"[False False False False False False False False False False False False
 False False False False False False False False False False False False
 False False False False False False False False False False False False
 False False False False False False False False False False False False
 False False False False False False False False False False False False
 False False False False False False False]","[False  True False False False False  True False False False False  True
 False False  True  True False False False False False False False False
  True False False False  True  True False False False False False  True
 False False False  True  True False False False False False  True False
 False False False False False False False False False False False False
 False False False False False False False]","[0.52, 0.44, 0.04]","[2.8521492405688016, 1.8169135474117328]",0,False,False
72,70.0,750.0,0.0,1,1,0,"[False  True False False False False False False False False  True False
 False False  True False False False  True  True False False False  True
 False False False  True  True False False False  True False False False
  True  True False False False False False False False False False False
 False False False False False False False False  True False False False
 False False False False False False False]","[False False False False False False False False False False False False
 False False False False False False False False False False False  True
 False False False False False False False False  True False False False
 False False False False False False False False False False False False
 False False False False False False False False False False False False
 False False False False False False False]","[0.48, 0.48, 0.04]","[2.765983730024195, 1.9348409100817299]",0,False,False
73,71.0,750.0,0.0,1,1,0,"[False False False False False False False  True False False False False
  True False False False  True  True False False  True  True  True False
 False  True  True False False False  True False False False  True  True
 False False False  True False False False False  True  True False False
 False  True False False False False False False False False False  True
  True False False False  True False False]","[False False False False False False False False False False False False
 False False False False False False False False False False False False
 False  True  True False False False  True False False False  True False
 False False  True False False False False False False False False False
 False  True False False False False False False False False False False
 False False False False False False False]","[0.52, 0.44, 0.04]","[2.8521492405688016, 2.670350930522295]",0,False,False
74,72.0,1500.0,0.0,1,1,0,"[False False  True False False False False  True False False False  True
  True False False  True  True False False  True  True False False False
  True False False False  True  True False False False  True False False
 False False  True  True False False False False  True False False False
 False False False False False False False  True False False False  True
 False False False False False False False]","[False False False False False False False False False False False False
 False False False False False False False False  True False False False
  True False False False False False False False False  True False False
 False False False False False False False False False False False False
 False False False False False False False False False False False False
 False False False False False False False]","[0.52, 0.44, 0.04]","[2.8521492405688016, 2.670350930522295]",0,False,False
75,73.0,1500.0,0.0,1,1,0,"[False False  True False False False  True False False False False  True
 False False False  True  True False False False  True False False False
  True False False False  True  True False False False  True False False
 False False  True  True False False False False False False False  True
 False False False False False False  True False False False  True False
 False False False  True False False False]","[False False False False False False False False False False False False
 False False False False False False False False  True False False False
 False False False False False False False False False  True False False
 False False False False False False False  True False False False False
 False False False False False False False False False False False False
 False False False False False False False]","[0.52, 0.44, 0.04]","[2.8521492405688016, 2.670350930522295]",0,False,False
76,74.0,6000.0,0.0,-1,-1,0,"[False False False False False False False False False False False False
 False False False False False False False False False False False False
 False False False False False False False False False False False False
 False False False False False False False False False False False False
 False False False False False False False False False False False False
 False False False False False False False]","[False False  True False False  True  True False False False  True  True
 False False  True  True False False  True False False False False  True
 False False False False False False False False  True False False False
 False False False False False False  True  True False False False False
 False False False False False False False False False False False False
 False False False False False False False]","[0.52, 0.44, 0.04]","[2.8521492405688016, 2.670350930522295]",0,False,False
77,75.0,3000.0,0.0,-1,1,0,"[ True  True False False False False False False False False False False
 False False False False False False False False False False False False
 False False False False False False False False False False False False
 False False False False False False False False False False False False
 False False False False False False False False False False False False
 False False False False False False False]","[False False False False False False False False False False False False
 False False False False False False False False False False False False
 False False False False False False False False False False False False
 False False False False False False False False False False False False
 False False False False False False False False False False False False
 False False False False False False False]","[0.48, 0.48, 0.04]","[2.765983730024195, 2.765983730024195]",0,False,False
78,76.0,6000.0,0.0,-1,1,0,"[ True False False False False  True False False False False False False
 False False False False False False False False False False False False
 False False False False False False False False False False False False
 False False False False False False False False False False False False
 False False False False False False False False False False False False
 False False False False False False False]","[False False False False False False False False False False False False
 False False False False False False False False False False False False
 False False False False False False False False False False False False
 False False False False False False False False False False False False
 False False False False False False False False False False False False
 False False False False False False False]","[0.52, 0.44, 0.04]","[2.0401502213058973, 2.670350930522295]",0,False,False
79,77.0,3000.0,0.0,-1,-1,0,"[False False False False False False False False False False False False
 False False False False False False False False False False False False
 False False False False False False False False False False False False
 False False False False False False False False False False False False
 False False False False False False False False False False False False
 False False False False False False False]","[ True False False False  True  True False False  True  True False False
  True  True False False False  True False False False False  True False
 False False False False False False  True False False False False False
  True False False False False  True False False False False False  True
 False False False False  True False False False False False False False
 False False False False False False False]","[0.52, 0.44, 0.04]","[1.472630473950306, 2.670350930522295]",0,False,False
80,78.0,6000.0,0.0,-1,1,0,"[ True False False False  True  True False False False False False False
 False False False False False False False False False False False False
 False False False False False False False False False False False False
 False False False False False False False False False False False False
 False False False False False False False False False False False False
 False False False False False False False]","[False False False False False False False False False False False False
 False False False False False False False False False False False False
 False False False False False False False False False False False False
 False False False False False False False False False False False False
 False False False False False False False False False False False False
 False False False False False False False]","[0.48, 0.48, 0.04]","[1.348978189813191, 2.765983730024195]",0,False,False
81,79.0,750.0,0.0,1,1,0,"[False  True  True False False False  True False False False  True  True
 False False  True  True False False  True  True False False False False
  True False False False False False  True False False False False False
 False False  True False False False False False  True False False False
  True False False False False False False False False False False False
 False False False False False False False]","[False False False False False False False False False False False False
 False False False  True False False False  True False False False  True
 False False False False False False False False False False False False
 False False False False False False False False False False False False
 False False False False False False False False False False False False
 False False False False False False False]","[0.52, 0.44, 0.04]","[1.0048036057610192, 2.670350930522295]",0,False,False
82,80.0,6000.0,0.0,-1,-1,0,"[False False False False False False False False False False False False
 False False False False False False False False False False False False
 False False False False False False False False False False False False
 False False False False False False False False False False False False
 False False False False False False False False False False False False
 False False False False False False False]","[ True False False  True  True False False False  True False False False
  True  True False False False  True False False False  True False False
 False False False  True False False False False  True False False False
 False False  True False False False False False False False False False
 False False False False False False False False False False False False
 False False False False False False False]","[0.52, 0.44, 0.04]","[1.0048036057610192, 2.670350930522295]",0,False,False
83,81.0,3000.0,0.0,-1,-1,0,"[False False False False False False False False False False False False
 False False False False False False False False False False False False
 False False False False False False False False False False False False
 False False False False False False False False False False False False
 False False False False False False False False False False False False
 False False False False False False False]","[False  True  True False False False  True False False False  True  True
 False False False  True False False False  True False False False False
  True False False False False False  True False False False False False
 False False False False False False False False False False  True False
 False False False False False False False False False False False False
 False False False False False False False]","[0.52, 0.44, 0.04]","[1.0048036057610192, 2.670350930522295]",0,False,False
84,82.0,750.0,0.0,1,1,0,"[ True False False  True  True False False False  True  True False False
  True  True False False  True  True False False False  True False False
 False False  True False False False False False  True False False False
  True False False False  True  True False False  True  True False False
 False False False False False False False False  True False False False
 False False False False False False False]","[False False False False False False False False False False False False
 False False False False False  True False False False False False False
 False False  True False False False False False False False False False
 False False False False False False False False False  True False False
 False False False False False False False False False False False False
 False False False False False False False]","[0.52, 0.44, 0.04]","[1.0048036057610192, 2.670350930522295]",0,False,False
85,83.0,6000.0,0.0,-1,-1,0,"[False False False False False False False False False False False False
 False False False False False False False False False False False False
 False False False False False False False False False False False False
 False False False False False False False False False False False False
 False False False False False False False False False False False False
 False False False False False False False]","[ True False False False  True False False False  True  True False False
 False  True False False False  True False False False  True  True False
 False False  True False False False False  True  True False False False
  True False False False False  True False False False False False False
 False False False False False False False False False False False False
 False False False False False False False]","[0.52, 0.44, 0.04]","[1.472630473950306, 2.670350930522295]",0,False,False
86,84.0,750.0,0.0,1,1,0,"[False False  True False False  True False False False False  True False
 False False  True  True False False False  True False False  True  True
  True False False False  True False False  True  True False False False
 False False  True False False False False False False  True False False
 False  True False False False  True False False False False False False
 False False False False False False False]","[False False False False False False False False False False False False
 False False False False False False False False False False False False
 False False False  True False False False False False False False False
 False False False False False False False False False  True False False
 False False False False False False False False False False False False
 False False False False False False False]","[0.48, 0.48, 0.04]","[1.348978189813191, 2.765983730024195]",0,False,False
87,85.0,1500.0,0.0,1,1,0,"[False False False False  True  True False False False  True  True False
 False False  True  True False False False False False False False  True
 False False False  True False False False  True  True False False False
 False False False False False False  True False False False  True False
 False False False False False False False False False False False False
 False False False False False False False]","[False False False False False False False False False False False False
 False False False False False False  True False False False False False
 False False False False False False False False False False False False
  True False False False False False False False False False False False
 False False False False False False False False False False False False
 False False False False False False False]","[0.52, 0.48, 0.0]","[1.472630473950306, 2.765983730024195]",0,False,False
88,86.0,1500.0,0.0,1,1,0,"[False False  True False False  True False False False False  True  True
 False False  True  True False False  True  True False False False False
  True False False  True  True False False False  True False False False
 False False  True False False False False False False False False False
 False False False False False False False False False False False False
 False False False False False False False]","[False False False False False False False False False False False False
 False False False False False False False  True False False False  True
 False False False False  True False False False  True False False False
 False False False False False False  True False False False False False
 False False False False False False False False False False False False
 False False False False False False False]","[0.56, 0.44, 0.0]","[1.583275816739861, 2.670350930522295]",0,False,False
89,87.0,1500.0,0.0,1,1,0,"[ True  True False False  True  True False False  True  True  True False
 False  True  True False False False  True False False False  True False
 False False False  True False False False False False False False False
  True  True False False False False False False False False False  True
  True False False False  True False False False False False False False
 False False False False False False False]","[False False False False False False False False False False False False
 False  True False False False  True  True False False False False False
 False False  True False False False False False False False False False
 False False False False False False False False False False False False
 False False False False False False False False False False False False
 False False False False False False False]","[0.6, 0.4, 0.0]","[1.6832410393848654, 2.5630985764077403]",0,False,False
90,88.0,3000.0,0.0,-1,1,0,"[False False False False  True False False False  True False False False
 False False False False False False False False False False False False
 False False False False False False False False False False False False
 False False False False False False False False False False False False
 False False False False False False False False False False False False
 False False False False False False False]","[False False False False False False False False False False False False
 False False False False False False False False False False False False
 False False False False False False False False False False False False
 False False False False False False False False False False False False
 False False False False False False False False False False False False
 False False False False False False False]","[0.64, 0.36, 0.0]","[1.7742916679085448, 2.4412761378064363]",0,False,False
91,89.0,3000.0,0.0,-1,-1,0,"[False False False False False False False False False False False False
 False False False False False False False False False False False False
 False False False False False False False False False False False False
 False False False False False False False False False False False False
 False False False False False False False False False False False False
 False False False False False False False]","[False False False  True False False False  True False False False  True
 False False False  True  True False False  True  True False False  True
  True False False False  True  True False False False False  True False
 False False  True False False False False False  True  True False False
 False False False False False False False False False False False False
 False False False False False False False]","[0.64, 0.36, 0.0]","[1.34897851762444, 2.4412761378064363]",0,False,False
92,90.0,6000.0,0.0,-1,1,0,"[False False  True  True False False False False False False False False
 False False False False False False False False False False False False
 False False False False False False False False False False False False
 False False False False False False False False False False False False
 False False False False False False False False False False False False
 False False False False False False False]","[False False False False False False False False False False False False
 False False False False False False False False False False False False
 False False False False False False False False False False False False
 False False False False False False False False False False False False
 False False False False False False False False False False False False
 False False False False False False False]","[0.64, 0.36, 0.0]","[1.34897851762444, nan]",0,False,False
93,91.0,3000.0,0.0,-1,-1,0,"[False False False False False False False False False False False False
 False False False False False False False False False False False False
 False False False False False False False False False False False False
 False False False False False False False False False False False False
 False False False False False False False False False False False False
 False False False False False False False]","[ True False False  True  True False False False  True  True False False
 False  True False False False  True False False False  True False False
 False False  True False False False False  True  True False False False
 False False False False False False  True False False False False False
 False False False False False False False False False False False False
 False False False False False False False]","[0.64, 0.36, 0.0]","[0.9775521605649683, nan]",0,False,False
94,92.0,750.0,0.0,1,1,0,"[ True  True False False  True  True False False False  True False False
 False  True  True False False False  True False False False  True False
 False False  True  True False False False False  True False False False
 False False False False False False  True  True False False False  True
 False False False False False False False False False False False False
 False False False False False False False]","[False False False False False False False False False False False False
 False False False False False  True False False False False  True False
 False False  True False False False False False False False False False
 False False False False False False False False False False False False
 False False False False False False False False False False False False
 False False False False False False False]","[0.64, 0.36, 0.0]","[0.9775521605649683, nan]",0,False,False
95,93.0,1500.0,0.0,1,1,0,"[False False  True  True False False False  True False False False  True
  True False False  True  True False False False  True False False False
  True False False False False  True False False False False  True  True
 False False False False False False False  True False False False False
 False False False False False False False False False False False False
 False False False False False False False]","[False False False False False False False False False False False False
 False False False  True False False False False  True False False False
  True False False False  True False False False False False False False
 False False False False False False False False False False False False
 False False False False False False False False False False False False
 False False False False False False False]","[0.68, 0.32, 0.0]","[1.0827894677165155, nan]",0,False,False
96,94.0,750.0,0.0,1,-1,0,"[False False False False False False False False False False False False
 False False False False False False False False False False False False
 False False False False False False False False False False False False
 False False False False False False False False False False False False
 False False False False False False False False False False False False
 False False False False False False False]","[ True False False False  True False False False False False False False
 False False False False False False False False False False False False
 False False False False False False False False False False False False
 False False False False False False False False False False False False
 False False False False False False False False False False False False
 False False False False False False False]","[0.68, 0.32, 0.0]","[1.0827894677165155, nan]",0,False,False
97,95.0,6000.0,0.0,-1,1,0,"[ True False False False  True False False False False False False False
 False False False False False False False False False False False False
 False False False False False False False False False False False False
 False False False False False False False False False False False False
 False False False False False False False False False False False False
 False False False False False False False]","[False False False False False False False False False False False False
 False False False False False False False False False False False False
 False False False False False False False False False False False False
 False False False False False False False False False False False False
 False False False False False False False False False False False False
 False False False False False False False]","[0.68, 0.32, 0.0]","[1.0827894677165155, 2.300694208940575]",0,False,False
98,96.0,3000.0,0.0,-1,-1,0,"[False False False False False False False False False False False False
 False False False False False False False False False False False False
 False False False False False False False False False False False False
 False False False False False False False False False False False False
 False False False False False False False False False False False False
 False False False False False False False]","[ True False False False  True False False False  True  True False False
  True  True False False False False False False False  True False False
 False False  True False False False False  True  True False False False
  True False False False False False  True False False False False False
 False False False False False False False False False False False False
 False False False False False False False]","[0.68, 0.32, 0.0]","[0.7547834222332187, 2.300694208940575]",0,False,False
99,97.0,750.0,0.0,1,1,0,"[False  True  True False False  True  True False False  True  True False
 False False  True False False False False  True False False  True  True
 False False False  True False False False False False  True False False
 False False False False False False  True False False False False False
  True  True False False False False False False False False False False
 False False False False False False False]","[False False False False False False False False False False False False
 False False  True False False False  True  True False False False  True
 False False False False False False False False False False False False
 False False False False False False False False False False False False
 False False False False False False False False False False False False
 False False False False False False False]","[0.64, 0.36, 0.0]","[0.6372783160801316, 2.4412761378064363]",0,False,False
100,98.0,6000.0,0.0,-1,-1,0,"[False False False False False False False False False False False False
 False False False False False False False False False False False False
 False False False False False False False False False False False False
 False False False False False False False False False False False False
 False False False False False False False False False False False False
 False False False False False False False]","[ True False False False  True  True False False  True  True False False
  True  True False False False  True  True False False False  True False
 False False False False  True False False False  True False False False
  True False False False False False False  True False False False  True
 False False False  True  True False False False False False False False
 False False False False False False False]","[0.64, 0.36, 0.0]","[0.6372783160801316, 2.4412761378064363]",0,False,False
101,99.0,6000.0,0.0,-1,1,0,"[ True  True False False False False False False False False False False
 False False False False False False False False False False False False
 False False False False False False False False False False False False
 False False False False False False False False False False False False
 False False False False False False False False False False False False
 False False False False False False False]","[False False False False False False False False False False False False
 False False False False False False False False False False False False
 False False False False False False False False False False False False
 False False False False False False False False False False False False
 False False False False False False False False False False False False
 False False False False False False False]","[0.6, 0.4, 0.0]","[0.5066938613135554, 2.5630985764077403]",0,False,False
102,100.0,1500.0,0.0,1,-1,0,"[False False False False False False False False False False False False
 False False False False False False False False False False False False
 False False False False False False False False False False False False
 False False False False False False False False False False False False
 False False False False False False False False False False False False
 False False False False False False False]","[False False False  True False False False  True  True False False False
 False False False False False False False False False False False False
 False False False False False False False False False False False False
 False False False False False False False False False False False False
 False False False False False False False False False False False False
 False False False False False False False]","[0.64, 0.36, 0.0]","[0.31462117104709175, 2.4412761378064363]",0,False,False
103,100.0,1500.0,0.0,1,1,0,"[False  True False False False  True False False False  True  True False
 False  True  True False False False  True False False  True  True False
 False False False False False False  True False False False False False
 False False False False  True  True False False False False False False
 False False False False False False False False  True False False False
  True False False False False False False]","[False False False False False False False False False False False False
 False False False False False  True False False False False False False
 False False  True False False False False False False False False False
 False False False False False False False False False False False False
 False False False False False False False False False False False False
 False False False False False False False]","[0.6, 0.4, 0.0]","[0.5066938613135554, 1.6832403249694212]",0,False,False
104,101.0,1500.0,0.0,1,-1,0,"[False False False False False False False False False False False False
 False False False False False False False False False False False False
 False False False False False False False False False False False False
 False False False False False False False False False False False False
 False False False False False False False False False False False False
 False False False False False False False]","[False  True False False False  True False False False False False False
 False False False False False False False False False False False False
 False False False False False False False False False False False False
 False False False False False False False False False False False False
 False False False False False False False False False False False False
 False False False False False False False]","[0.6, 0.4, 0.0]","[0.8614539877232001, 1.6832403249694212]",0,False,False
105,102.0,1500.0,0.0,1,1,0,"[ True  True False False False  True  True False False  True False False
 False  True  True False False False False False False False  True False
 False False False  True False False False False False False False False
  True  True False False False False False False False  True False False
 False False False False False False False False False False False False
 False False False False False False False]","[False False False False False False False False False False False False
 False False  True False False False  True False False False False False
 False False  True  True False False False False False False False False
 False False False False False False False False False False False False
 False False False False False False False False False False False False
 False False False False False False False]","[0.6, 0.4, 0.0]","[0.8614539877232001, 1.04879987536743]",0,False,False
106,103.0,6000.0,0.0,-1,-1,0,"[False False False False False False False False False False False False
 False False False False False False False False False False False False
 False False False False False False False False False False False False
 False False False False False False False False False False False False
 False False False False False False False False False False False False
 False False False False False False False]","[ True False False  True  True False False False False False False False
  True False False False  True  True False False False  True False False
 False False  True False False False False False False False False  True
 False False False False  True False False False False False False False
 False False False False False False False False False False False False
 False False False False False False False]","[0.6, 0.4, 0.0]","[1.2458505001420814, 1.04879987536743]",0,False,False
107,104.0,3000.0,0.0,-1,1,0,"[False False False False  True False False False  True False False False
 False False False False False False False False False False False False
 False False False False False False False False False False False False
 False False False False False False False False False False False False
 False False False False False False False False False False False False
 False False False False False False False]","[False False False False False False False False False False False False
 False False False False False False False False False False False False
 False False False False False False False False False False False False
 False False False False False False False False False False False False
 False False False False False False False False False False False False
 False False False False False False False]","[0.56, 0.44, 0.0]","[1.1318967437115721, 1.2091694501633]",0,False,False
108,105.0,750.0,0.0,1,-1,0,"[False False False False False False False False False False False False
 False False False False False False False False False False False False
 False False False False False False False False False False False False
 False False False False False False False False False False False False
 False False False False False False False False False False False False
 False False False False False False False]","[False False  True False False False False  True False False False False
 False False False False False False False False False False False False
 False False False False False False False False False False False False
 False False False False False False False False False False False False
 False False False False False False False False False False False False
 False False False False False False False]","[0.6, 0.4, 0.0]","[0.8614539877232001, 1.04879987536743]",0,False,False
109,106.0,3000.0,0.0,-1,1,0,"[ True False False False  True False False False False False False False
 False False False False False False False False False False False False
 False False False False False False False False False False False False
 False False False False False False False False False False False False
 False False False False False False False False False False False False
 False False False False False False False]","[False False False False False False False False False False False False
 False False False False False False False False False False False False
 False False False False False False False False False False False False
 False False False False False False False False False False False False
 False False False False False False False False False False False False
 False False False False False False False]","[0.6, 0.4, 0.0]","[0.8614539877232001, 0.5066936887499858]",0,False,False
110,107.0,750.0,0.0,1,1,0,"[False False  True False False False  True False False False False  True
  True False False  True  True False False False False False False  True
  True False False False False False False False  True False False False
 False False False False False False  True False False False False False
 False False False False False False False False False  True False False
  True False False False False False False]","[False False False False False False False False False False False False
 False False False False False False False  True  True False False False
 False False False False False False False False False False False False
 False False False False False False False False False False False False
 False False False False False False False False False False False False
 False False False False False False False]","[0.6, 0.4, 0.0]","[0.5066938613135554, 0.5066936887499858]",0,False,False
111,108.0,6000.0,0.0,-1,-1,0,"[False False False False False False False False False False False False
 False False False False False False False False False False False False
 False False False False False False False False False False False False
 False False False False False False False False False False False False
 False False False False False False False False False False False False
 False False False False False False False]","[False  True  True False False False  True  True False False  True  True
 False False  True  True False False False  True False False False False
  True False False False False  True  True False False False False False
 False False False False  True False False False False False False False
 False False False False False False False False False False False False
 False False False False False False False]","[0.64, 0.36, 0.0]","[0.6372783160801316, 0.2794202853486787]",0,False,False
112,109.0,1500.0,0.0,1,1,0,"[False  True False False False  True  True False False  True False False
 False  True  True  True False  True  True False False False  True  True
 False False False  True False False False False  True  True False False
 False  True False False False False False  True False False False False
 False False False False False False False False False False False False
 False False False False False False False]","[False False False False False False False False False False False False
 False False False False False False  True False False False False False
 False False  True False False False False False False False False False
 False  True False False False False False False False False False False
 False False False False False False False False False False False False
 False False False False False False False]","[0.6, 0.4, 0.0]","[0.5066938613135554, 0.5066936887499858]",0,False,False
113,110.0,750.0,0.0,1,1,0,"[False  True  True False False False False False False False  True False
 False False  True False False False  True False False False False  True
 False False False False  True  True False False False False False False
 False False False False False False False False False False False False
 False False False False False False False False False False False False
 False False False False False False False]","[False False False False False False False False False False False False
 False False False False False False  True False False False  True False
 False False False False False False False False False False False False
 False False False  True False False False False False False False False
 False False False False False False False False False False False False
 False False False False False False False]","[0.6, 0.4, 0.0]","[0.5066938613135554, 0.5066936887499858]",0,False,False
114,111.0,3000.0,0.0,-1,-1,0,"[False False False False False False False False False False False False
 False False False False False False False False False False False False
 False False False False False False False False False False False False
 False False False False False False False False False False False False
 False False False False False False False False False False False False
 False False False False False False False]","[ True False False False  True False False False  True  True False False
  True  True False False False  True False False False  True False False
 False False  True False False False False False  True False False False
  True  True False False False False False  True False False False False
 False False False False False False False False False False False False
 False False False False False False False]","[0.6, 0.4, 0.0]","[0.5066938613135554, 0.5066936887499858]",0,False,False
115,112.0,1500.0,0.0,1,-1,0,"[False False False False False False False False False False False False
 False False False False False False False False False False False False
 False False False False False False False False False False False False
 False False False False False False False False False False False False
 False False False False False False False False False False False False
 False False False False False False False]","[False False False False  True  True False False False False False False
 False False False False False False False False False False False False
 False False False False False False False False False False False False
 False False False False False False False False False False False False
 False False False False False False False False False False False False
 False False False False False False False]","[0.56, 0.44, 0.0]","[0.3600244797379033, 0.6975107308138484]",0,False,False
116,113.0,750.0,0.0,1,1,0,"[False False  True False False False False  True False False False  True
 False False False False  True False False False False False False False
  True False False False  True  True False False False  True False False
  True  True False False False False False False False False False False
  True False False False  True False False False  True False False False
 False False False False False False False]","[False False False False False False False False False False False False
 False False False False False False False False False False False False
 False False False False False False False False  True False False False
 False False False False False  True False False False False False False
 False False False False False False False False False False False False
 False False False False False False False]","[0.52, 0.48, 0.0]","[0.5867619998972957, 0.42085643268640105]",0,False,False
117,114.0,1500.0,0.0,1,-1,0,"[False False False False False False False False False False False False
 False False False False False False False False False False False False
 False False False False False False False False False False False False
 False False False False False False False False False False False False
 False False False False False False False False False False False False
 False False False False False False False]","[False False False False False False False False  True  True False False
 False False False False False False False False False False False False
 False False False False False False False False False False False False
 False False False False False False False False False False False False
 False False False False False False False False False False False False
 False False False False False False False]","[0.56, 0.44, 0.0]","[0.7322121668315051, 0.2283703801950016]",0,False,False
118,115.0,6000.0,0.0,-1,-1,0,"[False False False False False False False False False False False False
 False False False False False False False False False False False False
 False False False False False False False False False False False False
 False False False False False False False False False False False False
 False False False False False False False False False False False False
 False False False False False False False]","[False False  True False False False  True  True False False  True False
 False False  True  True False False False  True False False False  True
 False False False False  True False False False  True False False False
 False False False False False False  True False False False  True False
 False False  True  True False False False  True False False False False
 False False False False False False False]","[0.52, 0.48, 0.0]","[1.0048036057610192, 0.0]",0,False,False
119,116.0,3000.0,0.0,-1,1,0,"[ True False False False  True False False False False False False False
 False False False False False False False False False False False False
 False False False False False False False False False False False False
 False False False False False False False False False False False False
 False False False False False False False False False False False False
 False False False False False False False]","[False False False False False False False False False False False False
 False False False False False False False False False False False False
 False False False False False False False False False False False False
 False False False False False False False False False False False False
 False False False False False False False False False False False False
 False False False False False False False]","[0.52, 0.48, 0.0]","[1.0048036057610192, 0.0]",0,False,False
120,117.0,6000.0,0.0,-1,-1,0,"[False False False False False False False False False False False False
 False False False False False False False False False False False False
 False False False False False False False False False False False False
 False False False False False False False False False False False False
 False False False False False False False False False False False False
 False False False False False False False]","[ True  True False False  True  True False False  True  True False False
  True  True False False False False  True False False False  True False
 False False  True False False False False False  True False False False
  True False False False False False  True False False False False False
 False False False False False False False False False False False False
 False False False False False False False]","[0.52, 0.48, 0.0]","[0.5867619998972957, 0.0]",0,False,False
121,118.0,750.0,0.0,1,1,0,"[False False  True False False False  True False False False False  True
 False False False  True  True False False  True  True False False False
  True False False False  True False False False  True False False False
 False False False False False False False  True False False False  True
 False False False  True False False False False False False False False
 False False False  True False False False]","[False False False False False False False False False False False False
 False False False False False False False  True  True False False  True
  True False False False  True False False False False False False False
  True False False False False False False False False False False False
 False False False False False False False False False False False False
 False False False False False False False]","[0.48, 0.52, 0.0]","[0.42085643268640105, 0.1931170816217559]",0,False,False
122,119.0,750.0,0.0,1,-1,0,"[False False False False False False False False False False False False
 False False False False False False False False False False False False
 False False False False False False False False False False False False
 False False False False False False False False False False False False
 False False False False False False False False False False False False
 False False False False False False False]","[False False False False False  True False False False False False False
 False False  True False False False False False False False False False
 False False False False False False False False False False False False
 False False False False False False False False False False False False
 False False False False False False False False False False False False
 False False False False False False False]","[0.52, 0.48, 0.0]","[0.5867619998972957, 0.42085643268640105]",0,False,False
123,120.0,1500.0,0.0,1,-1,0,"[False False False False False False False False False False False False
 False False False False False False False False False False False False
 False False False False False False False False False False False False
 False False False False False False False False False False False False
 False False False False False False False False False False False False
 False False False False False False False]","[False False False False  True False False False False  True False False
 False False False False False False False False False False False False
 False False False False False False False False False False False False
 False False False False False False False False False False False False
 False False False False False False False False False False False False
 False False False False False False False]","[0.48, 0.52, 0.0]","[0.8614538349250738, 0.1931170816217559]",0,False,False
124,121.0,1500.0,0.0,1,1,0,"[False False  True False False  True  True False False False  True False
 False False  True  True False False  True  True False False  True  True
 False False False  True False False False  True False False False False
 False  True False False False False  True False False False False  True
  True False False False  True False False False False False False False
 False False False False False False False]","[False False False False False False False False False False False False
 False False False False False False  True False False False  True  True
 False False False  True False False False  True False False False False
 False False False False False  True False False False False False False
  True False False False False False False False False False False False
 False False False False False False False]","[0.48, 0.52, 0.0]","[0.8614538349250738, -0.1931170816217559]",0,False,False
125,122.0,6000.0,0.0,-1,-1,0,"[False False False False False False False False False False False False
 False False False False False False False False False False False False
 False False False False False False False False False False False False
 False False False False False False False False False False False False
 False False False False False False False False False False False False
 False False False False False False False]","[False False False  True  True False False False  True  True False False
  True  True False False  True  True False False False  True False False
 False False  True False False False  True False False False False False
  True False False False  True False False False  True False False False
 False  True False False False False False False False False False False
 False False False False False False False]","[0.48, 0.52, 0.0]","[0.8614538349250738, -0.1931170816217559]",0,False,False
126,123.0,750.0,0.0,1,1,0,"[False  True  True False False  True False False False False  True False
 False False  True False False False  True  True False False  True  True
 False False False False  True  True False False False  True False False
 False False False  True False False False False False False False False
  True  True False False False False False False False False False False
 False False False False False False False]","[False False False False False False False False False False False False
 False False False False False False False False False False False False
 False False False False False False False False False  True False False
 False False False False False False False False False False False False
 False False False False False False False False False False False False
 False False False False False False False]","[0.48, 0.52, 0.0]","[0.8614538349250738, -0.1931170816217559]",0,False,False
127,124.0,6000.0,0.0,-1,-1,0,"[False False False False False False False False False False False False
 False False False False False False False False False False False False
 False False False False False False False False False False False False
 False False False False False False False False False False False False
 False False False False False False False False False False False False
 False False False False False False False]","[ True False False  True  True False False False  True  True False False
  True  True False False False  True False False False  True False False
 False False  True False False False False False False False False False
  True False False False  True  True False False False  True False False
 False False False False False False False False False False False False
 False False False False False False False]","[0.48, 0.52, 0.0]","[1.348978189813191, -0.1931170816217559]",0,False,False
128,125.0,3000.0,0.0,-1,-1,0,"[False False False False False False False False False False False False
 False False False False False False False False False False False False
 False False False False False False False False False False False False
 False False False False False False False False False False False False
 False False False False False False False False False False False False
 False False False False False False False]","[False False  True False False False False  True False False False  True
 False False False False  True False False False  True  True False False
  True  True False False False  True  True False False False False False
  True False False  True  True False False False False  True False False
 False False False False False False False False False False False False
 False False False False False False False]","[0.48, 0.52, 0.0]","[1.348978189813191, 0.1931170816217559]",0,False,False
129,126.0,3000.0,0.0,-1,-1,0,"[False False False False False False False False False False False False
 False False False False False False False False False False False False
 False False False False False False False False False False False False
 False False False False False False False False False False False False
 False False False False False False False False False False False False
 False False False False False False False]","[False  True False False False  True  True False False  True False False
 False False  True False False False False False False False  True  True
 False False False  True False False False  True  True False False False
 False  True False False False False  True False False False False  True
 False False False False False False False False False False False False
 False False False False False False False]","[0.44, 0.56, 0.0]","[1.2091694501633, 0.3600244797379033]",0,False,False
130,127.0,3000.0,0.0,-1,-1,0,"[False False False False False False False False False False False False
 False False False False False False False False False False False False
 False False False False False False False False False False False False
 False False False False False False False False False False False False
 False False False False False False False False False False False False
 False False False False False False False]","[False False False False False False False False False False False  True
  True False False False  True False False False  True False False False
 False  True False False False  True False False False  True False False
 False False  True False False False  True False False False False False
  True False False False  True  True False False False False False False
 False False False False False False False]","[0.44, 0.56, 0.0]","[1.2091694501633, 0.7322121668315051]",0,False,False
131,128.0,6000.0,0.0,-1,-1,0,"[False False False False False False False False False False False False
 False False False False False False False False False False False False
 False False False False False False False False False False False False
 False False False False False False False False False False False False
 False False False False False False False False False False False False
 False False False False False False False]","[False False False False False False False False False False  True False
 False False  True  True False False False  True  True False False False
  True False False False  True False False False False  True False False
 False False False False False  True False False False False False  True
  True False False False  True False False False  True False False False
 False False False  True False False False]","[0.4, 0.6, 0.0]","[1.04879987536743, 0.8614539877232001]",0,False,False
132,129.0,750.0,0.0,1,1,0,"[False False False False  True False False False  True False False False
  True False False False  True  True False False False  True False False
 False  True False False False False False False False False  True False
 False False False False  True False False False False  True False False
 False False False False False False False False  True False False False
  True False False False False False False]","[False False False False False False False False False False False False
 False False False False False False False False False  True False False
 False False False False False  True False False False False False False
 False False False False False False False False False False False False
 False False False False False False False False False False False False
 False False False False False False False]","[0.4, 0.6, 0.0]","[1.04879987536743, 0.8614539877232001]",0,False,False
133,130.0,750.0,0.0,1,1,0,"[False False  True False False False  True False False False  True False
 False False False  True False False False  True  True False False False
  True False False False  True False False False  True False False False
 False False  True  True False False False  True False False False False
 False False False False False  True  True False False False False False
 False False False False False False False]","[False False False False False False False False False False False False
 False False False False False False False  True False False False False
 False False False False  True False False False  True False False False
 False False False False False False False  True False False False  True
 False False False False False False False False False False False False
 False False False False False False False]","[0.4, 0.6, 0.0]","[1.6832403249694212, 0.8614539877232001]",0,False,False
134,131.0,1500.0,0.0,1,-1,0,"[False False False False False False False False False False False False
 False False False False False False False False False False False False
 False False False False False False False False False False False False
 False False False False False False False False False False False False
 False False False False False False False False False False False False
 False False False False False False False]","[False False  True False False False  True  True False False False False
 False False False False False False False False False False False False
 False False False False False False False False False False False False
 False False False False False False False False False False False False
 False False False False False False False False False False False False
 False False False False False False False]","[0.44, 0.56, 0.0]","[1.8169135474117328, 1.1318967437115721]",0,False,False
135,132.0,3000.0,0.0,-1,-1,0,"[False False False False False False False False False False False False
 False False False False False False False False False False False False
 False False False False False False False False False False False False
 False False False False False False False False False False False False
 False False False False False False False False False False False False
 False False False False False False False]","[False False  True  True False False False  True False False  True  True
 False False False False False False False False  True False False False
  True False False False  True  True False False False  True False False
 False False  True  True False False False  True False False False False
 False False False False False False False False False False False False
 False False False False False False False]","[0.4, 0.6, 0.0]","[2.5630985764077403, 0.8614539877232001]",0,False,False
136,133.0,1500.0,0.0,1,1,0,"[ True False False False False False False False False False False False
 False False False False False False False False False False False False
 False False False False False False False False False False False False
 False False False False False False False False False False False False
  True False False False  True  True False False False  True False False
 False  True  True False False False  True]","[False False False False False False False False False False False False
 False False False False False False False False False False False False
 False False False False False False False False False False False False
 False False False False False False False False False False False False
 False False False False False False False False False False False False
 False  True False False False  True False]","[0.36, 0.64, 0.0]","[2.4412761378064363, 0.9775521605649683]",0,False,False
137,134.0,1500.0,0.0,1,1,0,"[ True  True False False  True  True False False False  True False False
 False False  True False False  True  True False False False  True False
 False False  True  True False False False False False  True False False
 False  True False False False False  True False False False False  True
 False False False False False False False False False False False False
 False False False False False False False]","[False False False False False False False False False False False False
 False False False False False False False False False False False False
 False False False False False False False False False False False False
 False False False False False False False False False False False False
 False False False False False False False False False False False False
 False False False False False False False]","[0.4, 0.6, 0.0]","[2.5630985764077403, 0.8614539877232001]",0,False,False
138,135.0,3000.0,0.0,-1,-1,0,"[False False False False False False False False False False False False
 False False False False False False False False False False False False
 False False False False False False False False False False False False
 False False False False False False False False False False False False
 False False False False False False False False False False False False
 False False False False False False False]","[False False False False False False False False False False False False
 False False False  True False False False  True False False False  True
  True False False  True  True False False False  True False False False
  True  True False False False False  True  True False False False  True
 False False False False False False  True False False False False False
 False False False False False False False]","[0.4, 0.6, 0.0]","[2.5630985764077403, 0.8614539877232001]",0,False,False
139,136.0,3000.0,0.0,-1,-1,0,"[False False False False False False False False False False False False
 False False False False False False False False False False False False
 False False False False False False False False False False False False
 False False False False False False False False False False False False
 False False False False False False False False False False False False
 False False False False False False False]","[False False  True False False  True False False False False  True False
 False False  True  True False False False  True False False False  True
 False False False False  True False False False  True False False False
  True False False False False False  True False False False  True  True
 False False False False False False False False False False False False
 False False False False False False False]","[0.36, 0.64, 0.0]","[2.4412761378064363, 0.9775521605649683]",0,False,False
140,137.0,6000.0,0.0,-1,-1,0,"[False False False False False False False False False False False False
 False False False False False False False False False False False False
 False False False False False False False False False False False False
 False False False False False False False False False False False False
 False False False False False False False False False False False False
 False False False False False False False]","[ True False False False  True  True False False False  True False False
 False  True False False False False  True False False False  True False
 False False False  True False False False  True  True False False False
 False False  True False False False False False False False  True  True
 False False False False False False False False False False False False
 False False False False False False False]","[0.36, 0.64, 0.0]","[2.4412761378064363, 0.9775521605649683]",0,False,False
141,138.0,1500.0,0.0,1,-1,0,"[False False False False False False False False False False False False
 False False False False False False False False False False False False
 False False False False False False False False False False False False
 False False False False False False False False False False False False
 False False False False False False False False False False False False
 False False False False False False False]","[False False False  True  True False False False False False False False
 False False False False False False False False False False False False
 False False False False False False False False False False False False
 False False False False False False False False False False False False
 False False False False False False False False False False False False
 False False False False False False False]","[0.36, 0.64, 0.0]","[2.4412761378064363, 1.34897851762444]",0,False,False
142,139.0,6000.0,0.0,-1,0,0,"[False False False False False False False False False False False False
  True False False False False False False False False False False False
 False False False False False False False False False False False False
 False False False False False False False False False False False False
 False False False False False False False False False False False False
 False False False False False False False]","[False False False False False False False False False False False False
 False False False False False False False False False False False False
 False False False False False False False False False False False False
 False False False False False False False False False False False False
 False False False False False False False False False False False False
 False False False False False False False]","[0.32, 0.68, 0.0]","[2.300694208940575, 1.0827894677165155]",0,False,False
143,140.0,750.0,0.0,1,1,0,"[ True False False  True False False False  True  True False False False
  True False False False False False False False  True  True False False
 False False False False False False False False False False False  True
 False False False False  True False False False  True False False False
 False False False False False False  True  True False False False False
 False False False False False False False]","[False False False False False False False False False False False False
 False False False False  True False False False  True False False False
 False  True False False False False False False False False False False
 False False False False False False False False False False False False
 False False False False False False False False False False False False
 False False False False False False False]","[0.32, 0.64, 0.04]","[2.300694208940575, 1.34897851762444]",0,False,False
144,141.0,750.0,0.0,1,-1,0,"[False False False False False False False False False False False False
 False False False False False False False False False False False False
 False False False False False False False False False False False False
 False False False False False False False False False False False False
 False False False False False False False False False False False False
 False False False False False False False]","[False False  True  True False False False False False False False False
 False False False False False False False False False False False False
 False False False False False False False False False False False False
 False False False False False False False False False False False False
 False False False False False False False False False False False False
 False False False False False False False]","[0.36, 0.6, 0.04]","[2.4412761378064363, 1.2458505001420814]",0,False,False
145,142.0,6000.0,0.0,-1,1,0,"[False False False  True  True False False False False False False False
 False False False False False False False False False False False False
 False False False False False False False False False False False False
 False False False False False False False False False False False False
 False False False False False False False False False False False False
 False False False False False False False]","[False False False False False False False False False False False False
 False False False False False False False False False False False False
 False False False False False False False False False False False False
 False False False False False False False False False False False False
 False False False False False False False False False False False False
 False False False False False False False]","[0.32, 0.64, 0.04]","[nan, 0.9775521605649683]",0,False,False
146,143.0,3000.0,0.0,-1,1,0,"[False  True False False  True False False False False False False False
 False False False False False False False False False False False False
 False False False False False False False False False False False False
 False False False False False False False False False False False False
 False False False False False False False False False False False False
 False False False False False False False]","[False False False False False False False False False False False False
 False False False False False False False False False False False False
 False False False False False False False False False False False False
 False False False False False False False False False False False False
 False False False False False False False False False False False False
 False False False False False False False]","[0.36, 0.6, 0.04]","[2.4412761378064363, 0.8614539877232001]",0,False,False
147,144.0,1500.0,0.0,1,1,0,"[ True False False False  True  True False False  True  True False False
 False  True False False False  True False False False  True  True False
 False False False False False  True  True False False False False False
 False False False  True  True False False False  True False False False
  True False False False False False  True  True False False False False
 False False False False False False False]","[False False False False False False False False False False False False
 False False False False False  True False False False False False False
 False  True  True False False False False False False False False False
 False False False False False False False False False False False False
 False False False False False False False False False False False False
 False False False False False False False]","[0.36, 0.6, 0.04]","[1.5294172755398876, 0.8614539877232001]",0,False,False
148,145.0,750.0,0.0,1,1,0,"[False  True False False False  True False False False  True False False
 False  True  True False False False  True  True False False False  True
 False False False  True False False False  True  True False False False
 False  True False False False False  True False False False False False
 False False False False  True False False False False False False False
 False False False False False False False]","[False False False False False False False False False False False False
 False False False False False False  True False False False  True False
 False False False  True False False False  True False False False False
 False False False False False  True False False False False False False
 False False False False False False False False False False False False
 False False False False False False False]","[0.4, 0.56, 0.04]","[1.6832403249694212, 1.1318967437115721]",0,False,False
149,146.0,750.0,0.0,1,-1,0,"[False False False False False False False False False False False False
 False False False False False False False False False False False False
 False False False False False False False False False False False False
 False False False False False False False False False False False False
 False False False False False False False False False False False False
 False False False False False False False]","[ True False False False  True  True False False False False False False
 False False False False False False False False False False False False
 False False False False False False False False False False False False
 False False False False False False False False False False False False
 False False False False False False False False False False False False
 False False False False False False False]","[0.44, 0.52, 0.04]","[1.8169135474117328, 1.472630473950306]",0,False,False
150,147.0,1500.0,0.0,1,1,0,"[ True False False False  True False False False  True False False False
  True  True False False False  True False False  True  True False False
 False  True  True False False False False False False  True  True False
 False False False False False False False False False False False False
 False False False False False False False False False False False False
 False False False False False False False]","[False False False False False False False False False False False False
 False False False False False False False False False False False False
 False False False False False  True False False False False False False
 False False  True False False False False False False False False False
 False False False False False False False False False False False False
 False False False False False False False]","[0.4, 0.56, 0.04]","[1.6832403249694212, 1.1318967437115721]",0,False,False
151,148.0,3000.0,0.0,-1,-1,0,"[False False False False False False False False False False False False
 False False False False False False False False False False False False
 False False False False False False False False False False False False
 False False False False False False False False False False False False
 False False False False False False False False False False False False
 False False False False False False False]","[False False False False False False False False False  True False False
 False  True False False False False  True False False  True  True False
 False False  True False False  True  True False False False  True False
 False False False  True  True False False False  True  True False False
 False False False  True False False False False False False False False
 False False False False False False False]","[0.44, 0.52, 0.04]","[1.8169135474117328, 1.0048036057610192]",0,False,False
152,149.0,1500.0,0.0,1,-1,0,"[False False False False False False False False False False False False
 False False False False False False False False False False False False
 False False False False False False False False False False False False
 False False False False False False False False False False False False
 False False False False False False False False False False False False
 False False False False False False False]","[False False False False False False False False False False False False
 False False False False False False  True  True False False False False
 False False False False False False False False False False False False
 False False False False False False False False False False False False
 False False False False False False False False False False False False
 False False False False False False False]","[0.4, 0.56, 0.04]","[1.6832403249694212, 1.1318967437115721]",0,False,False
153,150.0,3000.0,0.0,-1,-1,0,"[False False False False False False False False False False False False
 False False False False False False False False False False False False
 False False False False False False False False False False False False
 False False False False False False False False False False False False
 False False False False False False False False False False False False
 False False False False False False False]","[False False False  True  True False False False  True False False False
  True  True False False  True  True False False False  True False False
 False False  True False False False  True False False False False False
  True False False  True  True False False False  True False False False
 False False False False False False False False False False False False
 False False False False False False False]","[0.4, 0.56, 0.04]","[1.6832403249694212, 0.7322121668315051]",0,False,False
154,151.0,3000.0,0.0,-1,-1,0,"[False False False False False False False False False False False False
 False False False False False False False False False False False False
 False False False False False False False False False False False False
 False False False False False False False False False False False False
 False False False False False False False False False False False False
 False False False False False False False]","[ True False False False  True  True False False False  True False False
 False  True False False False False  True False False False  True False
 False False False False False False False  True False False False  True
  True False False False False  True False False False False False False
 False False False False False False False False False False False False
 False False False False False False False]","[0.4, 0.56, 0.04]","[1.6832403249694212, 0.7322121668315051]",0,False,False
155,152.0,6000.0,0.0,-1,-1,0,"[False False False False False False False False False False False False
 False False False False False False False False False False False False
 False False False False False False False False False False False False
 False False False False False False False False False False False False
 False False False False False False False False False False False False
 False False False False False False False]","[False  True  True False False False  True False False  True  True False
 False False  True False False False  True False False False  True False
 False False False  True False False False  True False False False False
 False  True False False False  True False False False False False False
 False False False False False False False False False False False False
 False False False False False False False]","[0.4, 0.56, 0.04]","[1.6832403249694212, 0.7322121668315051]",0,False,False
156,153.0,750.0,0.0,1,1,0,"[False  True  True False False False  True False False False  True False
 False False False  True False False  True  True False False False  True
 False False False False  True False False False  True False False False
 False  True  True False False False  True False False False False False
 False False False False False False False False False False False False
 False False False False False False False]","[False False False False False False False False False False False False
 False False  True False False False False False False False False False
 False False False False False False False False  True False False False
 False False False False False False  True False False False False False
 False False False False False False False False False False False False
 False False False False False False False]","[0.4, 0.56, 0.04]","[1.6832403249694212, 0.7322121668315051]",0,False,False
157,154.0,3000.0,0.0,-1,-1,0,"[False False False False False False False False False False False False
 False False False False False False False False False False False False
 False False False False False False False False False False False False
 False False False False False False False False False False False False
 False False False False False False False False False False False False
 False False False False False False False]","[False False False False False  True  True False False  True False False
 False  True  True False False  True  True False False False False  True
 False False False  True False False False False False False False False
 False  True False False False  True  True False False False  True False
 False False False False False False False False False False False False
 False False False False False False False]","[0.44, 0.52, 0.04]","[1.8169135474117328, 0.5867619998972957]",0,False,False
158,155.0,750.0,0.0,1,1,0,"[False  True  True False False  True False False False  True  True False
 False False  True False False  True  True False False False False  True
 False False False  True False False False  True False False False False
 False  True False False False False False False False False False False
 False False False False False False False False False False False False
 False False False False False False False]","[False False False False False False False False False False False False
 False  True False False False False  True False False False False False
 False False False  True False False False  True False False False False
 False False False False False  True False False False False False False
 False False False False False False False False False False False False
 False False False False False False False]","[0.4, 0.56, 0.04]","[1.6832403249694212, 0.7322121668315051]",0,False,False
159,156.0,6000.0,0.0,-1,-1,0,"[False False False False False False False False False False False False
 False False False False False False False False False False False False
 False False False False False False False False False False False False
 False False False False False False False False False False False False
 False False False False False False False False False False False False
 False False False False False False False]","[ True  True False False False  True False False False  True  True False
 False False  True False False False False  True False False False False
 False False False  True False False False False  True  True False False
 False False  True False False False False False False False False False
 False False False False False False False False False False False False
 False False False False False False False]","[0.4, 0.56, 0.04]","[1.6832403249694212, 0.7322121668315051]",0,False,False
160,157.0,1500.0,0.0,1,1,0,"[False False False  True False False False False False False False False
 False False False False False False False False False False False False
 False False False False False False False False False False False False
 False False False False False False False False False False False False
 False False False False False  True False False False False  True False
 False False False False False False False]","[False False False False False False False False False False False False
 False False False False False False False False False False False False
 False False False False False False False False False False False False
 False False False False False False False False False False False False
 False False False False False False False False False False False False
 False False False False False False False]","[0.4, 0.56, 0.04]","[1.6832403249694212, 1.1318967437115721]",0,False,False
161,158.0,6000.0,0.0,-1,1,0,"[ True False False False  True False False False False False False False
 False False False False False False False False False False False False
 False False False False False False False False False False False False
 False False False False False False False False False False False False
 False False False False False False False False False False False False
 False False False False False False False]","[False False False False False False False False False False False False
 False False False False False False False False False False False False
 False False False False False False False False False False False False
 False False False False False False False False False False False False
 False False False False False False False False False False False False
 False False False False False False False]","[0.44, 0.52, 0.04]","[1.8169135474117328, 1.0048036057610192]",0,False,False
162,158.0,6000.0,0.0,-1,-1,0,"[False False False False False False False False False False False False
 False False False False False False False False False False False False
 False False False False False False False False False False False False
 False False False False False False False False False False False False
 False False False False False False False False False False False False
 False False False False False False False]","[False  True False False False  True False False False False  True False
 False False  True  True False False False  True False False False  True
 False False False False False False False False  True False False False
 False  True  True False False False False False False False False False
 False False False False False False False False False False False False
 False False False False False False False]","[0.44, 0.52, 0.04]","[1.2091694501633, 1.0048036057610192]",0,False,False
163,159.0,6000.0,0.0,-1,-1,0,"[False False False False False False False False False False False False
 False False False False False False False False False False False False
 False False False False False False False False False False False False
 False False False False False False False False False False False False
 False False False False False False False False False False False False
 False False False False False False False]","[False False False False False False  True False False False  True False
 False False  True False False False  True False False False  True False
 False False  True False False False  True False False False False False
 False False False  True False False False False  True  True False False
  True  True False False False False False False False False False False
 False False False False False False False]","[0.4, 0.56, 0.04]","[1.04879987536743, 1.1318967437115721]",0,False,False
164,160.0,3000.0,0.0,-1,-1,0,"[False False False False False False False False False False False False
 False False False False False False False False False False False False
 False False False False False False False False False False False False
 False False False False False False False False False False False False
 False False False False False False False False False False False False
 False False False False False False False]","[False False False False False False  True False False False False False
 False False False False False False False False False False False False
 False False False False False False False False False False False False
  True False False False False False False False False  True  True False
 False False  True False False False False False False False False False
 False False False  True False False False]","[0.4, 0.56, 0.04]","[1.04879987536743, 1.1318967437115721]",0,False,False
165,161.0,1500.0,0.0,1,1,0,"[False False  True False False False  True False False False False False
 False False  True  True False False False  True False False False  True
 False False False False  True False False False  True False False False
 False False False False False  True  True False False False False False
 False False False False False False False False False False False False
 False False False False False False False]","[False False False False False False False False False False False False
 False False False False False False False False False False False False
 False False False False False False False  True  True False False False
 False False False False False False False False False False False False
 False False False False False False False False False False False False
 False False False False False False False]","[0.4, 0.56, 0.04]","[1.04879987536743, 1.1318967437115721]",0,False,False
166,162.0,6000.0,0.0,-1,-1,0,"[False False False False False False False False False False False False
 False False False False False False False False False False False False
 False False False False False False False False False False False False
 False False False False False False False False False False False False
 False False False False False False False False False False False False
 False False False False False False False]","[False  True False False  True  True False False False False  True False
 False  True False False False False  True False False False  True False
 False False  True False False False  True False False False False  True
 False False False False  True  True False False False  True False False
 False False False False False False False False False False False False
 False False False False False False False]","[0.44, 0.52, 0.04]","[1.2091694501633, 1.0048036057610192]",0,False,False
167,163.0,6000.0,0.0,-1,-1,0,"[False False False False False False False False False False False False
 False False False False False False False False False False False False
 False False False False False False False False False False False False
 False False False False False False False False False False False False
 False False False False False False False False False False False False
 False False False False False False False]","[ True  True False False False  True False False False  True False False
  True  True False False False False False False False  True False False
 False  True False False False  True  True False False False False  True
  True False False False  True False False False False False False False
 False False False False False False False False False False False False
 False False False False False False False]","[0.44, 0.52, 0.04]","[1.2091694501633, 1.472630473950306]",0,False,False
168,164.0,1500.0,0.0,1,-1,0,"[False False False False False False False False False False False False
 False False False False False False False False False False False False
 False False False False False False False False False False False False
 False False False False False False False False False False False False
 False False False False False False False False False False False False
 False False False False False False False]","[False  True  True False False False False False False False False False
 False False False False False False False False False False False False
 False False False False False False False False False False False False
 False False False False False False False False False False False False
 False False False False False False False False False False False False
 False False False False False False False]","[0.44, 0.56, 0.0]","[1.2091694501633, 1.583275816739861]",0,False,False
169,164.0,1500.0,0.0,1,1,0,"[False False False False False  True False False False  True False False
 False False False False False False False False False False  True False
 False False False False False False  True  True False False False  True
 False False  True  True False False False False False False False  True
 False False False False False False  True False False False False False
 False False False False False False False]","[False False False False False False False False False False False False
 False False False False False False False False False False False False
 False False False False False False False False False False False  True
 False False False False False False False False False False False False
 False False False False False False False False False False False False
 False False False False False False False]","[0.4, 0.6, 0.0]","[1.04879987536743, 1.2458505001420814]",0,False,False
170,165.0,750.0,0.0,1,1,0,"[False False False False False  True False False False False False False
 False False  True False False False  True  True False False False False
 False False  True  True False False False  True False False  True  True
 False False False  True False False False False False  True False False
 False  True  True False False False False False False False False False
 False False False False False False False]","[False False False False False False False False False False  True False
 False False False False False False False False False False False False
 False False False False False False False False False False False False
 False False False  True False False False False False  True False False
 False False False False False False False False False False False False
 False False False False False False False]","[0.44, 0.56, 0.0]","[1.2091694501633, 1.583275816739861]",0,False,False
171,166.0,750.0,0.0,1,1,0,"[False False False False False False False False False False False False
  True False False False False False False False False False False False
 False False False False False False False False False False False False
 False False False False False False False False False False False False
 False False False False False False False False False False False False
 False False False  True False False False]","[False False False False False False False False False False False False
 False False False False False False False False False False False False
 False False False False False False False False False False False False
 False False False False False False False False False False False False
 False False False False False False False False False False False False
 False False False False False False False]","[0.44, 0.56, 0.0]","[1.8169135474117328, 1.583275816739861]",0,False,False
172,167.0,1500.0,0.0,1,1,0,"[False  True False False False  True  True False False False  True  True
 False False  True False False False False  True False False False False
 False False False False  True False False False  True False False False
 False  True  True False False False False False False False  True False
 False False False False  True  True False False False False False False
 False False False False False False False]","[False False False False False False False False False False False False
 False False False False False False False False False False False  True
 False False False False False False False False False False False False
 False False False False False False False False False False False False
 False False False False False False False False False False False False
 False False False False False False False]","[0.44, 0.56, 0.0]","[2.670350930522295, 1.583275816739861]",0,False,False
173,168.0,3000.0,0.0,-1,-1,0,"[False False False False False False False False False False False False
 False False False False False False False False False False False False
 False False False False False False False False False False False False
 False False False False False False False False False False False False
 False False False False False False False False False False False False
 False False False False False False False]","[ True False False False  True False False False False  True False False
 False  True  True False False False False False False False  True False
 False False  True False False False False  True False False False False
  True  True False False False False False False False False False False
 False False False False False False False False False False False False
 False False False False False False False]","[0.44, 0.56, 0.0]","[2.670350930522295, 1.583275816739861]",0,False,False
174,169.0,3000.0,0.0,-1,-1,0,"[False False False False False False False False False False False False
 False False False False False False False False False False False False
 False False False False False False False False False False False False
 False False False False False False False False False False False False
 False False False False False False False False False False False False
 False False False False False False False]","[False  True False False False  True  True False False False  True False
 False False False False False False  True  True False False False  True
 False False False False  True False False False  True False False False
 False False  True False False False  True False False False  True  True
 False False False False False False False False False False False False
 False False False False False False False]","[0.4, 0.6, 0.0]","[2.5630985764077403, 1.6832410393848654]",0,False,False
175,170.0,1500.0,0.0,1,-1,0,"[False False False False False False False False False False False False
 False False False False False False False False False False False False
 False False False False False False False False False False False False
 False False False False False False False False False False False False
 False False False False False False False False False False False False
 False False False False False False False]","[False False False False False False False False False False False  True
 False False False False False False False False  True False False False
 False False False False False False False False False False False False
 False False False False False False False False False False False False
 False False False False False False False False False False False False
 False False False False False False False]","[0.4, 0.6, 0.0]","[2.5630985764077403, 2.2215409645048307]",0,False,False
176,170.0,1500.0,0.0,1,1,0,"[False False False False  True False False False False False False False
 False False False False False False False False False False False False
 False False False False False False False False False False False False
 False False False False False False False False False False False False
 False False False False False False False False False  True False False
 False False False False False False False]","[False False False False False False False False False False False False
 False False False False False False False False False False False False
 False False False False False False False False False False False False
 False False False False False False False False False False False False
 False False False False False False False False False False False False
 False False False False False False False]","[0.36, 0.64, 0.0]","[2.4412761378064363, 1.7742916679085448]",0,False,False
177,171.0,750.0,0.0,1,1,0,"[False False False  True  True False False  True  True False False  True
  True False False False  True False False False  True  True False False
 False  True False False False  True False False False  True False False
 False False False  True False False False False False False False False
 False False False False False False False False False False False False
 False False False False False False False]","[False False False False False False False False False False False False
 False False False False False False False False False False False False
 False False False False False False False False False  True False False
 False False False False False False False False False False False False
 False False False False False False False False False False False False
 False False False False False False False]","[0.4, 0.6, 0.0]","[2.5630985764077403, 1.6832410393848654]",0,False,False
178,172.0,6000.0,0.0,-1,-1,0,"[False False False False False False False False False False False False
 False False False False False False False False False False False False
 False False False False False False False False False False False False
 False False False False False False False False False False False False
 False False False False False False False False False False False False
 False False False False False False False]","[False False False False  True False False False  True  True False False
 False  True False False False  True False False False False False False
 False False  True False False False  True False False False  True False
 False False  True False False False False False  True  True False False
  True False False False False False False False False False False False
 False False False False False False False]","[0.44, 0.56, 0.0]","[2.670350930522295, 2.135138788617833]",0,False,False
179,173.0,3000.0,0.0,-1,-1,0,"[False False False False False False False False False False False False
 False False False False False False False False False False False False
 False False False False False False False False False False False False
 False False False False False False False False False False False False
 False False False False False False False False False False False False
 False False False False False False False]","[False False False False False  True False False False  True False False
 False  True False False False  True False False False False False False
 False  True False False False False  True False False False  True False
 False False  True False False False  True False False False False False
  True False False False False False False False False False False False
 False False False False False False False]","[0.44, 0.56, 0.0]","[2.670350930522295, 2.135138788617833]",0,False,False
180,174.0,750.0,0.0,1,1,0,"[False False False False False False False False False False False False
 False False False False False False False False False False False False
 False False False False False False False False False False False False
 False False False False  True False False False False False False False
 False  True False False False False  True False False False  True  True
 False False False  True False False False]","[False False False False False False False False False False False False
 False False False False False False False False False False False False
 False False False False False False False False False False False False
 False False False False False False False False False False False False
 False False False False False False False False False False False False
 False False False  True False False False]","[0.44, 0.56, 0.0]","[2.670350930522295, 2.135138788617833]",0,False,False
181,175.0,6000.0,0.0,-1,0,0,"[False False False False False False False False False False False False
 False False False False False False False False False False False False
 False False False False False False False False False False False False
 False False False False False False False False False False False False
 False False False False False False False False False False False False
 False False False False False False False]","[False False False False False False False False False False False False
 False False False False False False False False False False False False
 False False False False False False False False False False False False
 False False False False False False False False False False False False
 False False False False False False False False False False False False
 False False False False False False False]","[0.48, 0.52, 0.0]","[2.765983730024195, 2.0401502213058973]",0,False,False
182,176.0,1500.0,0.0,1,1,0,"[False False False False  True False False False False False False False
 False False False False False False False False False False False False
 False False False False False False False False False False False False
 False False False False False False False False False False False False
 False False False False False False False False False False False False
 False False False  True False False False]","[False False False False False False False False False False False False
 False False False False False False False False False False False False
 False False False False False False False False False False False False
 False False False False False False False False False False False False
 False False False False False False False False False False False False
 False False False False False False False]","[0.44, 0.52, 0.04]","[2.670350930522295, 2.0401502213058973]",0,False,False
183,177.0,750.0,0.0,1,0,0,"[False False False False False False False False False False False False
 False False False False False False False False False False False False
 False False False False False False False False False False False False
 False False False False False False False False False False False False
 False False False False False False False False False False False False
 False False False False False False False]","[False False False False False False False False False False False False
 False False False False False False False False False False False False
 False False False False False False False False False False False False
 False False False False False False False False False False False False
 False False False False False False False False False False False False
 False False False False False False False]","[0.48, 0.48, 0.04]","[2.765983730024195, 1.9348409100817299]",0,False,False
184,178.0,750.0,0.0,1,1,0,"[False  True False False False  True False False False False False False
 False  True False False False False  True False False False  True False
 False  True  True False False False  True False False False False False
 False False  True False False False False False  True False False False
 False False False False False False False False False False False False
 False False False False False False False]","[False False False False False False False False False False False False
 False False False False False False False False False False False False
 False False False False False  True False False False False False False
 False False False False False False False False False False False False
 False False False False False False False False False False False False
 False False False False False False False]","[0.44, 0.48, 0.08]","[2.670350930522295, 1.9348409100817299]",0,False,False
185,179.0,1500.0,0.0,1,0,0,"[False False False False False False False False False False False False
 False False False False False False False False False False False False
 False False False False False False False False False False False False
 False False False False False False False False False False False False
 False False False False False False False False False False False False
 False False False False False False False]","[False False False False False False False False False False False False
 False False False False False False False False False False False False
 False False False False False False False False False False False False
 False False False False False False False False False False False False
 False False False False False False False False False False False False
 False False False False False False False]","[0.48, 0.44, 0.08]","[2.765983730024195, 1.8169135474117328]",0,False,False
186,180.0,3000.0,0.0,-1,0,0,"[False False False False False False False False False False False False
 False False False False False False False False False False False False
 False False False False False False False False False False False False
 False False False False False False False False False False False False
 False False False False False False False False False False False False
 False False False False False False False]","[False False False False False False False False False False False False
 False False False False False False False False False False False False
 False False False False False False False False False False False False
 False False False False False False False False False False False False
 False False False False False False False False False False False False
 False False False False False False False]","[0.44, 0.44, 0.12]","[2.670350930522295, 1.8169135474117328]",0,False,False
187,181.0,6000.0,0.0,-1,0,0,"[False False False False False False False False False False False False
 False False False False False False False False False False False False
 False False False False False False False False False False False False
 False False False False False False False False False False False False
 False False False False False False False False False False False False
 False False False False False False False]","[False False False False False False False False False False False False
 False False False False False False False False False False False False
 False False False False False False False False False False False False
 False False False False False False False False False False False False
 False False False False False False False False False False False False
 False False False False False False False]","[0.4, 0.44, 0.16]","[nan, 1.8169135474117328]",0,False,False
188,182.0,1500.0,0.0,1,0,0,"[False False False False False False False False False False False False
 False False False False False False False False False False False False
 False False False False False False False False False False False False
 False False False False False False False False False False False False
 False False False False False False False False False False False False
 False False False False False False False]","[False False False False False False False False False False False False
 False False False False False False False False False False False False
 False False False False False False False False False False False False
 False False False False False False False False False False False False
 False False False False False False False False False False False False
 False False False False False False False]","[0.4, 0.4, 0.2]","[nan, 1.6832403249694212]",0,False,False
189,182.0,1500.0,0.0,1,0,0,"[False False False False False False False False False False False False
 False False False False False False False False False False False False
 False False False False False False False False False False False False
 False False False False False False False False False False False False
 False False False False False False False False False False False False
 False False False False False False False]","[False False False False False False False False False False False False
 False False False False False False False False False False False False
 False False False False False False False False False False False False
 False False False False False False False False False False False False
 False False False False False False False False False False False False
 False False False False False False False]","[0.4, 0.36, 0.24]","[nan, 1.5294172755398876]",0,False,False
190,183.0,750.0,0.0,1,0,0,"[False False False False False False False False False False False False
 False False False False False False False False False False False False
 False False False False False False False False False False False False
 False False False False False False False False False False False False
 False False False False False False False False False False False False
 False False False False False False False]","[False False False False False False False False False False False False
 False False False False False False False False False False False False
 False False False False False False False False False False False False
 False False False False False False False False False False False False
 False False False False False False False False False False False False
 False False False False False False False]","[0.4, 0.32, 0.28]","[nan, 1.348977534191646]",0,False,False
