,Trial index,Stim frequency,Stim AM rate,Category,Response,Task,Right licks,Left licks,Choice rate,dprimes,Timeline events,Flagged,Easy
0,0.0,1500.0,0.0,1,-1,0,"[False False False False False False False False False False False False
 False False False False False False False False False False False False
 False False False False False False False False False False False False
 False False False False False False False False False False False False
 False False False False False False False False False False False False
 False False False False False False False]","[False False False False False False False False False False False False
 False False False False False False False False False False False False
  True False False False False False False False False False False False
 False  True False False False False False False False False False False
 False False False False False False False False False False False False
 False False False False False False False]","[0, 0, 0]","[0, 0]",0,False,False
1,1.0,1500.0,0.0,1,0,0,"[False False False False False False False False False False False False
 False False False False False False False False False False False False
 False False False False False False False False False False False False
 False False False False False False False False False False False False
 False False False False False False False False False False False False
 False False False False False False False]","[False False False False False False False False False False False False
 False False False False False False False False False False False False
 False False False False False False False False False False False False
 False False False False False False False False False False False False
 False False False False False False False False False False False False
 False False False False False False False]","[0.0, 1.0, 0.0]","[0.0, nan]",0,False,True
2,1.0,1500.0,0.0,1,0,0,"[False False False False False False False False False False False False
 False False False False False False False False False False False False
 False False False False False False False False False False False False
 False False False False False False False False False False False False
 False False False False False False False False False False False False
 False False False False False False False]","[False False False False False False False False False False False False
 False False False False False False False False False False False False
 False False False False False False False False False False False False
 False False False False False False False False False False False False
 False False False False False False False False False False False False
 False False False False False False False]","[0.0, 0.5, 0.5]","[0.0, nan]",0,False,True
3,1.0,1500.0,0.0,1,1,0,"[False False False False False False False False False False False False
 False False False False False False False False False False False False
 False  True False False False False False False False False  True False
 False False False  True False False False  True False False False  True
 False False False  True False False False False  True False False False
  True False False False False  True False]","[False False False False False False False False False False False False
 False False False False False False False False False False False False
 False False False False False False False False False False False False
 False False False False False False False False False False False False
 False False False False False False False False False False False False
 False False False False False False False]","[0.0, 0.3333333333333333, 0.6666666666666666]","[0.0, nan]",0,False,True
4,2.0,6000.0,0.0,-1,-1,0,"[False False False False False False False False False False False False
 False False False False False False False False False False False False
 False False False False False False False False False False False False
 False False False False False False False False False False False False
 False False False False False False False False False False False False
 False False False False False False False]","[False False  True False False False False False False False False False
 False False False False False False False  True False False False  True
 False False False False  True False False False  True False False False
 False False False False False False  True False False False False False
 False False False False False False False False False  True False False
 False  True False False False False False]","[0.25, 0.25, 0.5]","[nan, nan]",0,False,True
5,3.0,3000.0,0.0,-1,0,0,"[False False False False False False False False False False False False
 False False False False False False False False False False False False
 False False False False False False False False False False False False
 False False False False False False False False False False False False
 False False False False False False False False False False False False
 False False False False False False False]","[False False False False False False False False False False False False
 False False False False False False False False False False False False
 False False False False False False False False False False False False
 False False False False False False False False  True False False False
 False False False False False False False False False False False False
 False False False False False False False]","[0.2, 0.4, 0.4]","[nan, 0.0]",0,False,True
6,4.0,750.0,0.0,1,0,0,"[False False False False False False False False False False False False
 False False False False False False False False False False False False
 False False False False False False False False False False False False
 False False False False False False False False False False False False
 False False False False False False False False False False False False
 False False False  True False False False]","[False False False False False False False False False False False False
 False False False False False False False False False False False False
 False False False False False False False False False False False False
 False False False False False False False False False False False False
 False False False False False False False False False False False False
 False False False False False False False]","[0.16666666666666666, 0.3333333333333333, 0.5]","[nan, 0.0]",0,False,True
7,5.0,750.0,0.0,1,0,0,"[False False False False False False False False False False False False
 False False False False False False False False False False False False
 False False False False False False False False False False False False
 False False False False False False False False False False False False
 False False False False False False False False False False False False
 False False False False False False False]","[False False False False False False False False False False False False
 False False False False False False False False False False False False
 False False False False False False False False False False False False
 False False False False False False False False False False False False
 False False False False False False False False False False False False
 False False False False False False False]","[0.14285714285714285, 0.2857142857142857, 0.5714285714285714]","[nan, 0.0]",0,False,True
8,6.0,3000.0,0.0,-1,-1,0,"[False False False False False False False False False False False False
 False False False False False False False False False False False False
 False False False False False False False False False False False False
 False False False False False False False False False False False False
 False False False False False False False False False False False False
 False False False False False False False]","[False False False False False False False False False False False False
 False  True False False False False  True False False False False False
 False False False False False False False False False False False False
  True False False False False False False False False  True False False
 False False False False False False False False False False False False
 False False False False False False False]","[0.125, 0.25, 0.625]","[nan, 0.0]",0,False,True
9,7.0,750.0,0.0,1,1,0,"[False  True False False False False  True False False False  True  True
 False False False  True False False False  True False False False False
 False False False False False  True False False False False False False
 False False  True False False False  True False False False False False
 False False False False False False False False False  True False False
 False False False False False False False]","[False False False False False False False False False False False False
 False False False False False False False False False False False False
 False False False False False False False False False False False False
 False False False False False False False False False False False False
 False False False False False False False False False False False False
 False False False False False False False]","[0.1111111111111111, 0.3333333333333333, 0.5555555555555556]","[nan, 0.8614515429653226]",0,False,True
10,8.0,3000.0,0.0,-1,-1,0,"[False False False False False False False False False False False False
 False False False False False False False False False False False False
 False False False False False False False False False False False False
 False False False False False False False False False False False False
 False False False False False False False False False False False False
 False False False False False False False]","[False False False  True False False False False False False False False
 False False False False False False False False  True False False False
 False  True False False False False False False False False False  True
 False False False False  True False False False False False False False
  True  True False False False False False False False False False  True
 False False False False  True False False]","[0.2, 0.3, 0.5]","[nan, 0.8614515429653226]",0,False,True
11,9.0,6000.0,0.0,-1,-1,0,"[False False False False False False False False False False False False
 False False False False False False False False False False False False
 False False False False False False False False False False False False
 False False False False False False False False False False False False
 False False False False False False False False False False False False
 False False False False False False False]","[False False False False False False False False False False False False
  True False False False False False False False False False  True False
 False False False False False False False  True False False False  True
  True False False  True  True False False False False False False False
 False False False False  True False False False False False False False
  True  True False False False False False]","[0.18181818181818182, 0.36363636363636365, 0.45454545454545453]","[nan, 1.3489755673346382]",0,False,True
12,10.0,1500.0,0.0,1,0,0,"[False False  True False False False False False False False False False
 False False False False False False False False False False False False
 False False False False False False False False False False False False
 False False False False False False False False False False False False
 False False False False False False False False False False False False
 False False False False False False False]","[False False False False False False False False False False False False
 False False False False False False False False False False False False
 False False False False False False False False False False False False
 False False False False False False False False False False False False
 False False False False False False False False False False False False
 False False False False False False False]","[0.16666666666666666, 0.4166666666666667, 0.4166666666666667]","[nan, 1.6832381817308146]",0,False,True
13,11.0,3000.0,0.0,-1,-1,0,"[False False False False False False False False False False False False
 False False False False False False False False False False False False
 False False False False False False False False False False False False
 False False False False False False False False False False False False
 False False False False False False False False False False False False
 False False False False False False False]","[False False False False False False False False False False  True False
 False False  True False False False False  True  True False False False
 False False False False  True False False False False False False False
 False False False  True False False False  True False False False False
 False False False False False  True False False False False False False
 False False False False False False False]","[0.15384615384615385, 0.38461538461538464, 0.46153846153846156]","[nan, 1.6832381817308146]",0,False,True
14,12.0,6000.0,0.0,-1,-1,0,"[False False False False False False False False False False False False
 False False False False False False False False False False False False
 False False False False False False False False False False False False
 False False False False False False False False False False False False
 False False False False False False False False False False False False
 False False False False False False False]","[False False False False False  True False False False False  True False
 False False False  True  True False False  True  True False False False
  True False False False False False False False False False  True False
 False False False False False False False False False False False False
  True False False False  True False False False False False  True  True
 False False False False False False False]","[0.14285714285714285, 0.42857142857142855, 0.42857142857142855]","[nan, 1.9348386864218154]",0,False,True
15,13.0,6000.0,0.0,-1,-1,0,"[False False False False False False False False False False False False
 False False False False False False False False False False False False
 False False False False False False False False False False False False
 False False False False False False False False False False False False
 False False False False False False False False False False False False
 False False False False False False False]","[False False False False False False  True False False False False  True
 False False False False  True False False False  True False False False
 False False False False False False  True False False False  True False
 False False False False False False False False False False False  True
 False False  True False False False False  True False False False False
 False  True  True False False False  True]","[0.13333333333333333, 0.4666666666666667, 0.4]","[nan, 2.135136527393951]",0,False,True
16,14.0,750.0,0.0,1,1,0,"[False  True False False False  True False False False False False False
 False False False  True False False False  True False False False False
 False False False False False False False False False  True False False
 False False False False False  True False False False False False False
  True False False False  True False False False False False False False
 False False False False False False False]","[False False False False False False False False False False False False
 False False False False False False False False False False False False
 False False False False False False False False False False False False
 False False False False False False False False False False False False
 False False False False False False False False False False False False
 False False False False False False False]","[0.125, 0.5, 0.375]","[nan, 2.300694208940575]",0,False,True
17,15.0,1500.0,0.0,1,0,0,"[False False False False False False False False False False False False
 False False False False False False False False False False False False
 False False False False False False False False False False False False
 False False False False False False False False False False False False
 False False False False False False False False False False False False
 False False False False False False False]","[False False False False False False False False False False False False
 False False False False False False False False False False False False
 False False False False False False False False False False False False
 False False False False False False False False False False False False
 False False False False False False False False False False False False
 False False False False False False False]","[0.17647058823529413, 0.47058823529411764, 0.35294117647058826]","[nan, 2.300694208940575]",0,False,True
18,15.0,1500.0,0.0,1,0,0,"[False False False False False False False False False False False False
 False False False False False False False False False False False False
 False False False False False False False False False False False False
 False False False False False False False False False False False False
 False False False False False False False False False False False False
 False False False False False False False]","[False False False False False False False False False False False False
 False False False False False False False False False False False False
 False False False False False False False False False False False False
 False False False False False False False False False False False False
 False False False False False False False False False False False False
 False False False False False False False]","[0.16666666666666666, 0.4444444444444444, 0.3888888888888889]","[nan, 2.300694208940575]",0,False,True
19,15.0,1500.0,0.0,1,1,0,"[False False False  True False False False False  True False False False
 False False  True False False False  True False False False  True False
 False False False False False False False False False False False False
 False  True False False False  True False False False False False False
  True False False False False False False False False False False False
 False False False False False False False]","[False False False False False False False False False False False False
 False False False False False False False False False False False False
 False False False False False False False False False False False False
 False False False False False False False False False False False False
 False False False False False False False False False False False False
 False False False False False False False]","[0.15789473684210525, 0.42105263157894735, 0.42105263157894735]","[nan, 2.300694208940575]",0,False,True
20,16.0,3000.0,0.0,-1,-1,0,"[False False False False False False False False False False False False
 False False False False False False False False False False False False
 False False False False False False False False False False False False
 False False False False False False False False False False False False
 False False False False False False False False False False False False
 False False False False False False False]","[False False  True False False False False  True False False False  True
  True False False  True  True False False False  True False False False
  True  True False False False False False False False False False  True
 False False False False False False False False  True False False False
 False False  True False False False  True False False False False False
 False False False False False False False]","[0.2, 0.4, 0.4]","[nan, 2.300694208940575]",0,False,True
21,17.0,1500.0,0.0,1,1,0,"[False False False  True False False False  True False False False  True
 False False False False  True False False False False  True False False
 False  True False False False False False False False False False False
  True False False False False False False False False False False False
 False False  True  True False False False False False False False False
 False False False False False False False]","[False False False False False False False False False False False False
 False False False False False False False False False False False False
 False False False False False False False False False False False False
 False False False False False False False False False False False False
 False False False False False False False False False False False False
 False False False False False False False]","[0.19047619047619047, 0.42857142857142855, 0.38095238095238093]","[nan, 2.4412761378064363]",0,False,True
22,18.0,6000.0,0.0,-1,-1,0,"[False False False False False False False False False False False False
 False False False False False False False False False False False False
 False False False False False False False False False False False False
 False False False False False False False False False False False False
 False False False False False False False False False False False False
 False False False False False False False]","[False  True False False False False False False False False  True False
 False False False  True False False False  True  True False False  True
  True False False False  True  True False False False False False False
 False False  True  True False False False False False False False False
 False  True False False False  True False False False False False False
 False False False False False False False]","[0.22727272727272727, 0.4090909090909091, 0.36363636363636365]","[nan, 2.4412761378064363]",0,False,True
23,19.0,750.0,0.0,1,0,0,"[False False False False False False False False False False False False
 False False False False False False False False False False False False
 False False False False False False False False False False False False
 False False False False False False False False False False False False
 False False False False False False False False False False False False
 False False False False False False False]","[False False False False False False False False False False False False
 False False False False False False False False False False False False
 False False False False False False False False False False False False
 False False False False False False False False False False False False
 False False False False False False False False False False False False
 False False False False False False False]","[0.21739130434782608, 0.43478260869565216, 0.34782608695652173]","[nan, 2.5630985764077403]",0,False,True
24,19.0,750.0,0.0,1,1,0,"[False False False False False False False False False False False False
 False False False False False False False False False False False False
 False False False False False False False False  True False False False
 False  True False False False  True False False False False  True  True
 False False  True  True False False False  True False False False False
 False False False False False False  True]","[False False False False False False False False False False False False
 False False False False False False False False False False False False
 False False False False False False False False False False False False
 False False False False False False False False False False False False
 False False False False False False False False False False False False
 False False False False False False False]","[0.20833333333333334, 0.4166666666666667, 0.375]","[nan, 2.5630985764077403]",0,False,True
25,20.0,3000.0,0.0,-1,-1,0,"[False False False False False False False False False False False False
 False False False False False False False False False False False False
 False False False False False False False False False False False False
 False False False False False False False False False False False False
 False False False False False False False False False False False False
 False False False False False False False]","[False False False False False False False  True  True False False False
 False  True False False  True  True False False  True  True False False
 False  True False False False  True False False False False False  True
 False False False False False False False False False  True False False
 False False False False False False False False False False False False
 False False False False False False False]","[0.24, 0.4, 0.36]","[nan, 2.5630985764077403]",0,False,True
26,21.0,3000.0,0.0,-1,-1,0,"[False False False False False False False False False False False False
 False False False False False False False False False False False False
 False False False False False False False False False False False False
 False False False False False False False False False False False False
 False False False False False False False False False False False False
 False False False False False False False]","[ True  True False False False  True  True False False False  True False
 False False  True False False False  True False False False False  True
 False False False False  True  True False False False False False False
 False False False  True False False False False False False False False
 False False False False False False False False False False False False
 False False False False False False False]","[0.24, 0.4, 0.36]","[nan, nan]",0,False,True
27,22.0,750.0,0.0,1,1,0,"[False  True False False False  True False False False False  True  True
 False False False  True False False False  True False False False  True
  True False False False  True False False False False False  True False
 False False False False False False False False  True False False False
 False False False False  True  True False False False False False False
 False False False False False False False]","[False False False False False False False False False False False False
 False False False False False False False False False False False False
 False False False False False False False False False False False False
 False False False False False False False False False False False False
 False False False False False False False False False False False False
 False False False False False False False]","[0.24, 0.44, 0.32]","[nan, nan]",0,False,True
28,23.0,6000.0,0.0,-1,-1,0,"[False False False False False False False False False False False False
 False False False False False False False False False False False False
 False False False False False False False False False False False False
 False False False False False False False False False False False False
 False False False False False False False False False False False False
 False False False False False False False]","[False False False False False False False False False False False False
 False False False False False False False False False False False False
  True False False False False False False False  True  True False False
 False  True  True False False  True  True False False False  True False
 False False  True  True False False False False False False False False
 False False  True  True False False  True]","[0.28, 0.44, 0.28]","[nan, nan]",0,False,True
29,24.0,6000.0,0.0,-1,-1,0,"[False False False False False False False False False False False False
 False False False False False False False False False False False False
 False False False False False False False False False False False False
 False False False False False False False False False False False False
 False False False False False False False False False False False False
 False False False False False False False]","[False False False False False False  True False False False  True False
 False False False  True  True False False  True  True False False False
  True False False False  True  True False False False False  True  True
 False False False False False False False False False  True False False
 False False False False False False False False False False False False
 False False False False False False False]","[0.24, 0.48, 0.28]","[nan, nan]",0,False,True
30,25.0,1500.0,0.0,1,1,0,"[False False False False False False  True False False False False  True
 False False False  True False False False False  True False False False
  True False False False False False False False False False False  True
 False False False False False False False False False False False False
 False  True False False False False False False False  True False False
 False False False False False False False]","[False False False False False False False False False False False False
 False False False False False False False False False False False False
 False False False False False False False False False False False False
 False False False False False False False False False False False False
 False False False False False False False False False False False False
 False False False False False False False]","[0.24, 0.48, 0.28]","[nan, nan]",0,False,True
31,26.0,6000.0,0.0,-1,-1,0,"[False False False False False False False False False False False False
 False False False False False False False False False False False False
 False False False False False False False False False False False False
 False False False False False False False False False False False False
 False False False False False False False False False False False False
 False False False False False False False]","[False False False  True False False False False  True False False False
 False  True False False False  True False False False  True  True False
 False False  True False False False False False  True False False False
 False False False False False False False  True False False False False
 False False False  True  True False False False  True False False False
 False False False False False False False]","[0.28, 0.48, 0.24]","[nan, nan]",0,False,True
32,27.0,750.0,0.0,1,1,0,"[False False False False False False  True False False False  True False
 False False False  True  True False False False  True False False False
 False False False False False False False False  True False False False
 False False False False False False False False False False False False
 False  True False False  True  True False False False  True  True False
 False False  True False False False False]","[False False False False False False False False False False False False
 False False False False False False False False False False False False
 False False False False False False False False False False False False
 False False False False False False False False False False False False
 False  True False False False False False False False False False False
 False False False False False False False]","[0.28, 0.52, 0.2]","[nan, nan]",0,False,False
33,28.0,1500.0,0.0,1,-1,0,"[False False False False False False False False False False False False
 False False False False False False False False False False False False
 False False False False False False False False False False False False
 False False False False False False False False False False False False
 False False False False False False False False False False False False
 False False False False False False False]","[False False False False  True False False False  True False False False
 False False False False False False False False False False False False
 False False False False False False False False False False False False
 False False False False False False False False False False False False
 False False False False False False False False False False False False
 False False False False False False False]","[0.32, 0.52, 0.16]","[nan, nan]",0,False,False
34,29.0,1500.0,0.0,1,1,0,"[ True False False False False  True False False False False False False
 False False False False False False False False False False False False
 False False False False False False False False False False False False
 False False False False False False False False False False False False
 False False False False False False  True  True False False  True False
 False False  True False False False  True]","[False False False False False False False False False False False False
 False  True False False False False  True False False False False False
 False False False False False False False False False False False False
 False False False False False False False False False False False False
 False False False False False False False False False False False False
 False False False False False False False]","[0.32, 0.52, 0.16]","[nan, 2.8521492405688016]",0,False,False
35,30.0,3000.0,0.0,-1,-1,0,"[False False False False False False False False False False False False
 False False False False False False False False False False False False
 False False False False False False False False False False False False
 False False False False False False False False False False False False
 False False False False False False False False False False False False
 False False False False False False False]","[ True False False False  True  True False False False  True False False
 False  True  True False False  True  True False False False  True False
 False False  True  True False False False False  True  True False False
 False False False  True False False False False False False False False
 False False False False False False False False False False False False
 False False False False False False False]","[0.32, 0.52, 0.16]","[nan, 2.8521492405688016]",0,False,False
36,31.0,750.0,0.0,1,1,0,"[False False False  True False False False  True False False False False
  True False False False  True  True False False  True  True False False
 False  True  True False False  True  True False False False False False
  True False False False  True False False False False False  True False
 False False False False False  True False False False False  True False
 False False False False False False False]","[False False False False False False False False False False False False
 False False False False False False False False False False False False
 False False False False False False False False False False False False
 False False False False False False False False False False False False
 False False False False False  True False False False False False False
 False False False False False False False]","[0.32, 0.52, 0.16]","[nan, 2.8521492405688016]",0,False,False
37,32.0,3000.0,0.0,-1,-1,0,"[False False False False False False False False False False False False
 False False False False False False False False False False False False
 False False False False False False False False False False False False
 False False False False False False False False False False False False
 False False False False False False False False False False False False
 False False False False False False False]","[False False False False False False  True False False False  True False
 False False False False False False False False  True False False  True
  True False False False  True False False False  True  True False False
 False False False False False False False  True False False False  True
 False False False False  True False False False False False False False
 False False False False False False False]","[0.36, 0.48, 0.16]","[nan, 2.765983730024195]",0,False,False
38,33.0,3000.0,0.0,-1,-1,0,"[False False False False False False False False False False False False
 False False False False False False False False False False False False
 False False False False False False False False False False False False
 False False False False False False False False False False False False
 False False False False False False False False False False False False
 False False False False False False False]","[False False False False False False False False False False False False
 False False False False False  True False False False  True False False
 False False  True  True False False  True  True False False False  True
 False False False  True  True False False False  True False False False
 False False  True False False False  True False False False False False
 False  True False False False False False]","[0.36, 0.52, 0.12]","[nan, 2.8521492405688016]",0,False,False
39,34.0,750.0,0.0,1,1,0,"[False  True  True False False  True  True False False False  True  True
 False False  True  True False False  True  True False False False False
  True False False False False False  True False False False False False
 False False False False False False False False False  True False False
 False  True False False False False False False False False False False
 False  True False False False False False]","[False False False False False False False False False False False False
 False False False False False False False False False False False False
 False False False False False False False False False False False False
 False False False False False False False False False False False False
 False False False False False False False False False False False False
 False False False False False False False]","[0.36, 0.52, 0.12]","[nan, 2.8521492405688016]",0,False,False
40,35.0,1500.0,0.0,1,-1,0,"[False False False False False False False False False False False False
 False False False False False False False False False False False False
 False False False False False False False False False False False False
 False False False False False False False False False False False False
 False False False False False False False False False False False False
 False False False False False False False]","[False False False False False False False False False False False False
 False  True False False False False  True False False False False False
 False False False False False False False False False False False False
 False False False False False False False False False False False False
 False False False False False False False False False False False False
 False False False False False False False]","[0.4, 0.48, 0.12]","[nan, 2.765983730024195]",0,False,False
41,36.0,1500.0,0.0,1,1,0,"[False  True False False False  True  True False False  True  True False
 False False False  True False False  True  True False False  True  True
 False False False  True False False False False False False False False
 False False  True False False False  True False False False  True  True
 False False False False False  True False False False  True False False
 False False False False False False False]","[False False False False False False False False False False False False
 False False False False False False False False False False False False
 False False False False False False False False False False False False
 False False False False False False False False False False False False
 False False False False False False False False False False False False
 False False False False False False False]","[0.4, 0.48, 0.12]","[nan, 1.9348409100817299]",0,False,False
42,37.0,6000.0,0.0,-1,-1,0,"[False False False False False False False False False False False False
 False False False False False False False False False False False False
 False False False False False False False False False False False False
 False False False False False False False False False False False False
 False False False False False False False False False False False False
 False False False False False False False]","[False False False False False False False False False False False False
 False  True False False False False  True False False False  True  True
 False False False  True False False False  True  True False False False
  True False False False  True False False False False False False False
 False False False  True False False False False False False False False
 False False False False False False False]","[0.4, 0.48, 0.12]","[nan, 1.9348409100817299]",0,False,False
43,38.0,1500.0,0.0,1,1,0,"[False  True  True False False False False False False False  True  True
 False False  True  True False False False  True False False False  True
  True False False False  True False False False False False  True False
 False False False False False False  True False False False False False
 False  True False False False False  True False False False False False
 False False False False False False False]","[False False False False False False False False False False False False
 False False False False False False False False False False False False
 False False False False False False False False False False False False
 False False False False False False False False False False False False
 False False False False False False False False False False False False
 False False False False False False False]","[0.4, 0.52, 0.08]","[nan, 2.0401502213058973]",0,False,False
44,39.0,3000.0,0.0,-1,1,0,"[False False False False False False  True False False False False False
 False False False  True False False False False False False False False
 False False False False False False False False False False False False
 False False False False False False False False False False False False
 False False False False False False False False False False False False
 False False False False False False False]","[False False False False False False False False False False False False
 False False False False False False False False False False False False
 False False False False False False False False False False False False
 False False False False False False False False False False False False
 False False False False False False False False False False False False
 False False False False False False False]","[0.44, 0.52, 0.04]","[nan, 2.0401502213058973]",0,False,False
45,40.0,6000.0,0.0,-1,-1,0,"[False False False False False False False False False False False False
 False False False False False False False False False False False False
 False False False False False False False False False False False False
 False False False False False False False False False False False False
 False False False False False False False False False False False False
 False False False False False False False]","[False False False False False  True False False False False  True False
 False False  True  True False False False  True False False False  True
 False False False False False False False False False  True  True False
 False False False False False False False False  True False False False
 False False False False False False False False False False False False
 False False False False False False False]","[0.44, 0.52, 0.04]","[2.670350930522295, 2.0401502213058973]",0,False,False
46,41.0,6000.0,0.0,-1,1,0,"[False False  True False False False  True  True False False False False
 False False False False False False False False False False False False
 False False False False False False False False False False False False
 False False False False False False False False False False False False
 False False False False False False False False False False False False
 False False False False False False False]","[False False False False False False False False False False False False
 False False False False False False False False False False False False
 False False False False False False False False False False False False
 False False False False False False False False False False False False
 False False False False False False False False False False False False
 False False False False False False False]","[0.44, 0.52, 0.04]","[2.670350930522295, 2.0401502213058973]",0,False,False
47,41.0,6000.0,0.0,-1,-1,0,"[False False False False False False False False False False False False
 False False False False False False False False False False False False
 False False False False False False False False False False False False
 False False False False False False False False False False False False
 False False False False False False False False False False False False
 False False False False False False False]","[False False  True False False False  True False False False  True  True
 False False False  True False False False  True  True False False  True
  True False False False  True False False False False False  True False
 False False False False False False  True  True False False False False
 False False False False False  True False False False False False False
 False False False False False False False]","[0.44, 0.52, 0.04]","[1.8169135474117328, 2.0401502213058973]",0,False,False
48,42.0,1500.0,0.0,1,1,0,"[ True False False False  True  True False False False  True False False
 False  True  True False False  True  True False False False  True False
 False False False False  True False False False False False False False
  True  True False False  True  True False False False False False  True
 False False False False False False False False False False False False
 False False False False False False False]","[False False False False False False False False False False False False
 False False False False False False False False False False False False
 False False False False False False False False False False False False
 False False False False False False False False False False False False
 False False False False False False False False False False False False
 False False False False False False False]","[0.44, 0.52, 0.04]","[1.8169135474117328, 2.0401502213058973]",0,False,False
49,43.0,6000.0,0.0,-1,-1,0,"[False False False False False False False False False False False False
 False False False False False False False False False False False False
 False False False False False False False False False False False False
 False False False False False False False False False False False False
 False False False False False False False False False False False False
 False False False False False False False]","[False  True False False False  True False False False False  True  True
 False False False  True False False False  True False False False  True
  True False False  True  True False False False False False  True False
 False False  True False False False False  True False False False False
 False False  True False False False False False False False False False
 False False False False False False False]","[0.48, 0.52, 0.0]","[1.9348409100817299, 2.0401502213058973]",0,False,False
50,44.0,750.0,0.0,1,1,0,"[False False  True  True False False  True  True False False False  True
  True False False  True  True False False False  True False False False
  True  True False False False  True False False False False False  True
 False False False False  True False False  True  True False False False
 False False False  True False False False False  True False False False
  True False False False False False False]","[False False False False False False False False False False False False
 False False False False False False False False False False False False
 False False False False False False False False False False False False
 False False False False False False False False False False False False
 False False False False False False False False False False False False
 False False False False False False False]","[0.44, 0.56, 0.0]","[1.8169135474117328, 2.135138788617833]",0,False,False
51,45.0,750.0,0.0,1,1,0,"[False  True  True False False False  True  True False False  True  True
 False False False  True False False False  True  True False False False
  True False False False False  True False False False False  True  True
 False False False  True False False False  True False False False False
 False  True  True False False False  True False False False False False
 False False False False False False False]","[False False False False False False False False False False False False
 False False False False False False False False False False False False
 False False False False False False False False False False False False
 False False False False False False False False False False False False
 False False False False False False False False False False False False
 False False False False False False False]","[0.48, 0.52, 0.0]","[1.9348409100817299, 2.0401502213058973]",0,False,False
52,46.0,750.0,0.0,1,1,0,"[False False False  True  True False False  True  True False False False
  True  True False False  True  True False False False  True False False
 False  True  True False False False  True False False False False False
 False False False False False  True False False False False  True  True
 False False False False  True False False False False False False False
 False False False False False False False]","[False False False False False False False False False False False False
 False False False False False  True False False False False False False
 False False False False False False False False False False False False
 False False False False False False False False False False False False
 False False False False False False False False False False False False
 False False False False False False False]","[0.52, 0.48, 0.0]","[2.0401502213058973, 1.9348409100817299]",0,False,False
53,47.0,3000.0,0.0,-1,-1,0,"[False False False False False False False False False False False False
 False False False False False False False False False False False False
 False False False False False False False False False False False False
 False False False False False False False False False False False False
 False False False False False False False False False False False False
 False False False False False False False]","[False  True False False False False  True False False False  True False
 False False  True False False False  True  True False False  True  True
 False False False False  True False False False  True False False False
 False  True  True False False False  True False False False False  True
 False False False False False False False False False False False False
 False False False False False False False]","[0.52, 0.48, 0.0]","[2.0401502213058973, 1.9348409100817299]",0,False,False
54,48.0,750.0,0.0,1,1,0,"[False False  True False False False False False False False False  True
 False False False  True False False False False  True False False  True
  True  True False False  True  True False False  True  True False False
 False False False  True False False False  True  True False False False
 False  True  True False False False  True False False False  True  True
 False False False False False False False]","[False False False False False False False False False False False False
 False False False False False False False False False False False False
 False False False False False False False False False False False False
 False False False False False False False False False False False False
 False False False False False False False False False False False False
 False False False False False False False]","[0.52, 0.48, 0.0]","[2.0401502213058973, 1.9348409100817299]",0,False,False
55,49.0,1500.0,0.0,1,-1,0,"[False False False False False False False False False False False False
 False False False False False False False False False False False False
 False False False False False False False False False False False False
 False False False False False False False False False False False False
 False False False False False False False False False False False False
 False False False False False False False]","[False False False False False False False False False  True False False
 False  True False False False False False False False False False False
 False False False False False False False False False False False False
 False False False False False False False False False False False False
 False False False False False False False False False False False False
 False False False False False False False]","[0.56, 0.44, 0.0]","[2.135138788617833, 1.8169135474117328]",0,False,False
56,50.0,6000.0,0.0,-1,-1,0,"[False False False False False False False False False False False False
 False False False False False False False False False False False False
 False False False False False False False False False False False False
 False False False False False False False False False False False False
 False False False False False False False False False False False False
 False False False False False False False]","[False False False False False False False  True False False False False
 False False False False False False False False False  True False False
 False False  True False False False  True  True False False  True  True
 False False False  True  True False False False False False  True False
 False False  True False False False False False False False False  True
  True  True False False False False False]","[0.52, 0.48, 0.0]","[2.0401502213058973, 1.348978189813191]",0,False,False
57,51.0,6000.0,0.0,-1,-1,0,"[False False False False False False False False False False False False
 False False False False False False False False False False False False
 False False False False False False False False False False False False
 False False False False False False False False False False False False
 False False False False False False False False False False False False
 False False False False False False False]","[False False  True False False False False False False False False False
 False False False False  True False False False False False  True False
 False  True  True False False False  True False False False  True  True
 False False False  True False False False False False  True  True False
 False False False False False False False False  True False False False
 False False False False False False False]","[0.52, 0.48, 0.0]","[2.0401502213058973, 1.348978189813191]",0,False,False
58,52.0,3000.0,0.0,-1,-1,0,"[False False False False False False False False False False False False
 False False False False False False False False False False False False
 False False False False False False False False False False False False
 False False False False False False False False False False False False
 False False False False False False False False False False False False
 False False False False False False False]","[False False  True False False False False False False False False False
 False False False False False False False False False False False False
  True False False False False  True False False False  True  True False
 False  True  True False False False  True  True False False False  True
 False False False False  True  True False False False  True False False
 False False False False  True False False]","[0.48, 0.52, 0.0]","[1.9348409100817299, 1.472630473950306]",0,False,False
59,53.0,1500.0,0.0,1,1,0,"[False False False  True False False False  True  True False False False
  True False False False  True  True False False  True  True False False
 False  True False False False  True  True False False False  True False
 False False False False  True False False False False False False False
  True  True False False False False False  True  True False False False
 False False False False False False False]","[False False False False False False False False False False False False
 False False False False False False False False False False False False
 False False False False False False False False False False False False
 False False False False False False False False False False False False
 False False False False False False False False False False False False
 False False False False False False False]","[0.48, 0.52, 0.0]","[1.9348409100817299, 2.0401502213058973]",0,False,False
60,54.0,6000.0,0.0,-1,-1,0,"[False False False False False False False False False False False False
 False False False False False False False False False False False False
 False False False False False False False False False False False False
 False False False False False False False False False False False False
 False False False False False False False False False False False False
 False False False False False False False]","[ True False False False False  True False False  True  True False False
 False  True False False False False False False False False  True False
 False False  True  True False False False False  True  True False False
 False  True False False False False  True False False False False False
 False  True False False False False False False False False False False
 False False False False False False False]","[0.48, 0.52, 0.0]","[1.9348409100817299, 2.0401502213058973]",0,False,False
61,55.0,750.0,0.0,1,1,0,"[False False False  True False False False  True False False False False
 False False False False  True  True False False False  True False False
 False  True  True False False False False False  True False False False
 False False False False False False  True  True False False False  True
 False False False False False False False False False False False  True
 False False False  True  True False False]","[False False False False False False False False False False False False
 False False False False False False False False False False False False
 False False False False False False False False False False False False
 False False False False False False False  True False False False False
 False False False False False False False False False False False False
 False False False False False False False]","[0.48, 0.52, 0.0]","[1.9348409100817299, 2.0401502213058973]",0,False,False
62,56.0,3000.0,0.0,-1,-1,0,"[False False False False False False False False False False False False
 False False False False False False False False False False False False
 False False False False False False False False False False False False
 False False False False False False False False False False False False
 False False False False False False False False False False False False
 False False False False False False False]","[False  True False False  True False False False False  True  True False
 False  True  True False False False  True False False False False  True
 False False False  True False False False False False False False False
 False  True False False False False False False False False False False
 False False False False False False False False False False False False
 False False False False False False False]","[0.48, 0.52, 0.0]","[1.9348409100817299, 2.0401502213058973]",0,False,False
63,57.0,6000.0,0.0,-1,1,0,"[False  True False False False  True  True False False False False False
 False False False False False False False False False False False False
 False False False False False False False False False False False False
 False False False False False False False False False False False False
 False False False False False False False False False False False False
 False False False False False False False]","[False False False False False False False False False False False False
 False False False False False False False False False False False False
 False False False False False False False False False False False False
 False False False False False False False False False False False False
 False False False False False False False False False False False False
 False False False False False False False]","[0.48, 0.52, 0.0]","[1.9348409100817299, 2.0401502213058973]",0,False,False
64,58.0,750.0,0.0,1,-1,0,"[False False False False False False False False False False False False
 False False False False False False False False False False False False
 False False False False False False False False False False False False
 False False False False False False False False False False False False
 False False False False False False False False False False False False
 False False False False False False False]","[False False False False False False False False  True False False False
  True False False False False False False False False False False False
 False False False False False False False False False False False False
 False False False False False False False False False False False False
 False False False False False False False False False False False False
 False False False False False False False]","[0.52, 0.48, 0.0]","[1.472630473950306, 1.9348409100817299]",0,False,False
65,59.0,750.0,0.0,1,-1,0,"[False False False False False False False False False False False False
 False False False False False False False False False False False False
 False False False False False False False False False False False False
 False False False False False False False False False False False False
 False False False False False False False False False False False False
 False False False False False False False]","[False False False False False False False False False False False False
 False False False False False False False False False False False False
 False False False False False False False False  True False False False
  True False False False False False False False False False False False
 False False False False False False False False False False False False
 False False False False False False False]","[0.48, 0.52, 0.0]","[1.348978189813191, 1.472630473950306]",0,False,False
66,60.0,3000.0,0.0,-1,-1,0,"[False False False False False False False False False False False False
 False False False False False False False False False False False False
 False False False False False False False False False False False False
 False False False False False False False False False False False False
 False False False False False False False False False False False False
 False False False False False False False]","[False False False False False False False False False False False False
 False  True  True False False False  True False False False  True False
 False False  True  True False False  True  True False False False  True
 False False False False False False False False False False  True  True
 False False False  True  True False False False False False False False
 False False False False False False False]","[0.48, 0.52, 0.0]","[1.348978189813191, 1.472630473950306]",0,False,False
67,61.0,1500.0,0.0,1,1,0,"[False False  True  True False False False  True  True False False  True
  True False False False  True  True False False  True  True False False
  True  True False False False False  True False False False False  True
 False False False False  True False False False  True False False False
 False False  True  True False False False  True False False False  True
  True False False False False False False]","[False False False False False False False False False False False False
 False False False False False False False False False False False False
 False False False False False False False False False False False False
 False False False False False False False False False False False False
 False False False False False False False False False False False False
 False False False False False False False]","[0.44, 0.56, 0.0]","[1.2091694501633, 1.583275816739861]",0,False,False
68,62.0,3000.0,0.0,-1,-1,0,"[False False False False False False False False False False False False
 False False False False False False False False False False False False
 False False False False False False False False False False False False
 False False False False False False False False False False False False
 False False False False False False False False False False False False
 False False False False False False False]","[False  True False False False False  True False False  True  True False
 False False  True False False False  True  True False False False  True
 False False False False False False False False False  True False False
 False False False False  True False False False  True False False False
 False False False False False False False False False False False False
 False False False False False False False]","[0.48, 0.52, 0.0]","[1.348978189813191, 1.472630473950306]",0,False,False
69,63.0,1500.0,0.0,1,1,0,"[False  True  True False False  True  True False False False  True  True
 False False  True  True False False False  True False False False  True
  True False False False False False  True False False False  True False
 False False False False  True False False False  True False False False
 False False  True False False False False False False False False False
 False False False False False False False]","[False False False False False False False False False False False False
 False False False False False False False False False False False False
 False False False False False False False False False False False False
 False False False False False False False False False False False False
 False False False False False False False False False False False False
 False False False False False False False]","[0.44, 0.56, 0.0]","[1.2091694501633, 1.583275816739861]",0,False,False
70,64.0,6000.0,0.0,-1,-1,0,"[False False False False False False False False False False False False
 False False False False False False False False False False False False
 False False False False False False False False False False False False
 False False False False False False False False False False False False
 False False False False False False False False False False False False
 False False False False False False False]","[False False  True False False  True  True False False False  True  True
 False False  True  True False False False  True False False False  True
  True False False False  True False False False False  True  True False
 False False False  True False False False False False False False False
 False False False False False False False False False False False False
 False False False False False False False]","[0.44, 0.56, 0.0]","[1.8169135474117328, 1.583275816739861]",0,False,False
71,65.0,750.0,0.0,1,1,0,"[False  True False False False  True False False False False  True False
 False False  True  True False False  True  True False False False  True
  True False False False  True False False False  True  True False False
 False False False  True False False False  True False False False False
 False False  True False False False False False False False False False
 False False False False False False False]","[False False False False False False False False False False False False
 False False False False False False False False False False False False
 False False False False False False False False False False False False
 False False False False False False False False False False False False
 False False  True False False False False False False False False False
 False False False False False False False]","[0.44, 0.56, 0.0]","[1.8169135474117328, 1.583275816739861]",0,False,False
72,66.0,3000.0,0.0,-1,-1,0,"[False False False False False False False False False False False False
 False False False False False False False False False False False False
 False False False False False False False False False False False False
 False False False False False False False False False False False False
 False False False False False False False False False False False False
 False False False False False False False]","[False False False False  True False False False  True False False False
 False False False False False  True False False False  True  True False
 False False  True False False False  True  True False False False False
  True False False False False False False False False False False False
 False False False False False False False False False False False False
 False False False False False False False]","[0.44, 0.56, 0.0]","[2.670350930522295, 1.583275816739861]",0,False,False
73,67.0,1500.0,0.0,1,1,0,"[False False False  True  True False False False  True  True False False
 False  True False False  True  True  True False False  True  True False
 False False  True False False False False False False  True False False
 False  True False False False False False  True  True False False False
 False False False False False False False  True False False False False
 False False False False False False False]","[False False False False False False False False False False False False
 False False False False False False False False False False False False
 False False False False False False False False False False False False
 False False False False False False False False False False False False
 False False False False False False False False False False False False
 False False False False False False False]","[0.44, 0.56, 0.0]","[2.670350930522295, 1.583275816739861]",0,False,False
74,68.0,3000.0,0.0,-1,-1,0,"[False False False False False False False False False False False False
 False False False False False False False False False False False False
 False False False False False False False False False False False False
 False False False False False False False False False False False False
 False False False False False False False False False False False False
 False False False False False False False]","[False False False False  True False False  True False False False False
  True False False False  True  True False False False  True False False
 False  True  True False False False  True False False False False False
  True False False False  True False False False False False False False
 False False False False False False False False False False False False
 False False False False False False False]","[0.44, 0.56, 0.0]","[2.670350930522295, 1.583275816739861]",0,False,False
75,69.0,3000.0,0.0,-1,-1,0,"[False False False False False False False False False False False False
 False False False False False False False False False False False False
 False False False False False False False False False False False False
 False False False False False False False False False False False False
 False False False False False False False False False False False False
 False False False False False False False]","[False  True  True False False False  True False False False  True  True
 False False  True  True False False False  True False False False False
 False  True False False False False False False False False False False
 False False False False  True False False False False False False False
 False False False False  True False False False False False False False
 False False False False False False False]","[0.44, 0.56, 0.0]","[2.670350930522295, 1.583275816739861]",0,False,False
76,70.0,1500.0,0.0,1,1,0,"[False False  True  True False False  True  True False False False  True
  True False False  True  True False False False  True False False False
 False  True False False False False False  True False False False  True
  True False False False False False  True False False False  True  True
 False False False  True False False False False False False False False
 False False False False False False False]","[False False False False False False False False False False False False
 False False False False False False False False False False False False
 False False False False False False False False False False False False
 False False False False False False False False False False False False
 False False False False False False False False False False False False
 False False False False False False False]","[0.4, 0.6, 0.0]","[2.5630985764077403, 1.6832410393848654]",0,False,False
77,71.0,6000.0,0.0,-1,-1,0,"[False False False False False False False False False False False False
 False False False False False False False False False False False False
 False False False False False False False False False False False False
 False False False False False False False False False False False False
 False False False False False False False False False False False False
 False False False False False False False]","[ True  True False False  True  True False False False  True  True False
 False  True  True False False False  True  True False False False False
  True  True False False False False False False False False False  True
 False False False False False False False False False False False False
 False False False False False False False False False False False False
 False False False False False False False]","[0.4, 0.6, 0.0]","[2.5630985764077403, 1.6832410393848654]",0,False,False
78,72.0,3000.0,0.0,-1,-1,0,"[False False False False False False False False False False False False
 False False False False False False False False False False False False
 False False False False False False False False False False False False
 False False False False False False False False False False False False
 False False False False False False False False False False False False
 False False False False False False False]","[False False False  True  True False False False  True False False False
  True  True False False False  True False False False  True False False
 False False  True False False False False False  True False False False
  True False False False  True  True False False False False False False
 False False False False  True False False False False False False False
 False False False False False False False]","[0.36, 0.64, 0.0]","[2.4412761378064363, 1.7742916679085448]",0,False,False
79,73.0,6000.0,0.0,-1,-1,0,"[False False False False False False False False False False False False
 False False False False False False False False False  True False False
 False False False False False False False False False False False False
 False False False False False False False False False False False False
 False False False False False False False False False False False False
 False False False False False False False]","[False False False  True False False False False  True False False False
  True  True False False  True  True False False False  True False False
 False False  True False False False False False False False False  True
 False False False False False False False False False  True False False
 False False False False  True False False False False False False False
 False False False False False False False]","[0.36, 0.64, 0.0]","[2.4412761378064363, 1.7742916679085448]",0,False,False
80,74.0,750.0,0.0,1,1,0,"[False False False  True  True False False False  True  True False False
  True  True False False  True  True False False False  True  True False
 False False  True False False False  True  True False False False False
 False  True False False False  True  True False False False  True  True
 False False False False False  True False False False False  True False
 False False False False False False False]","[False False False False False False False False False False False False
 False False False False False False False False False False False False
 False False False False False False False False False False False False
 False False False False False False False False False False False False
 False False False False False False False False False False False False
 False False False False False False False]","[0.32, 0.68, 0.0]","[2.300694208940575, 1.8577975158376967]",0,False,False
81,75.0,6000.0,0.0,-1,-1,0,"[False False False False False False False False False False False False
 False False False False False False False False False False False False
 False False False False False False False False False False False False
 False False  True False False False False False False False False False
 False False False False False False False False False False False False
 False False False False False False False]","[False False False False  True False False False  True False False False
  True  True False False  True  True False False False  True  True False
 False False  True False False False False False False False False False
 False False  True False False False False False False False False False
 False False False False False False  True False False False False  True
 False False False False False False False]","[0.36, 0.64, 0.0]","[2.4412761378064363, 2.3006964861980523]",0,False,False
82,76.0,750.0,0.0,1,1,0,"[ True  True False False False  True False False False  True False False
 False  True  True False False  True  True False False False  True False
 False False False False  True False False False False False False False
 False  True False False False False False  True False False False  True
 False False False False  True  True False False False  True False False
 False False False False False  True False]","[False False False False False False False False False False False False
 False False False False False False False False False False False False
 False False False False False False False False False False False False
 False False False False False False False False False False False False
 False False False False False False False False False False False False
 False False False False False False False]","[0.36, 0.64, 0.0]","[2.4412761378064363, 2.3006964861980523]",0,False,False
83,77.0,1500.0,0.0,1,-1,0,"[False False False False False False False False False False False False
 False False False False False False False False False False False False
 False False False False False False False False False False False False
 False False False False False False False False False False False False
 False False False False False False False False False False False False
 False False False False False False False]","[ True False False False  True False False False False False False False
 False False False False False False False False False False False False
 False False False False False False False False False False False False
 False False False False False False False False False False False False
 False False False False False False False False False False False False
 False False False False False False False]","[0.4, 0.6, 0.0]","[2.5630985764077403, 2.2215409645048307]",0,False,False
84,77.0,1500.0,0.0,1,-1,0,"[False False False False False False False False False False False False
 False False False False False False False False False False False False
 False False False False False False False False False False False False
 False False False False False False False False False False False False
 False False False False False False False False False False False False
 False False False False False False False]","[False False False False False False False False False False False False
 False False  True False False False False False False False  True False
 False False False False False False False False False False False False
 False False False False False False False False False False False False
 False False False False False False False False False False False False
 False False False False False False False]","[0.4, 0.6, 0.0]","[2.5630985764077403, 1.6832410393848654]",0,False,False
85,78.0,750.0,0.0,1,1,0,"[False False  True  True False False False  True  True False False  True
  True False False  True  True False False False  True  True False False
  True  True False False False False False  True False False False False
 False  True False False False  True  True False False False False  True
  True False False False  True False False False False False False False
 False False False False False False False]","[False False False False False False False False False False False False
 False False False False False False False False False False False False
 False False False False False False False False False False False False
 False False False False False  True False False False False False False
 False False False False False False False False False False False False
 False False False False False False False]","[0.36, 0.64, 0.0]","[2.4412761378064363, 1.34897851762444]",0,False,False
86,79.0,1500.0,0.0,1,-1,0,"[False False False False False False False False False False False False
 False False False False False False False False False False False False
 False False False False False False False False False False False False
 False False False False False False False False False False False False
 False False False False False False False False False False False False
 False False False False False False False]","[False False False False False False False False False  True False False
 False  True False False False False False False False False False False
 False False False False False False False False False False False False
 False False False False False False False False False False False False
 False False False False False False False False False False False False
 False False False False False False False]","[0.4, 0.6, 0.0]","[2.5630985764077403, 1.2458505001420814]",0,False,False
87,80.0,1500.0,0.0,1,1,0,"[False False False  True False False False  True False False False  True
  True False False False  True  True False False  True  True False False
 False  True False False False  True  True False False False False False
  True False False False  True  True False False False False  True  True
 False False  True  True False False False  True False False False False
 False False False False False False False]","[False False False False False False False False False False False False
 False False False False False False False False False  True False False
 False False False False False False False False False False False False
 False False False False False False False False False False False False
 False False False False False False False False False False False False
 False False False False False False False]","[0.36, 0.64, 0.0]","[2.4412761378064363, 0.9775521605649683]",0,False,False
88,81.0,750.0,0.0,1,1,0,"[False  True  True False False  True  True False False False  True False
 False False  True  True False False  True  True False False False  True
 False False False False False False False False False  True  True False
 False False False False False False  True  True False False False False
  True  True False False False  True False False False False False False
 False False False False False False False]","[False False False False False False False False False False False False
 False False  True  True False False False False False False False False
 False False False False False False False False False False False False
 False False  True False False False False False False False False False
 False False False False False False False False False False False False
 False False False False False False False]","[0.4, 0.6, 0.0]","[2.5630985764077403, 0.8614539877232001]",0,False,False
89,82.0,3000.0,0.0,-1,-1,0,"[False False False False False False False False False False False False
 False False False False False False False False False False False False
 False False False False False False False False False False False False
 False False False False False False False False False False False False
 False False False False False False False False False False False False
 False False False False False False False]","[ True False False False  True False False False  True  True False False
  True  True False False False  True False False False  True  True False
 False False False False False False False False  True False False False
 False  True False False False  True False False False False False False
 False False False False False False False False False False False False
 False False False False False False False]","[0.4, 0.6, 0.0]","[nan, 0.8614539877232001]",0,False,False
90,83.0,6000.0,0.0,-1,1,0,"[False  True False False False  True False False False False False False
 False False False False False False False False False False False False
 False False False False False False False False False False False False
 False False False False False False False False False False False False
 False False False False False False False False False False False False
 False False False False False False False]","[False False False False False False False False False False False False
 False False False False False False False False False False False False
 False False False False False False False False False False False False
 False False False False False False False False False False False False
 False False False False False False False False False False False False
 False False False False False False False]","[0.4, 0.6, 0.0]","[nan, 1.2458505001420814]",0,False,False
91,83.0,6000.0,0.0,-1,-1,0,"[False False False False False False False False False False False False
 False False False False False False False False False False False False
 False False False False False False False False False False False False
 False False False False False False False False False False False False
 False False False False False False False False False False False False
 False False False False False False False]","[False False False False False False False  True False False False False
  True False False False False  True False False  True  True False False
 False  True False False False  True  True False False  True  True False
 False False False  True False False False False False  True False False
 False False False  True False False False False False False False False
 False False False False False False False]","[0.44, 0.56, 0.0]","[2.670350930522295, 1.583275816739861]",0,False,False
92,84.0,1500.0,0.0,1,1,0,"[False False  True False False False  True False False False False  True
 False False False  True False False False  True  True False False  True
  True False False  True  True False False False False False  True False
 False False  True  True False False False False  True  True False False
 False  True False False False False False False False False False False
 False False False False False False False]","[False False False False False False False False False False False False
 False False False False False False False False False False False False
 False False False False False False False False False False False False
 False False False False False False False False False False False False
 False False False False False False False False False False False False
 False False False False False False False]","[0.44, 0.56, 0.0]","[2.670350930522295, 1.583275816739861]",0,False,False
93,85.0,6000.0,0.0,-1,-1,0,"[False False False False False False False False False False False False
 False False False False False False False False False False False False
 False False False False False False False False False False False False
 False False False False False False False False False False False False
 False False False False False False False False False False False False
 False False False False False False False]","[False False False False False False False False  True False False False
 False  True  True False False False False False False False  True False
 False False  True  True False False  True  True False False False False
  True  True False False False  True False False False False False False
  True False False False  True False False False False False False False
 False False False False False False False]","[0.44, 0.56, 0.0]","[2.670350930522295, 1.583275816739861]",0,False,False
94,86.0,3000.0,0.0,-1,-1,0,"[False False False False False False False False False False False False
 False  True  True False False False False False False False False False
 False False False False False False False False False False False False
 False False False False False False False False False False False False
 False False False False False False False False False False False False
 False False False False False False False]","[ True  True False False  True  True False False False  True False False
 False  True  True False False False  True False False False  True  True
 False False False  True False False False False False False False False
 False False  True False False False  True False False False False False
 False False False False False False False False False False False False
 False False False False False False False]","[0.44, 0.56, 0.0]","[2.670350930522295, 1.583275816739861]",0,False,False
95,87.0,3000.0,0.0,-1,-1,0,"[False False False False False False False False False False False False
 False False False False False False False False False False False False
 False False False False False False False False False False False False
 False False False False False False False False False False False False
 False False False False False False False False False False False False
 False False False False False False False]","[False  True  True False False False  True False False False  True  True
 False False False False False False  True  True False False False  True
  True False False False False  True False False False False False False
 False False False False False  True False False False False False False
 False False False False False False False False False False False False
 False False False False False False False]","[0.4, 0.6, 0.0]","[2.5630985764077403, 1.6832410393848654]",0,False,False
96,88.0,750.0,0.0,1,1,0,"[False False  True  True False False  True  True False False False  True
 False False False  True  True False False  True  True False False False
  True  True False False False False  True  True False False False False
  True False False False False  True  True False False False False  True
 False False False False False False False False False False False  True
 False False False False False False False]","[False False False False False False False False False False False False
 False False False False False False False False False False False False
 False False False False False False False False False False False False
 False False False False False False False False False False False False
 False False False False False False False False False False False False
 False False False False False False False]","[0.4, 0.6, 0.0]","[2.5630985764077403, 1.6832410393848654]",0,False,False
97,89.0,1500.0,0.0,1,-1,0,"[False False False False False False False False False False False False
 False False False False False False False False False False False False
 False False False False False False False False False False False False
 False False False False False False False False False False False False
 False False False False False False False False False False False False
 False False False False False False False]","[ True False False False  True False False False False False False False
 False False False False False False False False False False False False
 False False False False False False False False False False False False
 False False False False False False False False False False False False
 False False False False False False False False False False False False
 False False False False False False False]","[0.4, 0.6, 0.0]","[2.5630985764077403, 1.6832410393848654]",0,False,False
98,89.0,1500.0,0.0,1,1,0,"[False False  True  True False False False  True False False False  True
  True False False  True  True False False False  True  True False False
 False  True False False False  True  True False False False False False
 False False False False False  True  True False False False  True  True
 False False False  True False False False False False False False False
 False False False False  True False False]","[False False False False False False False False False False False False
 False False False False False False False False  True  True False False
 False  True False False False False False False False False False False
 False False False False False False False False False False False False
 False False False False False False False False False False False False
 False False False False False False False]","[0.4, 0.6, 0.0]","[2.5630985764077403, 1.2458505001420814]",0,False,False
99,90.0,1500.0,0.0,1,1,0,"[False False  True False False False False  True False False  True  True
 False False False  True  True False False  True  True False False False
  True False False False False  True False False False False  True False
 False False  True False False False False  True  True False False False
 False  True False False False  True  True False False False False  True
  True False False False  True  True False]","[False False False False False False False False False False False False
 False False False False False False False  True  True False False False
 False False False False False False False False False False False False
 False False False False False False False False False False False False
 False False False False False False False False False False False False
 False False False False False False False]","[0.4, 0.6, 0.0]","[2.5630985764077403, 1.2458505001420814]",0,False,False
100,91.0,750.0,0.0,1,1,0,"[False False False  True  True False False False  True False False False
  True False False False  True  True False False False  True  True False
 False False False False False False False False  True False False False
 False  True False False False  True  True False False False False False
  True False False False  True False False False  True  True False False
 False False False False False False False]","[False False False False False False False False False False False False
 False False False False False False False False False False False False
 False False False False False False False False False False False False
 False False False False False False False False False False False False
 False False False False False False False False False False False False
 False False False False False False False]","[0.44, 0.56, 0.0]","[2.670350930522295, 1.1318967437115721]",0,False,False
101,92.0,750.0,0.0,1,1,0,"[ True False False  True  True False False False  True  True False False
  True  True False False False  True  True False False  True  True False
 False False  True  True False False False False  True  True False False
  True  True False False False False False  True  True False False  True
  True False False False False  True False False False False False False
 False False False False False False False]","[False False False False False False False False False False False False
 False False False False False  True False False False False False False
 False False False False False False False False False False False False
 False False False False False False False False  True False False False
 False False False False False False False False False False False False
 False False False False False False False]","[0.48, 0.52, 0.0]","[2.765983730024195, 1.0048036057610192]",0,False,False
102,93.0,3000.0,0.0,-1,-1,0,"[False False False False False False False False False False False False
 False False False False False False False False False False False False
 False False False False False False False False False False False False
 False False False False False False False False False False False False
 False False False False False False False False False False False False
 False False False False False False False]","[False False False False False  True False False False False False False
 False False  True False False False False  True False False False  True
  True False False  True  True False False False  True  True False False
 False  True False False False False  True  True False False False False
 False False False False False False False False False False False False
 False False False False False False False]","[0.48, 0.52, 0.0]","[2.765983730024195, 1.0048036057610192]",0,False,False
103,94.0,6000.0,0.0,-1,-1,0,"[False False False False False False False False False False False False
 False False False  True False False False False False False False False
 False False False False False False False False False False False False
 False False False False False False False False False False False False
 False False False False False False False False False False False False
 False False False False False False False]","[False False  True False False False  True False False False False False
 False False False  True False False False False  True False False False
  True False False False False  True False False False False False False
 False False  True  True False False False False False False False False
 False False False False False False False False False False False False
 False False False False False False False]","[0.48, 0.52, 0.0]","[2.765983730024195, 1.0048036057610192]",0,False,False
104,95.0,6000.0,0.0,-1,1,0,"[ True  True False False False False False False False False False False
 False False False False False False False False False False False False
 False False False False False False False False False False False False
 False False False False False False False False False False False False
 False False False False False False False False False False False False
 False False False False False False False]","[False False False False False False False False False False False False
 False False False False False False False False False False False False
 False False False False False False False False False False False False
 False False False False False False False False False False False False
 False False False False False False False False False False False False
 False False False False False False False]","[0.48, 0.52, 0.0]","[2.765983730024195, 1.0048036057610192]",0,False,False
105,96.0,6000.0,0.0,-1,-1,0,"[False False False False False False False False False False False False
 False False False False False False False False False False False False
 False False False False False False False False False False False False
 False False False False False False False False False False False False
 False False False False False False False False False False False False
 False False False False False False False]","[False False  True False False False  True  True False False False  True
 False False False  True  True False False False False False False False
 False  True False False False  True False False False False False  True
 False False False  True  True False False False False False False False
 False False  True False False False False  True False False False False
 False False False False False False False]","[0.52, 0.48, 0.0]","[2.0401502213058973, 0.8614538349250738]",0,False,False
106,97.0,1500.0,0.0,1,1,0,"[False  True  True False False  True  True False False False  True False
 False False  True  True False False  True  True False False False  True
  True False False False False  True  True False False False False False
 False False  True  True False False False False False  True False False
 False False False False False False  True False False False False False
 False False False False False False False]","[False False False False False False False False False False False False
 False False False False False False False False False False False False
 False False False False False False False False False False False False
 False False False False False False False False False False False False
 False False False False False False False False False False False False
 False False False False False False False]","[0.48, 0.52, 0.0]","[1.9348409100817299, 1.0048036057610192]",0,False,False
107,98.0,750.0,0.0,1,1,0,"[ True False False False False  True False False False  True  True False
 False False  True  True False False  True  True False False  True  True
 False False False  True  True False False False False  True  True False
 False False  True False False False False  True False False False False
 False False  True False False False False  True False False False False
 False False False False False False False]","[False False False False False False False False False False False False
 False False False False False False False False False False False False
 False False False False False False False False False False False False
 False False  True False False False False False False False False False
 False False False False False False False False False False False False
 False False False False False False False]","[0.52, 0.48, 0.0]","[2.0401502213058973, 0.8614538349250738]",0,False,False
108,99.0,750.0,0.0,1,1,0,"[False False False False False False  True  True False False  True  True
 False False  True  True False False False  True  True False False  True
  True False False False False  True False False False False False  True
 False False False  True False False False  True  True False False False
  True False False False False False False  True False False False False
  True False False False False False False]","[False False False False False False False False False False False False
 False False False False False False False False False False False False
 False False False False False False False False False False False False
 False False False  True False False False False False False False False
 False False False False False False False False False False False False
 False False False False False False False]","[0.52, 0.48, 0.0]","[2.0401502213058973, 0.8614538349250738]",0,False,False
109,100.0,6000.0,0.0,-1,-1,0,"[False False False False False False False False False False False False
 False False False False False False False False False False False False
 False False False False False False False False False False False False
 False False False False False False False False False False False False
 False False False False False False False False False False False False
 False False False False False False False]","[False False False  True False False False False False False False  True
  True False False  True  True False False False  True  True False False
  True  True False False False False  True False False False  True False
 False False False  True  True False False False  True False False False
 False  True False False False False False False False False False False
 False False False False False False False]","[0.56, 0.44, 0.0]","[2.135138788617833, 1.2091694501633]",0,False,False
110,101.0,3000.0,0.0,-1,1,0,"[ True False False False  True False False False False False False False
 False False False False False False False False False False False False
 False False False False False False False False False False False False
 False False False False False False False False False False False False
 False False False False False False False False False False False False
 False False False False False False False]","[False False False False False False False False False False False False
 False False False False False False False False False False False False
 False False False False False False False False False False False False
 False False False False False False False False False False False False
 False False False False False False False False False False False False
 False False False False False False False]","[0.56, 0.44, 0.0]","[2.135138788617833, 1.8169135474117328]",0,False,False
111,102.0,750.0,0.0,1,-1,0,"[False False False False False False False False False False False False
 False False False False False False False False False False False False
 False False False False False False False False False False False False
 False False False False False False False False False False False False
 False False False False False False False False False False False False
 False False False False False False False]","[False False False False False False False False False False False False
 False False  True  True False False False False False False False False
 False False False False False False False False False False False False
 False False False False False False False False False False False False
 False False False False False False False False False False False False
 False False False False False False False]","[0.56, 0.44, 0.0]","[1.583275816739861, 1.8169135474117328]",0,False,False
112,103.0,3000.0,0.0,-1,1,0,"[False  True  True False False False False False False False False False
 False False False False False False False False False False False False
 False False False False False False False False False False False False
 False False False False False False False False False False False False
 False False False False False False False False False False False False
 False False False False False False False]","[False False False False False False False False False False False False
 False False False False False False False False False False False False
 False False False False False False False False False False False False
 False False False False False False False False False False False False
 False False False False False False False False False False False False
 False False False False False False False]","[0.56, 0.44, 0.0]","[1.583275816739861, 1.8169135474117328]",0,False,False
113,104.0,750.0,0.0,1,1,0,"[False False False False False False False False False False  True False
 False False False  True False False False  True False False False  True
  True False False  True  True False False False  True  True False False
  True  True False False False  True False False False False  True  True
 False False False  True False False False  True False False False False
 False  True  True False False False  True]","[False False False False False False False False False False False False
 False False False False False False False False False False False False
 False False False False False False False False False False False False
 False False False False False  True False False False False False False
 False False False False False False False False False False False False
 False False False False False False False]","[0.56, 0.44, 0.0]","[1.1318967437115721, 1.8169135474117328]",0,False,False
114,105.0,1500.0,0.0,1,1,0,"[False False False False False  True False False False  True  True False
 False False  True False False False  True  True False False False  True
 False False False  True False False False  True  True False False False
  True False False False False False  True False False False False False
 False False False False  True  True False False False  True  True False
 False False False False False False False]","[False False False False False False False False False False False False
 False False False False False False False False False False False False
 False False False False False False False False False False False False
 False False False False False False False False False False False False
 False False False False False False False False False False False False
 False False False False False False False]","[0.56, 0.44, 0.0]","[1.1318967437115721, 1.8169135474117328]",0,False,False
115,106.0,1500.0,0.0,1,1,0,"[False False  True  True False False False  True False False False  True
  True False False  True  True False False False  True False False False
  True  True False False False  True False False False False False  True
 False False False  True  True False False False False False False False
 False False False False False False False False False  True False False
 False False False False False False False]","[False False False False False False False False False False False False
 False False False False False False False False False False False False
 False False False False False False False False False False False False
 False False False False False False False False False False False False
 False False False False False False False False False False False False
 False False False False False False False]","[0.6, 0.4, 0.0]","[1.2458505001420814, 1.6832403249694212]",0,False,False
116,107.0,3000.0,0.0,-1,-1,0,"[False False False False False False False False False False False False
 False False False False False False False False False False False False
 False False False False False False False False False False False False
 False False False False False False False False False  True False False
 False False False False False False False False False False False False
 False False False False False False False]","[False  True False False False  True  True False False  True  True False
 False False  True False False False False  True False False False  True
 False False False False  True False False False False  True  True False
 False False False False False False False False  True  True False False
 False False False False False False False False False False False False
 False False False False False False False]","[0.6, 0.4, 0.0]","[1.6832410393848654, 1.6832403249694212]",0,False,False
117,108.0,1500.0,0.0,1,-1,0,"[False False False False False False False False False False False False
 False False False False False False False False False False False False
 False False False False False False False False False False False False
 False False False False False False False False False False False False
 False False False False False False False False False False False False
 False False False False False False False]","[False False False False False False False  True False False False  True
 False False False False False False False False False False False False
 False False False False False False False False False False False False
 False False False False False False False False False False False False
 False False False False False False False False False False False False
 False False False False False False False]","[0.6, 0.4, 0.0]","[1.6832410393848654, 1.6832403249694212]",0,False,False
118,108.0,1500.0,0.0,1,1,0,"[ True  True False False  True  True False False False  True  True False
 False  True  True False False  True  True False False False  True  True
 False False False False False False False  True False False False False
  True False False False False  True  True False False  True  True False
 False False  True False False False False False False False False False
 False False False False False False False]","[False False False False False False False False False False False False
 False  True  True False False False False False False False False False
 False False False False False False False False False False False False
 False False False False False False False False False False False False
 False False False False False False False False False False False False
 False False False False False False False]","[0.56, 0.44, 0.0]","[1.583275816739861, 1.2091694501633]",0,False,False
119,109.0,6000.0,0.0,-1,-1,0,"[False False False False False False False False False False False False
 False False False False False False False False False False False False
 False False False False False False False False False False False False
 False False False False False False False False False False False False
 False False False False False False False False False False False False
 False False False False False False False]","[False False False False  True False False  True False False False False
  True  True False False  True  True False False  True  True False False
 False  True  True False False False  True False False False False  True
  True False False False False False False False False False False False
 False False False False False False False False False False False False
 False False False False False False False]","[0.6, 0.4, 0.0]","[1.6832410393848654, 1.04879987536743]",0,False,False
120,110.0,3000.0,0.0,-1,1,0,"[False False False False  True False False False  True False False False
 False False False False False False False False False False False False
 False False False False False False False False False False False False
 False False False False False False False False False False False False
 False False False False False False False False False False False False
 False False False False False False False]","[False False False False False False False False False False False False
 False False False False False False False False False False False False
 False False False False False False False False False False False False
 False False False False False False False False False False False False
 False False False False False False False False False False False False
 False False False False False False False]","[0.6, 0.4, 0.0]","[1.6832410393848654, 1.04879987536743]",0,False,False
121,110.0,3000.0,0.0,-1,-1,0,"[False False False False False False False False False False False False
 False False False False False False False False False False False False
 False False False False False False False False False False False False
 False False False False False False False False False False False False
 False False False False False False False False False False False False
 False False False False False False False]","[False  True False False False False  True False False False  True False
 False False  True  True False False  True  True False False  True  True
 False False False False  True False False False False False False False
 False False  True False False False False  True False False False False
 False  True  True False False False  True False False False False False
 False False False False False False False]","[0.64, 0.36, 0.0]","[1.34897851762444, 0.8614535802617546]",0,False,False
122,111.0,6000.0,0.0,-1,1,0,"[False False False False  True False False  True  True False False False
 False False False False False False False False False False False False
 False False False False False False False False False False False False
 False False False False False False False False False False False False
 False False False False False False False False False False False False
 False False False False False False False]","[False False False False False False False False False False False False
 False False False False False False False False False False False False
 False False False False False False False False False False False False
 False False False False False False False False False False False False
 False False False False False False False False False False False False
 False False False False False False False]","[0.6, 0.4, 0.0]","[1.2458505001420814, 1.04879987536743]",0,False,False
123,112.0,1500.0,0.0,1,-1,0,"[False False False False False False False False False False False False
 False False False False False False False False False False False False
 False False False False False False False False False False False False
 False False False False False False False False False False False False
 False False False False False False False False False False False False
 False False False False False False False]","[False False  True False False  True  True False False False False False
 False False False False False False False False False False False False
 False False False False False False False False False False False False
 False False False False False False False False False False False False
 False False False False False False False False False False False False
 False False False False False False False]","[0.64, 0.36, 0.0]","[0.9775521605649683, 1.5294172755398876]",0,False,False
124,113.0,3000.0,0.0,-1,1,0,"[ True False False  True  True False False False False False False False
 False False False False False False False False False False False False
 False False False False False False False False False False False False
 False False False False False False False False False False False False
 False False False False False False False False False False False False
 False False False False False False False]","[False False False False False False False False False False False False
 False False False False False False False False False False False False
 False False False False False False False False False False False False
 False False False False False False False False False False False False
 False False False False False False False False False False False False
 False False False False False False False]","[0.6, 0.4, 0.0]","[0.8614539877232001, 1.04879987536743]",0,False,False
125,114.0,750.0,0.0,1,-1,0,"[False False False False False False False False False False False False
 False False False False False False False False False False False False
 False False False False False False False False False False False False
 False False False False False False False False False False False False
 False False False False False False False False False False False False
 False False False False False False False]","[False False False False False False False False False False False False
 False False False False  True False False False False False False False
 False  True False False False False False False False False False False
 False False False False False False False False False False False False
 False False False False False False False False False False False False
 False False False False False False False]","[0.6, 0.4, 0.0]","[0.5066938613135554, 1.04879987536743]",0,False,False
126,115.0,750.0,0.0,1,-1,0,"[False False False False False False False False False False False False
 False False False False False False False False False False False False
 False False False False False False False False False False False False
 False False False False False False False False False False False False
 False False False False False False False False False False False False
 False False False False False False False]","[False False  True False False False False False False False False  True
 False False False False False False False False False False False False
 False False False False False False False False False False False False
 False False False False False False False False False False False False
 False False False False False False False False False False False False
 False False False False False False False]","[0.56, 0.44, 0.0]","[0.3600244797379033, 0.6975107308138484]",0,False,False
127,115.0,750.0,0.0,1,1,0,"[False False False False  True False False False  True  True False False
 False  True False False  True  True False False False  True False False
 False  True  True False False  True  True False False False  True False
 False False False  True  True False False False False False False False
  True  True False False False False  True  True False False False  True
  True False False False  True False False]","[False False False False False False False False False False False False
 False False False False False False False False False False False False
 False  True False False False False False False False False  True False
 False False False False False False False False False False False False
 False False False False False False False False False False False False
 False False False False False False False]","[0.52, 0.48, 0.0]","[0.1931170816217559, 0.42085643268640105]",0,False,False
128,116.0,3000.0,0.0,-1,-1,0,"[False False False False False False False False False False False False
 False False False False False False False False False False False False
 False False False False False False False False False False False False
 False False False False False False False False False False False False
 False False False False False False False False False False False False
 False False False False False False False]","[False False False False  True False False False False False False False
 False False False False False False False False False False False False
 False False False False False False False False False False False False
 False False  True False False False  True False False False  True  True
 False False False  True False False False  True  True False False False
  True False False False False  True False]","[0.56, 0.44, 0.0]","[0.3600244797379033, 0.2283703801950016]",0,False,False
129,117.0,1500.0,0.0,1,1,0,"[False  True False False  True  True False False False  True False False
 False  True  True False False  True  True False False  True  True False
 False False  True  True False False False False  True  True False False
 False  True False False False  True  True False False False False False
 False False False False  True False False False False False False False
 False False False False False False False]","[False False False False False False False False False False False False
 False False False False False  True  True False False False False False
 False False False False False False False False False False False False
 False False False False False False False False False False False False
 False False False False False False False False False False False False
 False False False False False False False]","[0.56, 0.44, 0.0]","[0.3600244797379033, 0.2283703801950016]",0,False,False
130,118.0,6000.0,0.0,-1,1,0,"[False False False  True  True False False False False False False False
 False False False False False False False False False False False False
 False False False False False False False False False False False False
 False False False False False False False False False False False False
 False False False False False False False False False False False False
 False False False False False False False]","[False False False False False False False False False False False False
 False False False False False False False False False False False False
 False False False False False False False False False False False False
 False False False False False False False False False False False False
 False False False False False False False False False False False False
 False False False False False False False]","[0.56, 0.44, 0.0]","[0.7322121668315051, 0.2283703801950016]",0,False,False
131,119.0,6000.0,0.0,-1,-1,0,"[False False False False False False False False False False False False
 False False False False False False False False False False False False
 False False False False False False False False False False False False
 False False False False False False False False False False False False
 False False False False False False False False False False False False
 False False False False False False False]","[False False False False  True False False False False  True False False
 False False False False False  True False False False  True False False
 False  True  True False False  True  True False False False False False
 False False False False  True False False False False  True False False
 False  True False False False False False False False False False False
 False False False False False False False]","[0.6, 0.4, 0.0]","[0.5066938613135554, 0.0]",0,False,False
132,120.0,1500.0,0.0,1,1,0,"[False  True False False False  True  True False False  True  True False
 False  True  True False False False  True False False False  True  True
 False False  True  True False False False  True False False False False
 False  True False False False  True False False False False False False
  True False False False  True  True False False False False False False
 False False False False False False False]","[False False False False False False False False False False False False
 False False False False False False False False False False  True False
 False False False False False False False False False False False False
 False False False False False False False False False False False False
 False False False False False False False False False False False False
 False False False False False False False]","[0.56, 0.44, 0.0]","[0.3600244797379033, 0.2283703801950016]",0,False,False
133,121.0,3000.0,0.0,-1,-1,0,"[False False False False False False False False False False False False
 False False False False False False False False False False False False
 False False False False False False False False False False False False
 False False False False False False False False False False False False
 False False False False False False False False False False False False
 False False False False False False False]","[ True False False False  True False False False False False False False
  True  True False False False  True False False False False  True False
 False False  True  True False False False False False False False False
 False  True False False False False False  True False False False False
  True False False False False False False False False False False False
 False False False False False False False]","[0.56, 0.44, 0.0]","[0.3600244797379033, 0.2283703801950016]",0,False,False
134,122.0,1500.0,0.0,1,1,0,"[False False  True False False False False False False False False False
  True False False  True  True False False False  True False False False
  True  True False False  True  True False False False  True  True False
 False False False  True  True False False False False False False False
  True  True False False False False False False False False False False
  True False False False False False False]","[False False False False False False False False False False False False
 False False False False False False False False False False False False
 False False False False False False False False False False False False
 False False False False False False False False False False False False
 False False False False False False False False False False False False
 False False False False False False False]","[0.52, 0.48, 0.0]","[0.1931170816217559, 0.42085643268640105]",0,False,False
135,123.0,750.0,0.0,1,-1,0,"[False False False False False False False False False False False False
 False False False False False False False False False False False False
 False False False False False False False False False False False False
 False False False False False False False False False False False False
 False False False False False False False False False False False False
 False False False False False False False]","[False False  True False False False False  True  True False False False
 False False False False False False False False False False False False
 False False False False False False False False False False False False
 False False False False False False False False False False False False
 False False False False False False False False False False False False
 False False False False False False False]","[0.56, 0.44, 0.0]","[0.3600244797379033, 0.2283703801950016]",0,False,False
136,124.0,750.0,0.0,1,1,0,"[ True  True False False False  True  True False False  True  True False
 False  True  True False False  True  True False False False  True  True
 False False  True  True False False False False False  True False False
 False  True False False False False  True False False False False False
  True False False False False False  True False False False False False
 False False False False False False False]","[False False False False False False False False False False False False
 False False False False False False False False False False False False
 False False False False False False False False False False False False
 False False False False False False False False False False False False
 False False False False False False False False False False False False
 False False False False False False False]","[0.52, 0.48, 0.0]","[0.5867619998972957, 0.0]",0,False,False
137,125.0,3000.0,0.0,-1,-1,0,"[False False False False False False False False False False False False
 False False False False False False False False False False False False
 False False False False False False False False False False False False
 False False False False False False False False False False False False
 False False False False False False False False False False False False
 False False False False False False False]","[False  True False False False  True False False False False False False
 False  True  True False False False  True False False False  True False
 False False False  True False False False  True False False False False
 False False False False False  True False False False False  True False
 False False False False False False False False False False False False
 False False False False False False False]","[0.56, 0.44, 0.0]","[0.7322121668315051, 0.2283703801950016]",0,False,False
138,126.0,6000.0,0.0,-1,-1,0,"[False False False False False False False False False False False False
 False False False False False False False False False False False False
 False False False False False False False False False False False False
 False False False False False False False False False False False False
 False False False False False False False False False False False False
 False False False False False False False]","[False  True False False False  True False False False  True False False
 False False  True False False False  True False False False  True  True
 False False False  True  True False False False False False False False
 False False False False False False False  True False False False False
 False  True False False False False False False False False False False
 False False False False False False False]","[0.52, 0.48, 0.0]","[1.0048036057610192, 0.42085643268640105]",0,False,False
139,127.0,6000.0,0.0,-1,-1,0,"[False False False False False False False False False False False False
 False False False False False False False False False False False False
 False False False False False False False False False False False False
 False False False False False False False False False False False False
 False False False False False False False False False False False False
 False False False False False False False]","[False False False  True False False False False  True False False False
  True False False False  True False False False False  True False False
  True  True False False False False False False False False False  True
 False False False False False False False False False False False  True
 False False False False False False False False False False False False
 False False False False False False False]","[0.48, 0.52, 0.0]","[0.8614538349250738, 0.5867619998972957]",0,False,False
140,128.0,1500.0,0.0,1,1,0,"[False False  True False False False  True  True False False False  True
 False False False  True  True False False  True  True False False False
  True False False False  True  True False False False False False  True
 False False False  True False False False False False False  True False
 False False  True  True False False False False False False False False
 False False False False False False False]","[False False False False False False False False False False False False
 False False False False False False False False False False False False
 False False False False False False False False False False False False
 False False False False False False False False False False False False
 False False False False False False False False False False False False
 False False False False False False False]","[0.44, 0.56, 0.0]","[0.6975107308138484, 0.7322121668315051]",0,False,False
141,129.0,750.0,0.0,1,1,0,"[False False False  True False False False  True  True False False  True
  True False False  True  True False False False False  True False False
  True  True False False False  True False False False False False False
 False False False  True  True False False False  True  True False False
 False False False  True False False False False False False False False
 False False False False False False False]","[False False False False False False False False False False False False
 False False False False False False False False  True False False False
 False False False False False False False False False False False False
 False False False False False False False False False False False False
 False False False False False False False False False False False False
 False False False False False False False]","[0.44, 0.56, 0.0]","[0.6975107308138484, 0.7322121668315051]",0,False,False
142,130.0,3000.0,0.0,-1,-1,0,"[False False False False False False False False False False False False
 False False False False False False False False False False False False
 False False False False False False False False False False False False
 False False False False False False False False False False False False
 False False False False False False False False False False False False
 False False False False False False False]","[False False  True  True False False  True  True False False False  True
 False False False False  True False False False  True False False False
 False  True False False False False False False False False False  True
 False False False False  True False False False False False False False
 False False False False False False False False False False False False
 False False False False False False False]","[0.48, 0.52, 0.0]","[0.8614538349250738, 0.5867619998972957]",0,False,False
143,131.0,750.0,0.0,1,1,0,"[ True  True False False False  True False False False  True  True False
 False  True  True False False False  True  True False False  True  True
 False False False  True  True False False False False  True  True False
 False  True  True False False False  True False False False False False
 False False  True False False False False False False False False False
 False False False False False False False]","[False False False False False False False False False False False False
 False False False False False False False False False False False False
 False False False False False False False False False False False False
 False False False False False False False False False False False False
 False False False False False False False False False False False False
 False False False False False False False]","[0.48, 0.52, 0.0]","[0.8614538349250738, 1.0048036057610192]",0,False,False
144,132.0,1500.0,0.0,1,1,0,"[ True  True False False False  True  True False False  True  True False
 False  True  True False False  True  True False False False  True  True
 False False False False False  True False False  True  True False False
 False False False  True False False False  True  True False False False
 False  True False False False  True False False False False False False
 False False False False False False False]","[False False False False False False False False False False False False
 False False False False False False False False False False False False
 False False False False False False False False False False False False
 False False False False False False False False False False False False
 False False False False False False False False False False False False
 False False False False False False False]","[0.48, 0.52, 0.0]","[0.8614538349250738, 1.0048036057610192]",0,False,False
145,133.0,750.0,0.0,1,1,0,"[False  True False False False  True False False False False False False
 False False False False False False False  True False False False  True
 False False False False  True False False  True False False False  True
  True False False False  True False False False False  True False False
 False False  True  True False False False  True  True False False False
 False False False False False False False]","[False False False False False False False False False False False False
 False False False False False False  True False False False False False
 False False False False False False False False False False False False
 False False False False False False False False False False False False
 False False False False False False False False False False False False
 False False False False False False False]","[0.52, 0.48, 0.0]","[1.0048036057610192, 0.8614538349250738]",0,False,False
146,134.0,3000.0,0.0,-1,-1,0,"[False False False False False False False False False False False False
 False False False False False False False False False False False False
 False False False False False False False False False False False False
 False False False False False False False False False False False False
 False False False False False False False False False False False False
 False False False False False False False]","[False False  True False False False  True False False False  True  True
 False False  True  True False False False  True False False False False
  True False False False  True False False False False False False False
 False  True  True False False False  True  True False False False False
  True False False False False False False False False False False False
 False False False False False False False]","[0.52, 0.48, 0.0]","[1.472630473950306, 0.8614538349250738]",0,False,False
147,135.0,6000.0,0.0,-1,-1,0,"[False False False False False False False False False False False False
 False False False False False  True False False False False False False
 False False False False False False False False False False False False
 False False False False False False False False False False False False
 False False False False False False False False False False False False
 False False False False False False False]","[False False False False  True False False  True False False False False
  True  True False False  True  True False False  True  True False False
 False  True  True False False False  True False False False False False
 False False False False False False False False False False False False
 False False False False False False False False False False False False
 False False False False False False False]","[0.52, 0.48, 0.0]","[1.472630473950306, 0.8614538349250738]",0,False,False
148,136.0,1500.0,0.0,1,-1,0,"[False False False False False False False False False False False False
 False  True False False False False False False False False False False
 False False False False False False False False False False False False
 False False False False False False False False False False False False
 False False False False False False False False False False False False
 False False False False False False False]","[False False False False False False False False  True False False False
  True False False False False False False False False False False False
 False False False False False False False False False False False False
 False False False False False False False False False False False False
 False False False False False False False False False False False False
 False False False False False False False]","[0.48, 0.52, 0.0]","[1.9348409100817299, 1.0048036057610192]",0,False,False
149,137.0,3000.0,0.0,-1,-1,0,"[False False False False False False False False False False False False
 False False False False False False False  True False False False  True
 False False False False False False False False False False False False
 False False False False False False False False False False False False
 False False False False False False False False False False False False
 False False False False False False False]","[False  True False False False False False False False False  True  True
 False False False  True False False False  True False False False  True
  True False False  True  True False False False  True False False False
 False  True False False False False  True False False False False False
  True False False False False False False False False False False False
 False False False False False False False]","[0.48, 0.52, 0.0]","[1.9348409100817299, 1.0048036057610192]",0,False,False
150,138.0,6000.0,0.0,-1,-1,0,"[False False  True False False False False False False False False False
 False False False False False False False False False False False False
 False False False False False False False False  True False False False
 False False False False False False False False False False False False
 False False False False False False False False False False False False
 False False False False False False False]","[False False False False False False False False False False False False
 False False  True False False False  True False False False False  True
 False False False  True False False False  True  True False False False
  True False False False False  True False False False False  True  True
 False False False False False False False False False False  True False
 False False False False False False False]","[0.44, 0.56, 0.0]","[2.670350930522295, 1.1318967437115721]",0,False,False
151,139.0,750.0,0.0,1,1,0,"[ True False False  True  True False False  True  True False False  True
  True  True False False  True False False False  True  True False False
 False  True False False False  True False False False False False  True
 False False False False  True False False  True  True False False False
 False False  True  True False False False False False False False False
 False False False False False False False]","[False False False False False False False False False False False False
 False False False False False False False False False False False False
 False False False False False False False False False False False False
 False False False False False False False False False False False False
 False False False False False False False False False False False False
 False False False False False False False]","[0.44, 0.56, 0.0]","[2.670350930522295, 1.583275816739861]",0,False,False
152,140.0,1500.0,0.0,1,1,0,"[ True False False False  True False False False  True  True False False
  True  True False False False  True False False False  True  True False
 False  True  True False False False  True  True False False False False
 False False False False False  True False False False False  True False
 False False False False False  True False False False False False False
 False False False False False False False]","[False False False False False False False False False False False False
 False False False False False False False False False False False False
 False False False False False False False False False False False False
 False False False False False False False False False False False False
 False False False False False False False False False False False False
 False False False False False False False]","[0.48, 0.52, 0.0]","[2.765983730024195, 2.0401502213058973]",0,False,False
153,141.0,3000.0,0.0,-1,-1,0,"[False False False False False False False False False False False False
 False False False False False False False False False False False False
 False False False False False False False False False False False False
 False False  True False False False False False False False False False
 False False False False False False False False False False False False
 False False False False False False False]","[False False False False False False False  True False False False False
 False False False False False False False False False False False False
  True False False False False  True False False False  True  True False
 False  True  True False False False  True False False False  True  True
 False False False  True False False False False  True  True False False
 False  True False False False False False]","[0.48, 0.52, 0.0]","[2.765983730024195, 2.0401502213058973]",0,False,False
154,142.0,6000.0,0.0,-1,-1,0,"[False False False False False False False False False False False False
 False False False False False False  True False False False False False
 False False False False False False False False False False False False
 False False False False False False False False False False False False
 False False False False False False False False False False False False
 False False False False False False False]","[False  True False False False  True False False False  True  True False
 False  True  True False False  True  True False False False  True  True
 False False False  True False False False False  True False False False
 False  True  True False False False False False False False False False
 False False False False False False False False False False False False
 False False False False False False False]","[0.48, 0.52, 0.0]","[2.765983730024195, 2.0401502213058973]",0,False,False
155,143.0,6000.0,0.0,-1,-1,0,"[False False False False False False False False False False False False
 False False False False False False False False False False False False
 False False False False False False False False False False False False
 False False False False False False False False False False False False
 False False False False False False False False False False False False
 False False False False False False False]","[False  True False False  True  True False False False  True  True False
 False False  True False False  True  True False False False False  True
 False False False  True False False False False  True False False False
 False False  True False False False False False False False False False
 False False False False False False False False False False False False
 False False False False False False False]","[0.44, 0.56, 0.0]","[2.670350930522295, 2.135138788617833]",0,False,False
156,144.0,1500.0,0.0,1,1,0,"[False False  True  True False False  True  True False False False  True
  True False False False  True False False False  True False False False
 False  True False False False  True False False False False  True  True
 False False False  True  True False False False False False  True False
 False False False  True False False False False False False False False
 False False False False False False False]","[False False False False False False False False False False False False
 False False False False False False False False False False False False
 False False False False False False False False False False False False
 False False False False False False False False False False False False
 False False False False False False False False False False False False
 False False False False False False False]","[0.4, 0.6, 0.0]","[nan, 2.2215409645048307]",0,False,False
157,145.0,6000.0,0.0,-1,-1,0,"[False False False False False False False False False False False False
 False False False False False False False False False False False False
 False False False False False False False False False False False False
 False False False False False False False False False False False False
 False False False False False False False False False False False False
 False False False False False False False]","[False False  True  True False False  True  True False False  True  True
 False False False  True False False False False  True False False False
  True False False False False  True False False False False  True  True
 False False False False False False False False False False False False
 False False False False False False False False False False False False
 False False False False False False False]","[0.44, 0.56, 0.0]","[nan, 2.135138788617833]",0,False,False
158,146.0,1500.0,0.0,1,1,0,"[ True  True False False False  True False False False  True  True False
 False  True  True False False False  True False False False  True  True
 False False False  True False False False False False  True False False
 False  True  True False False  True  True False False False False False
  True  True False False False False  True False False False  True False
 False False False False False False False]","[False False False False False False False False False False False False
 False False False False False False False False False False False False
 False False False False False False False False False False False False
 False False False False False False False False False False False False
 False False False False False False False False False False False False
 False False False False False False False]","[0.4, 0.6, 0.0]","[nan, 2.2215409645048307]",0,False,False
159,147.0,3000.0,0.0,-1,-1,0,"[False False False False False False False False False False False False
 False False  True False False False False False False False False False
 False False False False False False False False False False False False
 False False False False False False False False False False False False
 False False False False False False False False False False False False
 False False False False False False False]","[ True  True False False  True  True False False False  True  True False
 False  True  True False False False  True False False False False  True
 False False False  True False False False False False  True  True False
 False False  True False False False False False False False False False
 False False False False False False False False False False False False
 False False False False False False False]","[0.44, 0.56, 0.0]","[nan, 2.135138788617833]",0,False,False
160,148.0,750.0,0.0,1,1,0,"[ True False False False  True False False False  True  True False False
  True  True False False  True False False False False  True  True False
 False  True  True False False False False  True False False False False
 False  True False False  True False False False False False False False
  True False False False  True  True False False False False False False
 False False False False False False False]","[False False False False False False False False False False False False
 False False False False False False False False False False False False
 False False False False False False False False False False False False
 False False False False False False False False False False False False
 False False False False False False False False False False False False
 False False False False False False False]","[0.4, 0.6, 0.0]","[nan, 2.2215409645048307]",0,False,False
161,149.0,6000.0,0.0,-1,-1,0,"[False False False False False False False False False False False False
 False False  True False False False False False False False False False
 False False False False False False False False False False  True False
 False False False False False False False False False False False False
 False False False False False False False False False False False False
 False False False False False False False]","[ True  True False False False  True  True False False  True  True False
 False False False False False False False  True False False False  True
 False False False False  True False False False False  True  True False
 False False False False False False False False False False False False
 False False False False False False False False False False False False
 False False False False False False False]","[0.44, 0.56, 0.0]","[nan, 2.9304631030763524]",0,False,False
162,150.0,1500.0,0.0,1,1,0,"[ True False False False  True False False False False  True False False
  True  True False False  True  True False False False  True  True False
 False  True  True False False False  True  True False False False False
 False  True False False False  True False False False False False False
 False False False False False False False False False False False False
 False False False False False False False]","[False False False False False False False False False False False False
 False False False False False False False False False False False False
 False False False False False False False False False False False False
 False False False False False False False False False False False False
 False False False False False False False False False False False False
 False False False False False False False]","[0.4, 0.6, 0.0]","[nan, 3.002167432214091]",0,False,False
163,151.0,750.0,0.0,1,-1,0,"[False False False False False False False False False False False False
 False False False False False False False False False False False False
 False False False False False False False False False False False False
 False False False False False False False False False False False False
 False False False False False False False False False False False False
 False False False False False False False]","[False False False False False False False  True False False False  True
 False False False False False False False False False False False False
 False False False False False False False False False False False False
 False False False False False False False False False False False False
 False False False False False False False False False False False False
 False False False False False False False]","[0.44, 0.56, 0.0]","[nan, 2.9304631030763524]",0,False,False
164,152.0,6000.0,0.0,-1,1,0,"[False False  True  True False False False False False False False False
 False False False False False False False False False False False False
 False False False False False False False False False False False False
 False False False False False False False False False False False False
 False False False False False False False False False False False False
 False False False False False False False]","[False False False False False False False False False False False False
 False False False False False False False False False False False False
 False False False False False False False False False False False False
 False False False False False False False False False False False False
 False False False False False False False False False False False False
 False False False False False False False]","[0.44, 0.56, 0.0]","[nan, 2.135138788617833]",0,False,False
165,153.0,6000.0,0.0,-1,-1,0,"[False False False False False False False False False False False False
 False False False False False False False False False False False  True
 False False False False False False False  True  True False False False
 False False False False False False False False False False False False
 False False False False False False False False False False False False
 False False False False False False False]","[False False False False False False False False False False  True False
 False False  True False False False False  True False False False  True
 False False False False False False False  True  True False False False
  True False False False  True  True False False False False False  True
 False False False False False False False False False False False False
 False False False False False False False]","[0.48, 0.52, 0.0]","[2.765983730024195, 2.0401502213058973]",0,False,False
166,154.0,1500.0,0.0,1,1,0,"[ True False False  True False False False False  True  True False False
  True  True False False False  True False False  True  True False False
 False  True  True False False False  True False False False False False
 False False False False  True False False False  True  True False False
 False False False  True  True False False False  True False False False
 False False False False False False False]","[False False False False False False False False False False False False
 False False False False False False False False False False False False
 False False False False False False False False False False False False
 False False False False False False False False False False False False
 False False False False False False False False False False False False
 False False False False False False False]","[0.44, 0.56, 0.0]","[2.670350930522295, 2.135138788617833]",0,False,False
167,155.0,750.0,0.0,1,-1,0,"[False False False False False False False False False False False False
 False False False False False False False False False False False False
 False False False False False False False False False False False False
 False False False False False False False False False False False False
 False False False False False False False False False False False False
 False False False False False False False]","[ True  True False False False False False False False False False False
 False False False False False False False False False False False False
 False False False False False False False False False False False False
 False False False False False False False False False False False False
 False False False False False False False False False False False False
 False False False False False False False]","[0.44, 0.56, 0.0]","[2.670350930522295, 2.135138788617833]",0,False,False
168,156.0,3000.0,0.0,-1,-1,0,"[False False False False False False False False False False False False
 False False False False False False False False False False False False
 False False False False False False False False False False False False
 False False False  True False False False False False False False False
 False False False False False False False False False False False False
 False False False False False  True False]","[False False False False  True False False False False False False False
 False False False False False False False False False False  True False
 False False False  True False False  True  True False False  True  True
 False False False  True  True False False False  True False False False
 False False False False False False  True  True False False False  True
 False False False False False  True False]","[0.44, 0.56, 0.0]","[2.670350930522295, 1.583275816739861]",0,False,False
169,157.0,750.0,0.0,1,1,0,"[False False  True  True False False  True False False False  True  True
 False False False  True  True False False  True  True False False False
  True  True False False  True  True False False False False  True False
 False False False  True  True False False False  True False False False
 False False False False False False False False False False False False
 False False False False False False False]","[False False False False False False False False False False False False
 False False False False False False False False False False False False
 False False False False False False False False False False False False
 False False False False False False False False False False False False
 False False False False False False False False False False False False
 False False False False False False False]","[0.4, 0.6, 0.0]","[2.5630985764077403, 1.6832410393848654]",0,False,False
170,158.0,3000.0,0.0,-1,-1,0,"[False False False False False False False False False False False False
 False False False False False False False False False  True False False
 False False False False False False False False False False False False
 False False False False  True False False False False False False False
 False False False False False False False False False False False False
 False False False False False False False]","[ True False False False False False False False  True False False False
 False  True False False  True  True False False  True  True False False
 False False  True False False False  True False False False False  True
 False False False False False  True False False False False False False
 False False False False False False False False False False False False
 False False False False False False False]","[0.4, 0.6, 0.0]","[2.5630985764077403, 1.6832410393848654]",0,False,False
171,159.0,3000.0,0.0,-1,1,0,"[ True  True False False False False False False False False False False
 False False False False False False False False False False False False
 False False False False False False False False False False False False
 False False False False False False False False False False False False
 False False False False False False False False False False False False
 False False False False False False False]","[False False False False False False False False False False False False
 False False False False False False False False False False False False
 False False False False False False False False False False False False
 False False False False False False False False False False False False
 False False False False False False False False False False False False
 False False False False False False False]","[0.36, 0.64, 0.0]","[2.4412761378064363, 1.7742916679085448]",0,False,False
172,159.0,3000.0,0.0,-1,-1,0,"[False False False False False False False False False False False False
 False False False False False False False False  True  True False False
 False False False False False False False False False False False False
 False False False False False False False False False False False False
 False False False False False False False False False False False False
 False False False False False False False]","[False False False  True False False False  True  True False False  True
  True False False False  True False False False False  True False False
 False False False False False False  True False False False  True False
 False False False False False False False False False  True False False
 False False False False False False False False False False False False
 False False False False False False False]","[0.4, 0.6, 0.0]","[1.6832403249694212, 1.6832410393848654]",0,False,False
173,160.0,750.0,0.0,1,-1,0,"[False  True False False False False False False False False False False
 False False False False False False False False False False False False
 False False False False False False False False False False False False
 False False False False False False False False False False False False
 False False False False False False False False False False False False
 False False False False False False False]","[False False False False False False False False False False False False
 False False  True False False False  True False False False False False
 False False False False False False False False False False False False
 False False False False False False False False False False False False
 False False False False False False False False False False False False
 False False False False False False False]","[0.4, 0.6, 0.0]","[1.6832403249694212, 1.6832410393848654]",0,False,False
174,161.0,1500.0,0.0,1,1,0,"[False  True  True False False False  True  True False False  True  True
 False False False  True False False False  True False False False  True
 False False False  True  True False False False False False  True False
 False  True  True False False False False False  True False False False
 False  True False False False  True False False False False False False
 False False False False False False False]","[False False False False False False False False False False False False
 False False  True  True False False False False False False False False
 False False False False False False False False False False  True False
 False False False False False False False False  True False False False
 False False False False False False False False False False False False
 False False False False False False False]","[0.4, 0.6, 0.0]","[1.6832403249694212, 1.6832410393848654]",0,False,False
175,162.0,3000.0,0.0,-1,1,0,"[ True False False False  True  True False False False False False False
 False False False False False False False False False False False False
 False False False False False False False False False False False False
 False False False False False False False False False False False False
 False False False False False False False False False False False False
 False False False False False False False]","[False False False False False False False False False False False False
 False False False False False False False False False False False False
 False False False False False False False False False False False False
 False False False False False False False False False False False False
 False False False False False False False False False False False False
 False False False False False False False]","[0.44, 0.56, 0.0]","[1.8169135474117328, 1.583275816739861]",0,False,False
176,163.0,3000.0,0.0,-1,-1,0,"[False False False False False False False False False False False False
 False False False False False False  True False False False False False
 False False False  True False False False False False False False False
 False False False False False False False False False False False False
 False False False False False False False False False False False False
 False False False False False False False]","[False  True False False False  True  True False False False  True False
 False  True  True False False False  True False False False  True  True
 False False False  True False False False False  True  True False False
 False False False False False False False  True  True False False False
 False False False False False False False False False False False False
 False False False False False False False]","[0.48, 0.52, 0.0]","[1.348978189813191, 1.472630473950306]",0,False,False
177,164.0,750.0,0.0,1,1,0,"[False False False  True  True False False  True  True False False  True
  True False False False  True False False False  True  True False False
 False  True False False False False False  True False False False False
 False False False False False False  True False False  True  True False
 False False  True  True False False False False False False False False
 False False False False False False False]","[False False False False False False False False False False False False
 False False False False False False False False False False False False
 False False False False False False False False False False False False
 False False False False False False False False False False False False
 False False False False False False False False False False False False
 False False False False False False False]","[0.44, 0.56, 0.0]","[1.2091694501633, 1.583275816739861]",0,False,False
178,165.0,6000.0,0.0,-1,-1,0,"[False  True False False False False False False False False False False
 False False False False False False False False False False False False
 False False False False False False False False False False False False
 False False False False False False False False False False False False
 False False False False False False False False False False False False
 False  True False False False False False]","[False False False False False False False False False False False False
 False False False False False False False False False False  True False
 False False False False False False False False False False False False
 False False False False False False False False  True False False False
  True False False False  True  True False False  True  True False False
 False  True  True False False False  True]","[0.44, 0.56, 0.0]","[1.2091694501633, 1.583275816739861]",0,False,False
179,166.0,1500.0,0.0,1,1,0,"[ True False False False  True False False False  True  True False False
  True  True False False  True  True False False False  True False False
 False  True  True False False False  True False False False False False
  True False False False False  True False False False  True  True False
 False False False False  True False False False False  True False False
 False False False False False False False]","[False False False False False False False False False False False False
 False False False False False False False False False False False False
 False False False False False False False False False False False False
 False False False False False False False False False False False False
 False False False False False False False False False False False False
 False False False False False False False]","[0.44, 0.56, 0.0]","[1.2091694501633, 1.583275816739861]",0,False,False
180,167.0,1500.0,0.0,1,1,0,"[False False  True False False  True  True False False  True False False
 False False  True False False False  True  True False False  True  True
 False False False  True False False False  True  True False False  True
  True False False False False False  True False False False  True  True
 False False False False False False False False False False False False
 False False False False False False False]","[False False False False False False False False False False False False
 False False False False False False False False False False False False
 False False False  True False False False False False False False False
 False False False False False False  True False False False False False
 False False False False False False False False False False False False
 False False False False False False False]","[0.48, 0.52, 0.0]","[1.348978189813191, 1.472630473950306]",0,False,False
181,168.0,750.0,0.0,1,1,0,"[False  True False False False  True False False False  True  True False
 False False  True False False False  True False False False False  True
 False False False  True False False False False False False False False
 False False  True False False False  True False False False False False
 False False False False False False  True False False False False False
 False False False False False False False]","[False False False False False False False False False False False False
 False False False False False False  True False False False False False
 False False False False False False False False False False False False
 False False False False False False False False False False False False
 False False False False False False False False False False False False
 False False False False False False False]","[0.52, 0.48, 0.0]","[1.472630473950306, 1.348978189813191]",0,False,False
182,169.0,750.0,0.0,1,-1,0,"[ True False False False False False False False False False False False
 False False False False False False False False False False False False
 False False False False False False False False False False False False
 False False False False False False False False False False False False
 False False False False False False False False False False False False
 False False False False False False False]","[ True False False  True  True False False False False False False False
 False False False False False False False False False False False False
 False False False False False False False False False False False False
 False False False False False False False False False False False False
 False False False False False False False False False False False False
 False False False False False False False]","[0.52, 0.48, 0.0]","[1.472630473950306, 1.348978189813191]",0,False,False
183,170.0,1500.0,0.0,1,1,0,"[False False  True  True False False False  True False False  True  True
  True False False  True  True False False  True  True False False  True
  True False False False  True  True False False False False False  True
 False False False  True False False False False False  True False False
 False False  True False False False False  True False False False False
 False False False False False False False]","[False False False False False False False False False False False False
 False False False False False False False  True  True False False False
 False False False False False False False False False False False False
 False False False False False False False False False False False False
 False False False False False False False False False False False False
 False False False False False False False]","[0.52, 0.48, 0.0]","[1.472630473950306, 0.8614538349250738]",0,False,False
184,171.0,3000.0,0.0,-1,-1,0,"[False False False False False False False False False False False False
 False False False False False False False False False False False False
 False False False False False False False False False False False False
 False False False False False False False False False False False False
 False False False False False False False False False False False False
 False False False False False False False]","[False False  True  True False False False  True  True False False  True
  True False False False  True False False False  True False False False
 False  True False False False False False False False False False False
 False False False  True  True False False False False False False False
 False False  True False False False False False False False False False
 False False False False False False False]","[0.52, 0.48, 0.0]","[1.472630473950306, 0.8614538349250738]",0,False,False
185,172.0,6000.0,0.0,-1,1,0,"[False False False  True False False False  True  True False False False
 False False False False False False False False False False False False
 False False False False False False False False False False False False
 False False False False False False False False False False False False
 False False False False False False False False False False False False
 False False False False False False False]","[False False False False False False False False False False False False
 False False False False False False False False False False False False
 False False False False False False False False False False False False
 False False False False False False False False False False False False
 False False False False False False False False False False False False
 False False False False False False False]","[0.52, 0.48, 0.0]","[1.472630473950306, 0.8614538349250738]",0,False,False
186,172.0,6000.0,0.0,-1,1,0,"[ True False False False  True False False False False False False False
 False False False False False False False False False False False False
 False False False False False False False False False False False False
 False False False False False False False False False False False False
 False False False False False False False False False False False False
 False False False False False False False]","[False False False False False False False False False False False False
 False False False False False False False False False False False False
 False False False False False False False False False False False False
 False False False False False False False False False False False False
 False False False False False False False False False False False False
 False False False False False False False]","[0.52, 0.48, 0.0]","[1.0048036057610192, 0.8614538349250738]",0,False,False
187,173.0,6000.0,0.0,-1,-1,0,"[False False False False False False False False False False False False
 False False False False False False False False False False False False
  True False False False False False False False False False False False
 False False False False False False False False False False False False
 False False False False False False False False False False False False
 False False False False False False False]","[False False  True False False False False False False False False  True
  True False False  True  True False False  True  True False False  True
  True False False False  True False False False False  True False False
 False  True False False False False  True  True False False False False
 False False False False False False False False False False False False
 False False False False False False False]","[0.56, 0.44, 0.0]","[0.7322121668315051, 0.6975107308138484]",0,False,False
188,174.0,3000.0,0.0,-1,-1,0,"[False False False False False  True False False False False False False
 False False False False False False False False False False False False
 False False  True False False False False False False False False False
 False False False False False False False False False False False False
 False False False False False False False False False False False False
 False False False False False False False]","[False False False False False False False False False False False False
 False  True False False False  True False False False False  True False
 False False  True False False False  True  True False False  True  True
 False False False False False False False False  True  True False False
 False False False False False False False  True False False False False
  True False False False False False False]","[0.52, 0.48, 0.0]","[0.5867619998972957, 0.8614538349250738]",0,False,False
189,175.0,6000.0,0.0,-1,-1,0,"[False False False False False False False False False False False False
 False  True False False False False False False False False False False
 False False  True False False False False False False False False False
 False False False False False False False False False False False False
 False False False False False False False False False False False False
 False False False False False False False]","[ True False False  True False False False False  True  True False False
 False  True False False False  True False False False  True False False
 False  True  True False False False False False False False False False
  True False False False  True  True False False False False False  True
 False False False False False False False False False False False False
 False False False False False False False]","[0.52, 0.48, 0.0]","[0.5867619998972957, 1.348978189813191]",0,False,False
190,176.0,750.0,0.0,1,-1,0,"[False False False False False False False False False False False False
 False False False False False False False False False False False False
 False False False False False False False False False False False False
 False False False False False False False False False False False False
 False False False False False False False False False False False False
 False False False False False False False]","[False False False False False False False  True False False False False
  True False False False False False False False False False False False
 False False False False False False False False False False False False
 False False False False False False False False False False False False
 False False False False False False False False False False False False
 False False False False False False False]","[0.48, 0.52, 0.0]","[0.8614538349250738, 1.472630473950306]",0,False,False
191,177.0,1500.0,0.0,1,1,0,"[ True False False False False  True False False False  True  True False
 False  True  True False False False False False False False  True False
 False False  True  True False False  True  True False False False False
 False  True False False  True  True False False False  True  True False
 False False False False False False False False False False False False
 False False False False False False False]","[False False False False False False False False False False False False
 False False False False False False False False False False False False
 False False False False False False False False False False False False
 False False False False False False False False False False False False
 False False False False False False False False False False False False
 False False False False False False False]","[0.48, 0.52, 0.0]","[0.8614538349250738, 1.0048036057610192]",0,False,False
192,178.0,6000.0,0.0,-1,-1,0,"[False False False False False False False False False False False False
 False False False False  True False False False False False False False
 False False False False False False False False False False False False
 False False False False False False False False False False False False
 False False False False False False False False False False False False
 False False False False False False False]","[False False  True  True False False False False  True False False  True
  True False False False  True False False False False False False False
 False  True False False  True  True False False False False False False
 False False False  True False False False False False False False False
 False False  True False False False False False False False False False
 False False False False False False False]","[0.48, 0.52, 0.0]","[0.8614538349250738, 1.0048036057610192]",0,False,False
193,179.0,3000.0,0.0,-1,-1,0,"[False False False False False False False False False False False False
 False False False False False False False False False False False False
 False False False False False False False False  True False False False
 False False False False False False False False False False False False
 False False False False False False False False False False False False
 False False False False False False False]","[ True  True False False  True  True False False False  True False False
 False False False False False  True  True False False False  True False
 False False False False  True False False False False False False False
 False  True False False False  True  True False False False False False
 False False False False False False False False False False False False
 False False False False False False False]","[0.48, 0.52, 0.0]","[0.8614538349250738, 1.472630473950306]",0,False,False
194,180.0,3000.0,0.0,-1,-1,0,"[False False False False False False False False False False False False
 False False False False False False False False False False False False
 False False False False False False False False False False False False
 False False False False False False False False False False False False
 False False False False False False  True False False False False False
 False False False False False False False]","[False False False False False False False False False False False False
 False False False False False False False False  True False False False
 False False False False False False False False False False False False
 False False False False False  True False False False False  True False
 False False  True False False False False  True False False False  True
 False False False  True False False False]","[0.48, 0.52, 0.0]","[0.8614538349250738, 1.472630473950306]",0,False,False
195,181.0,3000.0,0.0,-1,1,0,"[False False False  True  True False False False False False False False
 False False False False False False False False False False False False
 False False False False False False False False False False False False
 False False False False False False False False False False False False
 False False False False False False False False False False False False
 False False False False False False False]","[False False False False False False False False False False False False
 False False False False False False False False False False False False
 False False False False False False False False False False False False
 False False False False False False False False False False False False
 False False False False False False False False False False False False
 False False False False False False False]","[0.44, 0.56, 0.0]","[0.6975107308138484, 1.583275816739861]",0,False,False
196,182.0,6000.0,0.0,-1,-1,0,"[False False False False False False False False False  True False False
 False False  True False False False False False False False False False
 False False False False False False False False False False False False
 False False False False False False False False False False False False
 False False False False False False False False False False False False
 False False False False False False False]","[ True  True False False False  True  True False False  True  True False
 False  True  True False False False  True False False False  True  True
 False False False False False False False False False False False False
 False False False False False False  True False False False False False
  True False False False False False False False False False False False
 False False False False False False False]","[0.48, 0.52, 0.0]","[0.42085643268640105, 1.472630473950306]",0,False,False
197,183.0,6000.0,0.0,-1,-1,0,"[False False False  True False False False False False False False False
 False False False False False False False False False False False False
 False False False False False False False False False False False False
 False False False False False False False False False False False False
  True False False False False False False False False False False False
 False False False False False False False]","[False False False False False False False False False False False False
 False False False False  True  True False False False  True False False
  True  True False False False False  True False False False False False
 False  True  True False False False False False False False False  True
 False False False False  True False False False False  True False False
 False False False False  True False False]","[0.44, 0.56, 0.0]","[0.6975107308138484, 1.583275816739861]",0,False,False
198,184.0,3000.0,0.0,-1,-1,0,"[False False False False False False False False False False False False
 False False False False False False False False False False False False
 False False False False False False False False False False False  True
 False False False  True  True False False False False False False False
 False False False False False False False False False False False False
 False False False False False False False]","[ True False False  True  True False False False  True False False False
  True False False False False  True False False False  True False False
  True  True False False False False False False False False False False
 False False False False  True False False False  True False False False
 False  True False False False False False  True False False False  True
  True False False False  True False False]","[0.44, 0.56, 0.0]","[0.6975107308138484, 1.583275816739861]",0,False,False
199,185.0,750.0,0.0,1,1,0,"[False  True False False  True  True False False False  True  True False
 False  True  True False False  True  True False False  True  True False
 False False  True  True False False  True  True False False False False
 False  True False False False  True False False False  True  True False
 False False False False  True  True False False False  True False False
 False False False False False False False]","[False False False False False False False False False False False False
 False False False False False False False False False False False False
 False False False False False False False False False False False False
 False False False False False False False False False False False False
 False False False False False False False False False False False False
 False False False False False False False]","[0.44, 0.56, 0.0]","[0.6975107308138484, 2.135138788617833]",0,False,False
200,186.0,6000.0,0.0,-1,-1,0,"[False False False False False False False False False False False False
 False False False False False False False False False False False False
 False False False False False False False  True False False False False
 False False False False False False False False False False False False
 False False False False False False False False False False False False
 False False False False False False False]","[ True False False False False False False False False False False False
 False False False False False False  True False False False  True False
 False False False  True False False False  True False False False False
  True False False False  True False False False  True  True False False
 False False False False False False  True False False False False False
  True False False False False False False]","[0.44, 0.56, 0.0]","[0.6975107308138484, 2.135138788617833]",0,False,False
201,187.0,750.0,0.0,1,1,0,"[ True  True False False  True  True False False False  True False False
 False  True  True False False  True  True False False False  True False
 False False  True False False False False False  True  True False False
  True  True False False  True  True False False False False False False
  True False False False False  True False False False False False False
 False False False False False False False]","[False False False False False False False False False False False False
 False False False False False False False False False False False False
 False False False False False False False False False False False False
 False False False False False False False False False False False False
 False False False False False False False False False False False False
 False False False False False False False]","[0.4, 0.6, 0.0]","[1.04879987536743, 2.2215409645048307]",0,False,False
202,188.0,750.0,0.0,1,1,0,"[False False  True False False False False False False False  True  True
 False False False  True False False  True  True False False False  True
 False False False  True  True False False False  True False False False
 False False False  True False False  True  True False False False False
  True False False False False False  True  True False False False False
 False False False False False False False]","[False False False False False False False False False False False False
 False False False False False False False False False False False False
 False False False False False False False False False False False False
 False False False False False False False False False False False False
 False False False False False False False False False False False False
 False False False False False False False]","[0.44, 0.56, 0.0]","[1.2091694501633, 2.135138788617833]",0,False,False
203,189.0,1500.0,0.0,1,-1,0,"[False False False False False False False False False False False False
 False False False False False False False False False False False False
 False False False False False False False False False False False False
 False False False False False False False False False False False False
 False False False False False False False False False False False False
 False False False False False False False]","[False False False False False  True False False False  True False False
 False False False False False False False False False False False False
 False False False False False False False False False False False False
 False False False False False False False False False False False False
 False False False False False False False False False False False False
 False False False False False False False]","[0.44, 0.56, 0.0]","[1.2091694501633, 2.135138788617833]",0,False,False
204,190.0,1500.0,0.0,1,-1,0,"[False False False False False False False False False False False False
 False False False False False False False False False False False False
 False False False False False False False False False False False False
 False False False False False False False False False False False False
 False False False False False False False False False False False False
 False False False False False False False]","[False False False False  True False False False  True  True False False
 False False False False False False False False False False False False
 False False False False False False False False False False False False
 False False False False False False False False False False False False
 False False False False False False False False False False False False
 False False False False False False False]","[0.44, 0.56, 0.0]","[1.2091694501633, 1.583275816739861]",0,False,False
205,191.0,1500.0,0.0,1,1,0,"[ True  True False False False  True  True False False  True  True False
 False  True  True False False False  True False False False False  True
 False False  True  True False False False  True False False False False
 False  True False False False  True  True False False  True  True False
 False False False False False False  True False False False False  True
 False False False False False False False]","[False False False False False False False False False False False False
 False False  True False False False False False False False False False
 False False False False False False False False False False False False
 False False False False False False False False False False False False
 False False False False False False False False False False False False
 False False False False False False False]","[0.4, 0.6, 0.0]","[1.04879987536743, 1.2458505001420814]",0,False,False
206,192.0,750.0,0.0,1,1,0,"[ True  True False False  True  True False False False  True  True False
 False False  True False False  True  True False False False  True  True
 False False False False False  True False False False  True False False
 False  True  True False False False False  True False False False False
 False False False False False False False False False False False False
 False False False False False False False]","[False False False False False False False False False False False False
 False False False False False False False False False False False False
 False False False False False False False False False False False False
 False False False False False False False False False False False False
 False False False False False False False False False False False False
 False False False False False False False]","[0.4, 0.6, 0.0]","[1.04879987536743, 1.2458505001420814]",0,False,False
207,193.0,6000.0,0.0,-1,-1,0,"[False False False False False False False False False False False False
 False False False False False False False False False False False False
 False False False False False False False False False False False False
 False False False False False False False False False False False False
 False False False False False False False False False False False False
 False False False False False  True False]","[False False False False False False False False False False False  True
 False False False False False False False False False False False False
 False False False False False False False False  True False False False
 False  True False False False  True  True False False  True  True False
 False False False False False False  True  True False False False False
 False False False False False  True False]","[0.4, 0.6, 0.0]","[1.04879987536743, 1.2458505001420814]",0,False,False
208,194.0,750.0,0.0,1,1,0,"[ True  True False False  True  True False False  True  True False False
 False  True  True False False False  True False False False  True False
 False False False  True False False False False  True  True False False
 False  True False False False False False False False False False False
 False False False False False False False False False False False False
 False False False False False False False]","[False False False False False False False False False False False False
 False False False False False False False False False False False False
 False False False False False False False False False False False False
 False False False False False False False False False False False False
 False False False False False False False False False False False False
 False False False False False False False]","[0.4, 0.6, 0.0]","[1.04879987536743, 1.6832410393848654]",0,False,False
209,195.0,6000.0,0.0,-1,-1,0,"[False False False False False False False False False False False False
 False False False False False False False False False False False False
 False False False False False False False False False False False False
 False False False False False False False False False False False False
 False False False False False False False False False False False False
 False False False False False False False]","[False False  True False False  True False False False  True  True False
 False False  True  True False False False False False False False  True
 False False False  True False False False False False False False False
 False False False False False False  True False False False False  True
 False False False False False False False False False False False False
 False False False False False False False]","[0.4, 0.6, 0.0]","[1.04879987536743, 1.6832410393848654]",0,False,False
210,196.0,3000.0,0.0,-1,-1,0,"[False False False False False False False False False False False False
 False False False False False False False False False False False False
 False False False False False False False False False False False False
 False False False  True False False False False False False False False
 False False False False False False False False False False False False
 False False False False False False False]","[False False False  True  True False False False  True False False False
 False False False False False  True False False False  True False False
 False  True False False  True  True False False False False False False
 False False False False False False False False  True False False False
 False False False False False False False False False False False False
 False False False False False False False]","[0.4, 0.6, 0.0]","[1.04879987536743, 1.6832410393848654]",0,False,False
211,197.0,750.0,0.0,1,1,0,"[False  True  True False False  True  True False False  True  True False
 False False  True False False False False False False False False  True
 False False False  True  True False False False False  True  True False
 False False  True False False False False False  True  True False False
 False False False False False False False False False False False False
 False False False False False False False]","[False False False False False False False False False False False False
 False False False False False False False False False False False False
 False False False False False False False False False False False False
 False False False False False False False False False False False False
 False False False False False False False False False False False False
 False False False False False False False]","[0.36, 0.64, 0.0]","[1.5294172755398876, 1.7742916679085448]",0,False,False
212,198.0,1500.0,0.0,1,1,0,"[ True False False  True False False False False  True False False False
 False  True False False  True  True False False False  True False False
 False False False False False False False False False False False  True
  True False False False  True  True False False False False False False
 False False False False False False False False False False False False
 False False False False False False False]","[False False False False False False False False False False False False
 False False False False False False False False False False False False
 False False False False False False False False False False False False
  True False False False False False False False False False False False
 False False False False False False False False False False False False
 False False False False False False False]","[0.36, 0.64, 0.0]","[2.4412761378064363, 1.7742916679085448]",0,False,False
213,199.0,750.0,0.0,1,1,0,"[False  True  True False False False  True  True False False False  True
 False False False  True False False  True  True False False False  True
 False False False False  True False False False False False  True False
 False False  True  True False False False False False  True False False
 False False False False False False False False False False False False
 False False False False False False False]","[False False False False False False False False False False False False
 False False False False False False False False False False False False
 False False False False False False False False False False False False
 False False False False False False False False False False False False
 False False False False False False False False False False False False
 False False False False False False False]","[0.4, 0.6, 0.0]","[2.5630985764077403, 1.6832410393848654]",0,False,False
214,200.0,1500.0,0.0,1,-1,0,"[False  True False False False False False False False False False False
 False False False False False False False False False False False False
 False False False False False False False False False False False False
 False False False False False False False False False False False False
 False False False False False False False False False False False False
 False False False False False False False]","[False False False False False False False False False False  True False
 False False  True False False False False False False False False False
 False False False False False False False False False False False False
 False False False False False False False False False False False False
 False False False False False False False False False False False False
 False False False False False False False]","[0.44, 0.56, 0.0]","[2.670350930522295, 1.583275816739861]",0,False,False
215,200.0,1500.0,0.0,1,1,0,"[False False False False False False  True False False False  True False
 False  True  True False False  True  True False False False  True False
 False  True  True False False False  True False False False  True  True
 False False False  True False False False False False  True False False
 False  True False False False False False False False False False False
 False False False False False False False]","[False False False False False False False False False False False False
 False False False False False False False False False False False False
 False False False False False False  True False False False False False
 False False False False False False False False False False False False
 False False False False False False False False False False False False
 False False False False False False False]","[0.44, 0.56, 0.0]","[2.670350930522295, 1.1318967437115721]",0,False,False
216,201.0,1500.0,0.0,1,1,0,"[False  True  True False False  True  True False False  True  True False
 False False  True False False False  True False False False  True  True
 False False  True  True False False False False  True  True False False
  True  True False False False  True  True False False False False False
 False False False False False False False False False False False False
 False False False False False False False]","[False False False False False False False False False False False False
 False False False False False False False False False False False False
 False False False False False False False False False False False False
 False False False False False False False False False False False False
 False False False False False False False False False False False False
 False False False False False False False]","[0.48, 0.52, 0.0]","[2.765983730024195, 1.472630473950306]",0,False,False
217,202.0,1500.0,0.0,1,1,0,"[False False False  True False False  True  True False False False False
 False False False  True False False False  True  True False False False
 False False False  True  True False False False  True False False False
 False  True False False False False  True  True False False  True  True
 False False False  True False False False False False False False False
 False False False False False False False]","[False False False False False False False False False False False False
 False False False False False False False False False False False False
 False False False False False False False False False False False False
 False False False False False False False False False False False False
 False False False False False False False False False False False False
 False False False False False False False]","[0.48, 0.52, 0.0]","[2.765983730024195, 1.472630473950306]",0,False,False
218,203.0,3000.0,0.0,-1,-1,0,"[False False False False False False False False False False False False
 False False False False False False False False False False False False
 False False False False False False False False False False False False
 False False False False False False False False False False False False
 False False False False False False False False False False False False
 False False False False False False False]","[False False False False False False False False False False False False
 False False False  True False False  True  True False False  True  True
 False False False  True False False False False False False False  True
 False False False False  True False False False  True False False False
 False  True  True False False  True False False False False False False
 False False False False False False False]","[0.52, 0.48, 0.0]","[2.8521492405688016, 1.348978189813191]",0,False,False
219,204.0,6000.0,0.0,-1,-1,0,"[False False False False False False False False False False False False
 False False False False False False False False False  True False False
 False False False False False False False False False False False False
 False False False False False False False False False False False False
 False False False False False False False False False False False False
 False False False False False False False]","[ True  True False False  True  True False False False  True False False
 False False False False False False  True False False False  True False
 False False False False False False False False False False False  True
 False False False False False False False False False False False False
 False False False False False False False False False False False False
 False False False False False False False]","[0.52, 0.48, 0.0]","[2.8521492405688016, 1.348978189813191]",0,False,False
220,205.0,3000.0,0.0,-1,-1,0,"[False False False False False False False False False False False False
 False False False False False False False False False  True False False
 False  True  True False False False False False False False False False
 False False False False False False False False False False False False
 False False False False False False False False False False False False
 False False False False False False False]","[False False False False  True  True False False  True  True False False
 False  True False False  True  True False False False  True False False
 False False  True False False False False False False False  True False
 False False False False  True False False False False False False False
 False False False False False False False False False False False False
 False False False False False False False]","[0.52, 0.48, 0.0]","[2.8521492405688016, 1.348978189813191]",0,False,False
221,206.0,3000.0,0.0,-1,-1,0,"[False False False False False False False False False False False False
 False False False  True False False False False False False False False
 False False False False False False False False False False False False
 False False False False False False False False False False False False
 False False  True False False False False False False False False False
 False False False False False False False]","[False False False False False False False False False False False False
 False False  True False False False  True False False False False  True
 False False False  True False False False  True  True False False False
  True False False False False False False False False False  True False
 False False  True False False False False  True False False False False
 False False False False False False False]","[0.48, 0.52, 0.0]","[nan, 1.472630473950306]",0,False,False
222,207.0,6000.0,0.0,-1,1,0,"[False False False False  True False False False False  True False False
 False False False False False False False False False False False False
 False False False False False False False False False False False False
 False False False False False False False False False False False False
 False False False False False False False False False False False False
 False False False False False False False]","[False False False False False False False False False False False False
 False False False False False False False False False False False False
 False False False False False False False False False False False False
 False False False False False False False False False False False False
 False False False False False False False False False False False False
 False False False False False False False]","[0.48, 0.52, 0.0]","[nan, 1.472630473950306]",0,False,False
223,208.0,750.0,0.0,1,1,0,"[False False  True False False False  True False False False  True False
 False False  True False False  True  True False False False False False
 False False  True False False False  True  True False False False  True
 False False False False False  True False False False False False False
 False False False False False False False False False False False False
 False False False False False False False]","[False False False False False False False False False False False False
 False False False False False False False False False False False False
 False False False False False False False False False False False False
 False False False False False False False False False False False False
 False False False False False False False False False False False False
 False False False False False False False]","[0.52, 0.48, 0.0]","[2.8521492405688016, 1.348978189813191]",0,False,False
224,209.0,750.0,0.0,1,1,0,"[False False False  True  True False False  True  True False False  True
  True False False False  True False False False  True False False False
  True False False False False False False False False  True False False
 False False False  True False False False  True  True False False False
 False False False False False False False False False False False False
 False False False False False False False]","[False False False False False False False False False False False False
 False False False False False False False False False False False False
 False False False False False False False False False False False False
 False False False False False False False False False False False False
 False False False False False False False False False False False False
 False False False False False False False]","[0.56, 0.44, 0.0]","[2.9304631030763524, 1.2091694501633]",0,False,False
225,210.0,6000.0,0.0,-1,-1,0,"[False False False False False False False False False False False False
 False False False False False False False False False False False False
 False False False False False False False False False False False False
 False False False False False False False False False False False False
 False False False False False False False False False False False False
 False False False False False False False]","[False False False False False False False False False False False  True
 False False False False False False False False False False False False
 False False False False False False False False False False False False
 False False False  True False False False  True False False False False
  True False False False  True False False False False False False False
 False False False False False  True False]","[0.56, 0.44, 0.0]","[2.9304631030763524, 1.2091694501633]",0,False,False
226,211.0,750.0,0.0,1,-1,0,"[False False False False False False False False False False False False
 False False False False False False False False False False False False
 False False False False False False False False False False False False
 False False False False False False False False False False False False
 False False False False False False False False False False False False
 False False False False False False False]","[False False False False False False  True False False False False False
 False False False  True False False False False False False False False
 False False False False False False False False False False False False
 False False False False False False False False False False False False
 False False False False False False False False False False False False
 False False False False False False False]","[0.56, 0.44, 0.0]","[2.9304631030763524, 1.2091694501633]",0,False,False
227,212.0,3000.0,0.0,-1,1,0,"[False False False False  True False False False  True False False False
 False False False False False False False False False False False False
 False False False False False False False False False False False False
 False False False False False False False False False False False False
 False False False False False False False False False False False False
 False False False False False False False]","[False False False False False False False False False False False False
 False False False False False False False False False False False False
 False False False False False False False False False False False False
 False False False False False False False False False False False False
 False False False False False False False False False False False False
 False False False False False False False]","[0.52, 0.48, 0.0]","[2.8521492405688016, 0.8614538349250738]",0,False,False
228,213.0,3000.0,0.0,-1,-1,0,"[False False False False False False False False False False False False
 False False False False False False False False False False False False
 False False False False False False False False False False False False
 False False False False False False False False False False False False
 False False False False False False False False False False False False
 False False False False False False False]","[False False False False False False False False False False False False
 False False False False False False False False False False  True  True
 False False False  True  True False False  True  True False False False
  True False False False  True False False False  True False False False
  True False False False  True False False False  True False False False
 False False False  True False False False]","[0.52, 0.48, 0.0]","[2.0401502213058973, 0.8614538349250738]",0,False,False
229,214.0,1500.0,0.0,1,0,0,"[False False False False False False False False False False False False
 False False False False False False False False False False False False
 False False False False False False False False False False False False
 False False False False False False False False False False False False
 False False False False False False False False False False False False
 False False False False False False False]","[False False False False False False False False False False False False
 False False False False False False False False False False False False
 False False False False False False False False False False False False
 False False False False False False False False False False False False
 False False False False False False False False False False False False
 False False False False False False False]","[0.52, 0.48, 0.0]","[2.0401502213058973, 1.348978189813191]",0,False,False
230,215.0,1500.0,0.0,1,1,0,"[False False False False False  True False False False False  True False
 False  True False False False  True  True False False False  True False
 False  True  True False False  True  True False False False  True False
 False False  True False False False False  True False False False False
 False  True False False False  True False False False  True False False
 False False False False False False False]","[False False False False False False False False False False False False
 False False False False False False False False False False False False
 False False False False False False False False False False False False
 False False False False False False False False False False False False
 False False False False False False False False False False False False
 False False False False False False False]","[0.52, 0.44, 0.04]","[2.0401502213058973, 1.8169135474117328]",0,False,False
231,216.0,3000.0,0.0,-1,0,0,"[False False False False False False False False False False False False
 False False False False False False False False False False False False
 False False False False False False False False False False False False
 False False False False False False False False False False False False
 False False False False False False False False False False False False
 False False False False False False False]","[False False False False False False False False False False False False
 False False False False False False False False False False False False
 False False False False False False False False False False False False
 False False False False False False False False False False False False
 False False False False False False False False False False False False
 False False False False False False False]","[0.52, 0.44, 0.04]","[2.0401502213058973, 1.8169135474117328]",0,False,False
232,217.0,6000.0,0.0,-1,1,0,"[False False False False False False  True False False False  True False
 False False False False False False False False False False False False
 False False False False False False False False False False False False
 False False False False False False False False False False False False
 False False False False False False False False False False False False
 False False False False False False False]","[False False False False False False False False False False False False
 False False False False False False False False False False False False
 False False False False False False False False False False False False
 False False False False False False False False False False False False
 False False False False False False False False False False False False
 False False False False False False False]","[0.48, 0.44, 0.08]","[1.9348409100817299, 1.8169135474117328]",0,False,False
233,218.0,1500.0,0.0,1,0,0,"[False False False False False False False False False False False False
 False False False False False False False False False False False False
 False False False False False False False False False False False False
 False False False False False False False False False False False False
 False False False False False False False False False False False False
 False False False False False False False]","[False False False False False False False False False False False False
 False False False False False False False False False False False False
 False False False False False False False False False False False False
 False False False False False False False False False False False False
 False False False False False False False False False False False False
 False False False False False False False]","[0.52, 0.4, 0.08]","[1.472630473950306, 1.6832403249694212]",0,False,False
